ISO-10303-21;
HEADER;
FILE_DESCRIPTION((''),'2;1');
FILE_NAME('132372_SW0002','2020-05-08T',('karthik'),(''),
'CREO PARAMETRIC BY PTC INC, 2018360','CREO PARAMETRIC BY PTC INC, 2018360','');
FILE_SCHEMA(('CONFIG_CONTROL_DESIGN'));
ENDSEC;
DATA;
#1=DIRECTION('',(0.E0,0.E0,-1.E0));
#2=VECTOR('',#1,6.561413958105E0);
#3=CARTESIAN_POINT('',(1.28E1,3.435034456537E0,3.280706979052E0));
#4=LINE('',#3,#2);
#5=DIRECTION('',(0.E0,0.E0,-1.E0));
#6=VECTOR('',#5,1.283962399513E0);
#7=CARTESIAN_POINT('',(1.28E1,-3.9E-1,-3.45E0));
#8=LINE('',#7,#6);
#9=DIRECTION('',(0.E0,1.E0,0.E0));
#10=VECTOR('',#9,2.874965543463E0);
#11=CARTESIAN_POINT('',(1.28E1,-3.264965543463E0,-3.45E0));
#12=LINE('',#11,#10);
#13=DIRECTION('',(0.E0,0.E0,1.E0));
#14=VECTOR('',#13,6.9E0);
#15=CARTESIAN_POINT('',(1.28E1,-3.264965543463E0,-3.45E0));
#16=LINE('',#15,#14);
#17=DIRECTION('',(0.E0,-1.E0,0.E0));
#18=VECTOR('',#17,2.874965543463E0);
#19=CARTESIAN_POINT('',(1.28E1,-3.9E-1,3.45E0));
#20=LINE('',#19,#18);
#21=DIRECTION('',(0.E0,0.E0,-1.E0));
#22=VECTOR('',#21,1.283962399513E0);
#23=CARTESIAN_POINT('',(1.28E1,-3.9E-1,4.733962399513E0));
#24=LINE('',#23,#22);
#25=CARTESIAN_POINT('',(1.28E1,0.E0,0.E0));
#26=DIRECTION('',(1.E0,0.E0,0.E0));
#27=DIRECTION('',(0.E0,1.E0,0.E0));
#28=AXIS2_PLACEMENT_3D('',#25,#26,#27);
#30=CARTESIAN_POINT('',(1.28E1,0.E0,0.E0));
#31=DIRECTION('',(1.E0,0.E0,0.E0));
#32=DIRECTION('',(0.E0,-1.E0,0.E0));
#33=AXIS2_PLACEMENT_3D('',#30,#31,#32);
#35=DIRECTION('',(0.E0,0.E0,-1.E0));
#36=VECTOR('',#35,6.561413958105E0);
#37=CARTESIAN_POINT('',(6.6E0,3.435034456537E0,3.280706979052E0));
#38=LINE('',#37,#36);
#39=DIRECTION('',(0.E0,0.E0,1.E0));
#40=VECTOR('',#39,6.9E0);
#41=CARTESIAN_POINT('',(6.6E0,-3.264965543463E0,-3.45E0));
#42=LINE('',#41,#40);
#43=CARTESIAN_POINT('',(6.6E0,0.E0,0.E0));
#44=DIRECTION('',(-1.E0,0.E0,0.E0));
#45=DIRECTION('',(0.E0,1.E0,0.E0));
#46=AXIS2_PLACEMENT_3D('',#43,#44,#45);
#48=CARTESIAN_POINT('',(6.6E0,0.E0,0.E0));
#49=DIRECTION('',(1.E0,0.E0,0.E0));
#50=DIRECTION('',(0.E0,1.E0,0.E0));
#51=AXIS2_PLACEMENT_3D('',#48,#49,#50);
#53=DIRECTION('',(1.E0,0.E0,0.E0));
#54=VECTOR('',#53,6.2E0);
#55=CARTESIAN_POINT('',(6.6E0,3.435034456537E0,3.280706979052E0));
#56=LINE('',#55,#54);
#57=CARTESIAN_POINT('',(1.28E1,0.E0,0.E0));
#58=DIRECTION('',(1.E0,0.E0,0.E0));
#59=DIRECTION('',(0.E0,7.231651487447E-1,6.906751534847E-1));
#60=AXIS2_PLACEMENT_3D('',#57,#58,#59);
#62=DIRECTION('',(1.E0,0.E0,0.E0));
#63=VECTOR('',#62,6.2E0);
#64=CARTESIAN_POINT('',(6.6E0,-3.9E-1,4.733962399513E0));
#65=LINE('',#64,#63);
#66=CARTESIAN_POINT('',(6.6E0,0.E0,0.E0));
#67=DIRECTION('',(-1.E0,0.E0,0.E0));
#68=DIRECTION('',(0.E0,-8.210526315789E-2,9.966236630553E-1));
#69=AXIS2_PLACEMENT_3D('',#66,#67,#68);
#71=DIRECTION('',(0.E0,0.E0,-1.E0));
#72=VECTOR('',#71,1.283962399513E0);
#73=CARTESIAN_POINT('',(6.6E0,-3.9E-1,4.733962399513E0));
#74=LINE('',#73,#72);
#75=DIRECTION('',(1.E0,0.E0,0.E0));
#76=VECTOR('',#75,6.2E0);
#77=CARTESIAN_POINT('',(6.6E0,-3.264965543463E0,3.45E0));
#78=LINE('',#77,#76);
#79=DIRECTION('',(0.E0,-1.E0,0.E0));
#80=VECTOR('',#79,2.874965543463E0);
#81=CARTESIAN_POINT('',(6.6E0,-3.9E-1,3.45E0));
#82=LINE('',#81,#80);
#83=DIRECTION('',(1.E0,0.E0,0.E0));
#84=VECTOR('',#83,6.2E0);
#85=CARTESIAN_POINT('',(6.6E0,-3.9E-1,3.45E0));
#86=LINE('',#85,#84);
#87=DIRECTION('',(1.E0,0.E0,0.E0));
#88=VECTOR('',#87,6.2E0);
#89=CARTESIAN_POINT('',(6.6E0,-3.264965543463E0,-3.45E0));
#90=LINE('',#89,#88);
#91=DIRECTION('',(0.E0,1.E0,0.E0));
#92=VECTOR('',#91,2.874965543463E0);
#93=CARTESIAN_POINT('',(6.6E0,-3.264965543463E0,-3.45E0));
#94=LINE('',#93,#92);
#95=DIRECTION('',(0.E0,0.E0,-1.E0));
#96=VECTOR('',#95,1.283962399513E0);
#97=CARTESIAN_POINT('',(6.6E0,-3.9E-1,-3.45E0));
#98=LINE('',#97,#96);
#99=DIRECTION('',(1.E0,0.E0,0.E0));
#100=VECTOR('',#99,6.2E0);
#101=CARTESIAN_POINT('',(6.6E0,-3.9E-1,-3.45E0));
#102=LINE('',#101,#100);
#103=DIRECTION('',(1.E0,0.E0,0.E0));
#104=VECTOR('',#103,6.2E0);
#105=CARTESIAN_POINT('',(6.6E0,3.435034456537E0,-3.280706979052E0));
#106=LINE('',#105,#104);
#107=CARTESIAN_POINT('',(6.6E0,0.E0,0.E0));
#108=DIRECTION('',(-1.E0,0.E0,0.E0));
#109=DIRECTION('',(0.E0,7.231651487447E-1,-6.906751534847E-1));
#110=AXIS2_PLACEMENT_3D('',#107,#108,#109);
#112=DIRECTION('',(1.E0,0.E0,0.E0));
#113=VECTOR('',#112,6.2E0);
#114=CARTESIAN_POINT('',(6.6E0,-3.9E-1,-4.733962399513E0));
#115=LINE('',#114,#113);
#116=CARTESIAN_POINT('',(1.28E1,0.E0,0.E0));
#117=DIRECTION('',(1.E0,0.E0,0.E0));
#118=DIRECTION('',(0.E0,-8.210526315789E-2,-9.966236630553E-1));
#119=AXIS2_PLACEMENT_3D('',#116,#117,#118);
#121=DIRECTION('',(1.E0,0.E0,0.E0));
#122=VECTOR('',#121,1.5E0);
#123=CARTESIAN_POINT('',(5.1E0,2.451E0,0.E0));
#124=LINE('',#123,#122);
#125=CARTESIAN_POINT('',(5.1E0,0.E0,0.E0));
#126=DIRECTION('',(-1.E0,0.E0,0.E0));
#127=DIRECTION('',(0.E0,1.E0,0.E0));
#128=AXIS2_PLACEMENT_3D('',#125,#126,#127);
#130=DIRECTION('',(1.E0,0.E0,0.E0));
#131=VECTOR('',#130,1.5E0);
#132=CARTESIAN_POINT('',(5.1E0,-2.451E0,0.E0));
#133=LINE('',#132,#131);
#134=CARTESIAN_POINT('',(5.1E0,0.E0,0.E0));
#135=DIRECTION('',(1.E0,0.E0,0.E0));
#136=DIRECTION('',(0.E0,1.E0,0.E0));
#137=AXIS2_PLACEMENT_3D('',#134,#135,#136);
#139=CARTESIAN_POINT('',(4.8205E0,-2.294977555968E0,1.479428358389E0));
#140=CARTESIAN_POINT('',(4.806791754368E0,-2.230167574697E0,1.605266028095E0));
#141=CARTESIAN_POINT('',(4.779423130764E0,-2.080102643078E0,1.848236645491E0));
#142=CARTESIAN_POINT('',(4.738514556011E0,-1.798109374901E0,2.177021416735E0));
#143=CARTESIAN_POINT('',(4.697748068887E0,-1.465111685996E0,2.461385443124E0));
#144=CARTESIAN_POINT('',(4.657122129588E0,-1.088324218420E0,2.693582676135E0));
#145=CARTESIAN_POINT('',(4.616632251438E0,-6.760753814015E-1,2.867078704920E0));
#146=CARTESIAN_POINT('',(4.576274471436E0,-2.376327088535E-1,2.976680984994E0));
#147=CARTESIAN_POINT('',(4.536046899117E0,2.169936559150E-1,3.018669229191E0));
#148=CARTESIAN_POINT('',(4.495949203422E0,6.772911150248E-1,2.990906818388E0));
#149=CARTESIAN_POINT('',(4.469302172435E0,9.807891579686E-1,2.925564209E0));
#150=CARTESIAN_POINT('',(4.456E0,1.129907442823E0,2.881377130931E0));
#152=CARTESIAN_POINT('',(4.8205E0,0.E0,0.E0));
#153=DIRECTION('',(1.E0,0.E0,0.E0));
#154=DIRECTION('',(0.E0,6.823819641241E-1,7.309957968677E-1));
#155=AXIS2_PLACEMENT_3D('',#152,#153,#154);
#157=CARTESIAN_POINT('',(4.762139288350E0,2.788860711650E0,0.E0));
#158=CARTESIAN_POINT('',(4.765373660752E0,2.785626339248E0,1.267049679969E-1));
#159=CARTESIAN_POINT('',(4.771844792584E0,2.761858540086E0,3.793239669857E-1));
#160=CARTESIAN_POINT('',(4.781558366978E0,2.675221892358E0,7.488497229010E-1));
#161=CARTESIAN_POINT('',(4.791279671330E0,2.539445551735E0,1.102179603868E0));
#162=CARTESIAN_POINT('',(4.801009559918E0,2.357265710165E0,1.432837415441E0));
#163=CARTESIAN_POINT('',(4.810748514865E0,2.132273698793E0,1.734770003626E0));
#164=CARTESIAN_POINT('',(4.817248367397E0,1.956629317901E0,1.913257342360E0));
#165=CARTESIAN_POINT('',(4.8205E0,1.863243953041E0,1.995984023347E0));
#167=CARTESIAN_POINT('',(4.456E0,-1.239703848224E0,2.835870125499E0));
#168=CARTESIAN_POINT('',(4.459425971536E0,-1.374804619520E0,2.773071647396E0));
#169=CARTESIAN_POINT('',(4.466280468711E0,-1.635569186870E0,2.628088476452E0));
#170=CARTESIAN_POINT('',(4.476569878015E0,-1.990390988050E0,2.357235777522E0));
#171=CARTESIAN_POINT('',(4.486866947147E0,-2.301650756303E0,2.038889806361E0));
#172=CARTESIAN_POINT('',(4.497172406404E0,-2.563061279533E0,1.679882266566E0));
#173=CARTESIAN_POINT('',(4.507486599862E0,-2.769373826210E0,1.287881569792E0));
#174=CARTESIAN_POINT('',(4.517810025269E0,-2.916503811401E0,8.712190115103E-1));
#175=CARTESIAN_POINT('',(4.528143085672E0,-3.001606210941E0,4.387235587531E-1));
#176=CARTESIAN_POINT('',(4.535038067273E0,-3.015961932727E0,1.459512936318E-1));
#177=CARTESIAN_POINT('',(4.538487139129E0,-3.012512860871E0,0.E0));
#179=CARTESIAN_POINT('',(4.056993055554E0,-2.188495487772E0,-2.188495487772E0));
#180=CARTESIAN_POINT('',(4.062535703934E0,-2.080473631443E0,-2.296517344102E0));
#181=CARTESIAN_POINT('',(4.073620497257E0,-1.848415919544E0,-2.496525157247E0));
#182=CARTESIAN_POINT('',(4.090245930458E0,-1.459920101342E0,-2.741879006743E0));
#183=CARTESIAN_POINT('',(4.106870346307E0,-1.039508660316E0,-2.927231225870E0));
#184=CARTESIAN_POINT('',(4.123494222277E0,-5.963703983868E-1,
-3.048540735849E0));
#185=CARTESIAN_POINT('',(4.140118091339E0,-1.401862656769E-1,
-3.103161144500E0));
#186=CARTESIAN_POINT('',(4.156742533492E0,3.190804682209E-1,-3.089895445791E0));
#187=CARTESIAN_POINT('',(4.173367884721E0,7.713915871852E-1,-3.009025802013E0));
#188=CARTESIAN_POINT('',(4.189995404013E0,1.206880587639E0,-2.862295178444E0));
#189=CARTESIAN_POINT('',(4.206622900203E0,1.615954082564E0,-2.652917919783E0));
#190=CARTESIAN_POINT('',(4.223248246104E0,1.989615129760E0,-2.385518352919E0));
#191=CARTESIAN_POINT('',(4.239872681335E0,2.319727462962E0,-2.065944281183E0));
#192=CARTESIAN_POINT('',(4.256496550221E0,2.599081494426E0,-1.701185914824E0));
#193=CARTESIAN_POINT('',(4.273120421371E0,2.821578856338E0,-1.299212875317E0));
#194=CARTESIAN_POINT('',(4.289744865202E0,2.982356037555E0,-8.688030078069E-1));
#195=CARTESIAN_POINT('',(4.306370219422E0,3.077891783433E0,-4.193608579398E-1));
#196=CARTESIAN_POINT('',(4.322997751662E0,3.106082509349E0,3.931785012172E-2));
#197=CARTESIAN_POINT('',(4.339625235545E0,3.066290605909E0,4.971346831127E-1));
#198=CARTESIAN_POINT('',(4.356250575576E0,2.959409278405E0,9.440142394004E-1));
#199=CARTESIAN_POINT('',(4.372875007262E0,2.787789181405E0,1.370216292192E0));
#200=CARTESIAN_POINT('',(4.389498873699E0,2.555188491746E0,1.766428612332E0));
#201=CARTESIAN_POINT('',(4.406122750396E0,2.266691023304E0,2.123999229839E0));
#202=CARTESIAN_POINT('',(4.422747167631E0,1.928595959548E0,2.435114944437E0));
#203=CARTESIAN_POINT('',(4.439372590151E0,1.548283976421E0,2.692971561939E0));
#204=CARTESIAN_POINT('',(4.450457364052E0,1.272128895909E0,2.825606202285E0));
#205=CARTESIAN_POINT('',(4.456E0,1.129907442823E0,2.881377130931E0));
#207=CARTESIAN_POINT('',(4.456E0,0.E0,0.E0));
#208=DIRECTION('',(1.E0,0.E0,0.E0));
#209=DIRECTION('',(0.E0,3.650751026892E-1,9.309780713832E-1));
#210=AXIS2_PLACEMENT_3D('',#207,#208,#209);
#212=CARTESIAN_POINT('',(4.456E0,-1.239703848224E0,2.835870125499E0));
#213=CARTESIAN_POINT('',(4.450398395603E0,-1.098239362736E0,2.897711486099E0));
#214=CARTESIAN_POINT('',(4.439195816659E0,-8.060558031515E-1,3.000176273151E0));
#215=CARTESIAN_POINT('',(4.422394190718E0,-3.498254477984E-1,3.086809125701E0));
#216=CARTESIAN_POINT('',(4.405593748471E0,1.141881702332E-1,3.104468169890E0));
#217=CARTESIAN_POINT('',(4.388793809303E0,5.756368388523E-1,3.052769697778E0));
#218=CARTESIAN_POINT('',(4.371993569503E0,1.024233344534E0,2.932867579294E0));
#219=CARTESIAN_POINT('',(4.355192331880E0,1.449971723267E0,2.747427908831E0));
#220=CARTESIAN_POINT('',(4.338389098210E0,1.843357590659E0,2.500566893745E0));
#221=CARTESIAN_POINT('',(4.321583986346E0,2.195578781916E0,2.197777902503E0));
#222=CARTESIAN_POINT('',(4.304782047853E0,2.498663921206E0,1.845927357747E0));
#223=CARTESIAN_POINT('',(4.287981306693E0,2.745899562498E0,1.452859056783E0));
#224=CARTESIAN_POINT('',(4.271181314861E0,2.931776512970E0,1.027349080176E0));
#225=CARTESIAN_POINT('',(4.254381227157E0,3.052156205812E0,5.788848404374E-1));
#226=CARTESIAN_POINT('',(4.237580248259E0,3.104347758645E0,1.174627635958E-1));
#227=CARTESIAN_POINT('',(4.220777785435E0,3.087175024789E0,-3.466256663464E-1));
#228=CARTESIAN_POINT('',(4.203972380018E0,3.000985803701E0,-8.030463947183E-1));
#229=CARTESIAN_POINT('',(4.187169866434E0,2.847735960542E0,-1.241439788460E0));
#230=CARTESIAN_POINT('',(4.170368869283E0,2.630870901550E0,-1.652054342501E0));
#231=CARTESIAN_POINT('',(4.153568772521E0,2.355238806885E0,-2.025736860132E0));
#232=CARTESIAN_POINT('',(4.136768788073E0,2.026990885054E0,-2.354160511791E0));
#233=CARTESIAN_POINT('',(4.119968064910E0,1.653440485516E0,-2.630000652211E0));
#234=CARTESIAN_POINT('',(4.103166175418E0,1.242918404123E0,-2.847094557832E0));
#235=CARTESIAN_POINT('',(4.086361058532E0,8.045340076320E-1,-3.000587858510E0));
#236=CARTESIAN_POINT('',(4.069557750276E0,3.482130022096E-1,-3.086993083953E0));
#237=CARTESIAN_POINT('',(4.052756490104E0,-1.158326271505E-1,
-3.104408008312E0));
#238=CARTESIAN_POINT('',(4.035956234911E0,-5.772623907190E-1,
-3.052462749114E0));
#239=CARTESIAN_POINT('',(4.019156289828E0,-1.025787058726E0,-2.932323736548E0));
#240=CARTESIAN_POINT('',(4.002355843165E0,-1.451407266210E0,-2.746668056638E0));
#241=CARTESIAN_POINT('',(3.985554208694E0,-1.844627479046E0,-2.499626616325E0));
#242=CARTESIAN_POINT('',(3.974351614106E0,-2.079324435815E0,-2.297666539730E0));
#243=CARTESIAN_POINT('',(3.96875E0,-2.188495487772E0,-2.188495487772E0));
#245=DIRECTION('',(1.E0,-2.516284182710E-14,3.019541019252E-14));
#246=VECTOR('',#245,8.824305555421E-2);
#247=CARTESIAN_POINT('',(3.96875E0,-2.188495487772E0,-2.188495487772E0));
#248=LINE('',#247,#246);
#249=DIRECTION('',(5.E-1,7.202225458659E-1,4.809152570115E-1));
#250=VECTOR('',#249,4.208883462392E-1);
#251=CARTESIAN_POINT('',(3.329354166667E0,-2.573930013732E0,-1.718694063646E0));
#252=LINE('',#251,#250);
#253=CARTESIAN_POINT('',(3.615972222223E0,2.188495487772E0,2.188495487772E0));
#254=CARTESIAN_POINT('',(3.621484819089E0,2.081059311799E0,2.295931663745E0));
#255=CARTESIAN_POINT('',(3.632509340876E0,1.850349929647E0,2.494938541365E0));
#256=CARTESIAN_POINT('',(3.649043946315E0,1.464282853845E0,2.739410771076E0));
#257=CARTESIAN_POINT('',(3.665576858738E0,1.046571140522E0,2.924581287370E0));
#258=CARTESIAN_POINT('',(3.682109485870E0,6.062223628981E-1,3.046470714677E0));
#259=CARTESIAN_POINT('',(3.698642621071E0,1.527428938311E-1,3.102444712544E0));
#260=CARTESIAN_POINT('',(3.715177577448E0,-3.040930017181E-1,3.091287918051E0));
#261=CARTESIAN_POINT('',(3.731717443624E0,-7.544793962534E-1,3.013187728714E0));
#262=CARTESIAN_POINT('',(3.748253326172E0,-1.188422769304E0,2.869869431009E0));
#263=CARTESIAN_POINT('',(3.764786755683E0,-1.596584560911E0,2.664471718162E0));
#264=CARTESIAN_POINT('',(3.781319825784E0,-1.970190503405E0,2.401424483517E0));
#265=CARTESIAN_POINT('',(3.797852956049E0,-2.301167269825E0,2.086414607903E0));
#266=CARTESIAN_POINT('',(3.814387567455E0,-2.582374689297E0,1.726224793143E0));
#267=CARTESIAN_POINT('',(3.830923944764E0,-2.807715941944E0,1.328631092465E0));
#268=CARTESIAN_POINT('',(3.847461576744E0,-2.972284987849E0,9.022416263621E-1));
#269=CARTESIAN_POINT('',(3.863995981542E0,-3.072488908347E0,4.564069737196E-1));
#270=CARTESIAN_POINT('',(3.880529415808E0,-3.106201946414E0,7.230901603655E-4));
#271=CARTESIAN_POINT('',(3.897062079689E0,-3.072702797912E0,
-4.549553329345E-1));
#272=CARTESIAN_POINT('',(3.913595012161E0,-2.972719269373E0,
-9.007972121564E-1));
#273=CARTESIAN_POINT('',(3.930129551104E0,-2.808394773318E0,-1.327189335057E0));
#274=CARTESIAN_POINT('',(3.941154069489E0,-2.658303013059E0,-1.592336383178E0));
#275=CARTESIAN_POINT('',(3.946666666667E0,-2.573930013732E0,-1.718694063646E0));
#277=CARTESIAN_POINT('',(3.704215277777E0,2.188495487772E0,2.188495487772E0));
#278=CARTESIAN_POINT('',(3.709815890075E0,2.079343960277E0,2.297647015267E0));
#279=CARTESIAN_POINT('',(3.721016558952E0,1.844690629968E0,2.499575815331E0));
#280=CARTESIAN_POINT('',(3.737815945017E0,1.451532291917E0,2.746598150787E0));
#281=CARTESIAN_POINT('',(3.754613564119E0,1.025994695186E0,2.932246778584E0));
#282=CARTESIAN_POINT('',(3.771410648985E0,5.775569646933E-1,3.052403109165E0));
#283=CARTESIAN_POINT('',(3.788208000104E0,1.162131239738E-1,3.104389382473E0));
#284=CARTESIAN_POINT('',(3.805006170679E0,-3.477492445677E-1,3.087042006421E0));
#285=CARTESIAN_POINT('',(3.821807410679E0,-8.040273249960E-1,3.000719918129E0));
#286=CARTESIAN_POINT('',(3.838609014442E0,-1.242347378014E0,2.847337995547E0));
#287=CARTESIAN_POINT('',(3.855407345669E0,-1.652829188030E0,2.630379620572E0));
#288=CARTESIAN_POINT('',(3.872205041728E0,-2.026379583272E0,2.354681171856E0));
#289=CARTESIAN_POINT('',(3.889001925393E0,-2.354656099692E0,2.026407877439E0));
#290=CARTESIAN_POINT('',(3.905799097563E0,-2.630351410526E0,1.652873132738E0));
#291=CARTESIAN_POINT('',(3.922596939430E0,-2.847310112101E0,1.242407154842E0));
#292=CARTESIAN_POINT('',(3.939397562078E0,-3.000696876978E0,8.041173539448E-1));
#293=CARTESIAN_POINT('',(3.956201100996E0,-3.087041611828E0,3.477788338761E-1));
#294=CARTESIAN_POINT('',(3.973000094040E0,-3.104389791451E0,
-1.162066082442E-1));
#295=CARTESIAN_POINT('',(3.989797493199E0,-3.052404145852E0,
-5.775517600627E-1));
#296=CARTESIAN_POINT('',(4.006594632243E0,-2.932248068211E0,-1.025991136404E0));
#297=CARTESIAN_POINT('',(4.023392245069E0,-2.746599986709E0,-1.451528779116E0));
#298=CARTESIAN_POINT('',(4.040191651203E0,-2.499577911238E0,-1.844687938161E0));
#299=CARTESIAN_POINT('',(4.051392394446E0,-2.297647966549E0,-2.079343008995E0));
#300=CARTESIAN_POINT('',(4.056993055554E0,-2.188495487772E0,-2.188495487772E0));
#302=CARTESIAN_POINT('',(3.946666666667E0,-2.573930013732E0,-1.718694063646E0));
#303=CARTESIAN_POINT('',(3.949120370543E0,-2.536374874333E0,-1.774936941603E0));
#304=CARTESIAN_POINT('',(3.954027778170E0,-2.457576405723E0,-1.884959942948E0));
#305=CARTESIAN_POINT('',(3.961388888501E0,-2.328821828694E0,-2.041897320307E0));
#306=CARTESIAN_POINT('',(3.966296296126E0,-2.236316245860E0,-2.140674729685E0));
#307=CARTESIAN_POINT('',(3.96875E0,-2.188495487772E0,-2.188495487772E0));
#309=CARTESIAN_POINT('',(1.762889160214E0,7.922183279615E-1,-2.613048099604E0));
#310=CARTESIAN_POINT('',(1.768763227710E0,9.289077757742E-1,-2.571606885486E0));
#311=CARTESIAN_POINT('',(1.780510764222E0,1.195754083557E0,-2.467234113565E0));
#312=CARTESIAN_POINT('',(1.798129981111E0,1.566597653205E0,-2.250073768309E0));
#313=CARTESIAN_POINT('',(1.815747987423E0,1.898930723031E0,-1.977654188377E0));
#314=CARTESIAN_POINT('',(1.833365352232E0,2.184607123787E0,-1.656666266900E0));
#315=CARTESIAN_POINT('',(1.850982707786E0,2.416622873275E0,-1.294985798217E0));
#316=CARTESIAN_POINT('',(1.868600741864E0,2.589284082725E0,-9.014805170158E-1));
#317=CARTESIAN_POINT('',(1.886219856947E0,2.698345459399E0,-4.858041437956E-1));
#318=CARTESIAN_POINT('',(1.903841541174E0,2.741114363677E0,-5.812883324543E-2));
#319=CARTESIAN_POINT('',(1.921463225353E0,2.716514559324E0,3.709751164635E-1));
#320=CARTESIAN_POINT('',(1.939082340579E0,2.625173198918E0,7.909012870659E-1));
#321=CARTESIAN_POINT('',(1.956700374132E0,2.469349289656E0,1.191372510545E0));
#322=CARTESIAN_POINT('',(1.974317731642E0,2.252874971338E0,1.562563800993E0));
#323=CARTESIAN_POINT('',(1.991935089152E0,1.981063384083E0,1.895373905454E0));
#324=CARTESIAN_POINT('',(2.009553122706E0,1.660577194751E0,2.181637584566E0));
#325=CARTESIAN_POINT('',(2.027172237929E0,1.299275839489E0,2.414323131084E0));
#326=CARTESIAN_POINT('',(2.044793922118E0,9.059934684319E-1,2.587713807597E0));
#327=CARTESIAN_POINT('',(2.062415606308E0,4.904443836348E-1,2.697505921204E0));
#328=CARTESIAN_POINT('',(2.080034721531E0,6.290588895278E-2,2.741003834227E0));
#329=CARTESIAN_POINT('',(2.097652755085E0,-3.661512390788E-1,2.717165369158E0));
#330=CARTESIAN_POINT('',(2.115270112595E0,-7.861978376563E-1,2.626584136995E0));
#331=CARTESIAN_POINT('',(2.132887470105E0,-1.186933093293E0,2.471486234086E0));
#332=CARTESIAN_POINT('',(2.150505503658E0,-1.558527144058E0,2.255671144327E0));
#333=CARTESIAN_POINT('',(2.168124618882E0,-1.891856254351E0,1.984427827169E0));
#334=CARTESIAN_POINT('',(2.185746303071E0,-2.178744210315E0,1.664379938863E0));
#335=CARTESIAN_POINT('',(2.203367987260E0,-2.412084899843E0,1.303426378558E0));
#336=CARTESIAN_POINT('',(2.220987102484E0,-2.586126124463E0,9.105003231669E-1));
#337=CARTESIAN_POINT('',(2.238605136037E0,-2.696627449573E0,4.952320379820E-1));
#338=CARTESIAN_POINT('',(2.256222493547E0,-2.740885330988E0,6.781497640231E-2));
#339=CARTESIAN_POINT('',(2.273839851057E0,-2.717818966452E0,
-3.612678214629E-1));
#340=CARTESIAN_POINT('',(2.291457884611E0,-2.627989410440E0,
-7.814926926905E-1));
#341=CARTESIAN_POINT('',(2.309076999834E0,-2.473592794934E0,-1.182544956109E0));
#342=CARTESIAN_POINT('',(2.326698684024E0,-2.258388113567E0,-1.554596424596E0));
#343=CARTESIAN_POINT('',(2.344320368213E0,-1.987678747685E0,-1.888440384119E0));
#344=CARTESIAN_POINT('',(2.361939483436E0,-1.668171484524E0,-2.175836176815E0));
#345=CARTESIAN_POINT('',(2.379557516990E0,-1.307704969219E0,-2.409763906841E0));
#346=CARTESIAN_POINT('',(2.397174874500E0,-9.151302149943E-1,
-2.584489883566E0));
#347=CARTESIAN_POINT('',(2.414792232010E0,-5.000771575097E-1,
-2.695733148843E0));
#348=CARTESIAN_POINT('',(2.432410265563E0,-7.272391759806E-2,
-2.740760916593E0));
#349=CARTESIAN_POINT('',(2.450029380787E0,3.564425815220E-1,-2.718459595883E0));
#350=CARTESIAN_POINT('',(2.467651064976E0,7.769128356327E-1,-2.629352270179E0));
#351=CARTESIAN_POINT('',(2.485272749166E0,1.178288806711E0,-2.475623027916E0));
#352=CARTESIAN_POINT('',(2.502891864389E0,1.550655245340E0,-2.261089887690E0));
#353=CARTESIAN_POINT('',(2.520509897943E0,1.884906096779E0,-1.991025710421E0));
#354=CARTESIAN_POINT('',(2.538127255453E0,2.172843797475E0,-1.672064921115E0));
#355=CARTESIAN_POINT('',(2.555744612963E0,2.407410031448E0,-1.312033274622E0));
#356=CARTESIAN_POINT('',(2.573362646516E0,2.582848068805E0,-9.197581331976E-1));
#357=CARTESIAN_POINT('',(2.590981761740E0,2.694844576702E0,-5.048629475287E-1));
#358=CARTESIAN_POINT('',(2.608603445929E0,2.740635067419E0,-7.750059419628E-2));
#359=CARTESIAN_POINT('',(2.626225130118E0,2.719068630479E0,3.517665008433E-1));
#360=CARTESIAN_POINT('',(2.643844245342E0,2.630697438842E0,7.723277512708E-1));
#361=CARTESIAN_POINT('',(2.661462278895E0,2.477707808376E0,1.173890280027E0));
#362=CARTESIAN_POINT('',(2.679079636405E0,2.263862343580E0,1.546602262371E0));
#363=CARTESIAN_POINT('',(2.696696993915E0,1.994409727511E0,1.881325121302E0));
#364=CARTESIAN_POINT('',(2.714315027469E0,1.675954751633E0,2.169846732052E0));
#365=CARTESIAN_POINT('',(2.731934142692E0,1.316306958213E0,2.405080015328E0));
#366=CARTESIAN_POINT('',(2.749555826882E0,9.242598728941E-1,2.581245939895E0));
#367=CARTESIAN_POINT('',(2.767177511071E0,5.094971381493E-1,2.693972263144E0));
#368=CARTESIAN_POINT('',(2.784796626295E0,8.227674934696E-2,2.740490778425E0));
#369=CARTESIAN_POINT('',(2.802414659848E0,-3.469381442332E-1,2.719685330568E0));
#370=CARTESIAN_POINT('',(2.820032017358E0,-7.676144473354E-1,2.632075099402E0));
#371=CARTESIAN_POINT('',(2.837649374868E0,-1.169435870497E0,2.479813323222E0));
#372=CARTESIAN_POINT('',(2.855267408422E0,-1.542545943908E0,2.266629917090E0));
#373=CARTESIAN_POINT('',(2.872886523645E0,-1.877783779380E0,1.997749225070E0));
#374=CARTESIAN_POINT('',(2.890508207834E0,-2.166926553635E0,1.679736951436E0));
#375=CARTESIAN_POINT('',(2.908129892024E0,-2.402812505468E0,1.320441574602E0));
#376=CARTESIAN_POINT('',(2.925749007247E0,-2.579626443583E0,9.287553938908E-1));
#377=CARTESIAN_POINT('',(2.943367040801E0,-2.693059976030E0,5.142784641973E-1));
#378=CARTESIAN_POINT('',(2.960984398311E0,-2.740337582477E0,8.718487664828E-2));
#379=CARTESIAN_POINT('',(2.978601755821E0,-2.720304397295E0,
-3.420502291949E-1));
#380=CARTESIAN_POINT('',(2.996219789374E0,-2.633447083473E0,
-7.628994879173E-1));
#381=CARTESIAN_POINT('',(3.013838904598E0,-2.481888817677E0,-1.165032954495E0));
#382=CARTESIAN_POINT('',(3.031460588787E0,-2.269319037556E0,-1.538596120057E0));
#383=CARTESIAN_POINT('',(3.049082272976E0,-2.000975922246E0,-1.874345018122E0));
#384=CARTESIAN_POINT('',(3.066701388200E0,-1.683507849462E0,-2.163991795482E0));
#385=CARTESIAN_POINT('',(3.084319421753E0,-1.324703654455E0,-2.400461330892E0));
#386=CARTESIAN_POINT('',(3.101936779263E0,-9.333736057180E-1,
-2.577957521139E0));
#387=CARTESIAN_POINT('',(3.119554136773E0,-5.191171421162E-1,
-2.692131454070E0));
#388=CARTESIAN_POINT('',(3.137172170327E0,-9.209281592160E-2,
-2.740178476554E0));
#389=CARTESIAN_POINT('',(3.154791285550E0,3.372205820307E-1,-2.720910907660E0));
#390=CARTESIAN_POINT('',(3.172412969739E0,7.583101130428E-1,-2.634777540387E0));
#391=CARTESIAN_POINT('',(3.190034653929E0,1.160762562441E0,-2.483888919015E0));
#392=CARTESIAN_POINT('',(3.207653769152E0,1.534635944066E0,-2.271992889358E0));
#393=CARTESIAN_POINT('',(3.225271802706E0,1.870787163924E0,-2.004297822314E0));
#394=CARTESIAN_POINT('',(3.242889160216E0,2.160971973468E0,-1.687380039747E0));
#395=CARTESIAN_POINT('',(3.260506517725E0,2.398076923380E0,-1.329015215408E0));
#396=CARTESIAN_POINT('',(3.278124551279E0,2.576283038920E0,-9.379898045765E-1));
#397=CARTESIAN_POINT('',(3.295743666502E0,2.691209079876E0,-5.238965324958E-1));
#398=CARTESIAN_POINT('',(3.313365350692E0,2.740018870687E0,-9.686848376028E-2));
#399=CARTESIAN_POINT('',(3.330987034881E0,2.721486878185E0,3.325403137042E-1));
#400=CARTESIAN_POINT('',(3.348606150104E0,2.636090269721E0,7.537156360290E-1));
#401=CARTESIAN_POINT('',(3.366224183658E0,2.485942560197E0,1.156349411135E0));
#402=CARTESIAN_POINT('',(3.383841541168E0,2.274736630973E0,1.530563467602E0));
#403=CARTESIAN_POINT('',(3.401458898678E0,2.007656445834E0,1.867182360867E0));
#404=CARTESIAN_POINT('',(3.419076932231E0,1.691248590929E0,2.157947490973E0));
#405=CARTESIAN_POINT('',(3.436696047454E0,1.333272324541E0,2.395716760592E0));
#406=CARTESIAN_POINT('',(3.454317731644E0,9.424801085648E-1,2.574649133344E0));
#407=CARTESIAN_POINT('',(3.471939415833E0,5.285244421733E-1,2.690304035308E0));
#408=CARTESIAN_POINT('',(3.489558531056E0,1.016434998384E-1,2.739840829146E0));
#409=CARTESIAN_POINT('',(3.507176564610E0,-3.277077190725E-1,2.722069437779E0));
#410=CARTESIAN_POINT('',(3.524793922120E0,-7.489927130036E-1,2.637434583933E0));
#411=CARTESIAN_POINT('',(3.542411279630E0,-1.151880231832E0,2.488016540283E0));
#412=CARTESIAN_POINT('',(3.560029313182E0,-1.526487690242E0,2.277475466770E0));
#413=CARTESIAN_POINT('',(3.577648428408E0,-1.863617504991E0,2.010970831003E0));
#414=CARTESIAN_POINT('',(3.595270112588E0,-2.155000654381E0,1.695010057676E0));
#415=CARTESIAN_POINT('',(3.612891796814E0,-2.393420084928E0,1.337390811039E0));
#416=CARTESIAN_POINT('',(3.630510911897E0,-2.572997906442E0,9.469640737940E-1));
#417=CARTESIAN_POINT('',(3.648128945975E0,-2.689357971974E0,5.332991916355E-1));
#418=CARTESIAN_POINT('',(3.665746301529E0,-2.739652971688E0,1.065504570842E-1));
#419=CARTESIAN_POINT('',(3.683363666338E0,-2.722653855136E0,
-3.228156823815E-1));
#420=CARTESIAN_POINT('',(3.700981672650E0,-2.638773538062E0,
-7.442676834882E-1));
#421=CARTESIAN_POINT('',(3.718600889539E0,-2.490059640683E0,-1.147464590009E0));
#422=CARTESIAN_POINT('',(3.730348426051E0,-2.350113994974E0,-1.397496275487E0));
#423=CARTESIAN_POINT('',(3.736222493547E0,-2.270796737478E0,-1.516282436441E0));
#425=DIRECTION('',(5.E-1,2.512657745315E-1,-8.287734977357E-1));
#426=VECTOR('',#425,4.208883462392E-1);
#427=CARTESIAN_POINT('',(1.762889160214E0,7.922183279615E-1,-2.613048099604E0));
#428=LINE('',#427,#426);
#429=CARTESIAN_POINT('',(2.204861111112E0,2.188495487772E0,2.188495487772E0));
#430=CARTESIAN_POINT('',(2.210461769306E0,2.079343065795E0,2.297647909749E0));
#431=CARTESIAN_POINT('',(2.221662443598E0,1.844689294355E0,2.499576404409E0));
#432=CARTESIAN_POINT('',(2.238461428169E0,1.451540564747E0,2.746593082016E0));
#433=CARTESIAN_POINT('',(2.255258687608E0,1.026013120007E0,2.932239944736E0));
#434=CARTESIAN_POINT('',(2.272055582861E0,5.775813698197E-1,3.052398291418E0));
#435=CARTESIAN_POINT('',(2.288852860991E0,1.162400717663E-1,3.104388430507E0));
#436=CARTESIAN_POINT('',(2.305651619580E0,-3.477389440980E-1,3.087045297280E0));
#437=CARTESIAN_POINT('',(2.322454680686E0,-8.040660726017E-1,3.000711018858E0));
#438=CARTESIAN_POINT('',(2.339256192227E0,-1.242381238971E0,2.847322458928E0));
#439=CARTESIAN_POINT('',(2.356054285035E0,-1.652855084141E0,2.630363364102E0));
#440=CARTESIAN_POINT('',(2.372852132076E0,-2.026406094401E0,2.354658709419E0));
#441=CARTESIAN_POINT('',(2.389649374520E0,-2.354686061756E0,2.026374652975E0));
#442=CARTESIAN_POINT('',(2.406447561021E0,-2.630391133415E0,1.652812264625E0));
#443=CARTESIAN_POINT('',(2.423246370710E0,-2.847351989096E0,1.242316661032E0));
#444=CARTESIAN_POINT('',(2.440048053935E0,-3.000728614427E0,8.039925068555E-1));
#445=CARTESIAN_POINT('',(2.456848722517E0,-3.087044136758E0,3.477292321318E-1));
#446=CARTESIAN_POINT('',(2.473647294226E0,-3.104388614810E0,
-1.162442851556E-1));
#447=CARTESIAN_POINT('',(2.490444513453E0,-3.052397622343E0,
-5.775839794168E-1));
#448=CARTESIAN_POINT('',(2.507241502586E0,-2.932238692557E0,-1.026018255428E0));
#449=CARTESIAN_POINT('',(2.524039156509E0,-2.746585635464E0,-1.451554921292E0));
#450=CARTESIAN_POINT('',(2.540837871002E0,-2.499570823080E0,-1.844696023490E0));
#451=CARTESIAN_POINT('',(2.552038360682E0,-2.297645376421E0,-2.079345599124E0));
#452=CARTESIAN_POINT('',(2.557638888890E0,-2.188495487772E0,-2.188495487772E0));
#454=CARTESIAN_POINT('',(2.293104166668E0,2.188495487772E0,2.188495487772E0));
#455=CARTESIAN_POINT('',(2.298704459958E0,2.079350177483E0,2.297640798062E0));
#456=CARTESIAN_POINT('',(2.309904747735E0,1.844705977754E0,2.499563926741E0));
#457=CARTESIAN_POINT('',(2.326704181400E0,1.451548671770E0,2.746590471822E0));
#458=CARTESIAN_POINT('',(2.343502921830E0,1.025983065816E0,2.932252791555E0));
#459=CARTESIAN_POINT('',(2.360301164879E0,5.775129644140E-1,3.052412677029E0));
#460=CARTESIAN_POINT('',(2.377099135699E0,1.161509678915E-1,3.104392359255E0));
#461=CARTESIAN_POINT('',(2.393897051157E0,-3.478038059676E-1,3.087033524687E0));
#462=CARTESIAN_POINT('',(2.410695131958E0,-8.039946656402E-1,3.000722957761E0));
#463=CARTESIAN_POINT('',(2.427493591743E0,-1.242237348520E0,2.847384183831E0));
#464=CARTESIAN_POINT('',(2.444292668577E0,-1.652746702876E0,2.630434085320E0));
#465=CARTESIAN_POINT('',(2.461092509887E0,-2.026352893574E0,2.354710345323E0));
#466=CARTESIAN_POINT('',(2.477893601227E0,-2.354710345323E0,2.026352893574E0));
#467=CARTESIAN_POINT('',(2.494693442536E0,-2.630434085320E0,1.652746702876E0));
#468=CARTESIAN_POINT('',(2.511492519370E0,-2.847384183831E0,1.242237348520E0));
#469=CARTESIAN_POINT('',(2.528290979155E0,-3.000722957761E0,8.039946656401E-1));
#470=CARTESIAN_POINT('',(2.545089059957E0,-3.087033524687E0,3.478038059676E-1));
#471=CARTESIAN_POINT('',(2.561886975415E0,-3.104392359255E0,
-1.161509678915E-1));
#472=CARTESIAN_POINT('',(2.578684946234E0,-3.052412677029E0,
-5.775129644140E-1));
#473=CARTESIAN_POINT('',(2.595483189283E0,-2.932252791555E0,-1.025983065816E0));
#474=CARTESIAN_POINT('',(2.612281929714E0,-2.746590471822E0,-1.451548671770E0));
#475=CARTESIAN_POINT('',(2.629081363379E0,-2.499563926741E0,-1.844705977754E0));
#476=CARTESIAN_POINT('',(2.640281651155E0,-2.297640798062E0,-2.079350177483E0));
#477=CARTESIAN_POINT('',(2.645881944446E0,-2.188495487772E0,-2.188495487772E0));
#479=CARTESIAN_POINT('',(1.852083333333E0,-2.188495487772E0,-2.188495487772E0));
#480=CARTESIAN_POINT('',(1.857136034540E0,-2.090022316384E0,-2.286968659160E0));
#481=CARTESIAN_POINT('',(1.867241077579E0,-1.879770687863E0,-2.470594258343E0));
#482=CARTESIAN_POINT('',(1.882397302607E0,-1.530227492168E0,-2.701068389637E0));
#483=CARTESIAN_POINT('',(1.897552972328E0,-1.152865188704E0,-2.882406039148E0));
#484=CARTESIAN_POINT('',(1.912708120919E0,-7.545485326175E-1,
-3.011314827613E0));
#485=CARTESIAN_POINT('',(1.927863279963E0,-3.425088980771E-1,
-3.085457698563E0));
#486=CARTESIAN_POINT('',(1.943018786223E0,7.576957021571E-2,-3.103486219304E0));
#487=CARTESIAN_POINT('',(1.958175448107E0,4.927020111664E-1,-3.065064694883E0));
#488=CARTESIAN_POINT('',(1.968280584848E0,7.647001532986E-1,-3.002274632584E0));
#489=CARTESIAN_POINT('',(1.973333333333E0,8.979731642706E-1,-2.961869206472E0));
#491=DIRECTION('',(1.E0,0.E0,0.E0));
#492=VECTOR('',#491,8.824305555670E-2);
#493=CARTESIAN_POINT('',(1.852083333333E0,-2.188495487772E0,-2.188495487772E0));
#494=LINE('',#493,#492);
#495=CARTESIAN_POINT('',(1.940326388890E0,-2.188495487772E0,-2.188495487772E0));
#496=CARTESIAN_POINT('',(1.945927056898E0,-2.079342874528E0,-2.297648101017E0));
#497=CARTESIAN_POINT('',(1.957127811142E0,-1.844687546111E0,-2.499578213301E0));
#498=CARTESIAN_POINT('',(1.973927220301E0,-1.451528269956E0,-2.746600265074E0));
#499=CARTESIAN_POINT('',(1.990724837932E0,-1.025990462209E0,-2.932248292516E0));
#500=CARTESIAN_POINT('',(2.007521961735E0,-5.775514711777E-1,
-3.052404193105E0));
#501=CARTESIAN_POINT('',(2.024319332276E0,-1.162070958228E-1,
-3.104389632086E0));
#502=CARTESIAN_POINT('',(2.041118104849E0,3.477722154266E-1,-3.087041892114E0));
#503=CARTESIAN_POINT('',(2.057921363811E0,8.041034766703E-1,-3.000700516219E0));
#504=CARTESIAN_POINT('',(2.074722145278E0,1.242398131888E0,-2.847314341057E0));
#505=CARTESIAN_POINT('',(2.091520077551E0,1.652866848046E0,-2.630355401079E0));
#506=CARTESIAN_POINT('',(2.108317259904E0,2.026402454979E0,-2.354660782503E0));
#507=CARTESIAN_POINT('',(2.125114123926E0,2.354676040339E0,-2.026385352319E0));
#508=CARTESIAN_POINT('',(2.141911696967E0,2.630373637412E0,-1.652838534079E0));
#509=CARTESIAN_POINT('',(2.158709950642E0,2.847332373336E0,-1.242359425967E0));
#510=CARTESIAN_POINT('',(2.175511345499E0,3.000715240638E0,-8.040457630680E-1));
#511=CARTESIAN_POINT('',(2.192313060962E0,3.087041761984E0,-3.477551658632E-1));
#512=CARTESIAN_POINT('',(2.209111199420E0,3.104389532046E0,1.162063748898E-1));
#513=CARTESIAN_POINT('',(2.225908608707E0,3.052404177306E0,5.775518944408E-1));
#514=CARTESIAN_POINT('',(2.242705715338E0,2.932248284660E0,1.025990394328E0));
#515=CARTESIAN_POINT('',(2.259503340559E0,2.746600211817E0,1.451528405386E0));
#516=CARTESIAN_POINT('',(2.276302748993E0,2.499578131559E0,1.844687644904E0));
#517=CARTESIAN_POINT('',(2.287503500720E0,2.297648060870E0,2.079342914675E0));
#518=CARTESIAN_POINT('',(2.293104166668E0,2.188495487772E0,2.188495487772E0));
#520=DIRECTION('',(1.E0,0.E0,0.E0));
#521=VECTOR('',#520,8.824305555627E-2);
#522=CARTESIAN_POINT('',(2.204861111112E0,2.188495487772E0,2.188495487772E0));
#523=LINE('',#522,#521);
#524=CARTESIAN_POINT('',(1.973333333333E0,8.979731642706E-1,-2.961869206472E0));
#525=CARTESIAN_POINT('',(1.978846677527E0,1.043395004154E0,-2.917780524424E0));
#526=CARTESIAN_POINT('',(1.989872892413E0,1.327718841500E0,-2.808148600972E0));
#527=CARTESIAN_POINT('',(2.006410499766E0,1.725414997821E0,-2.582918637E0));
#528=CARTESIAN_POINT('',(2.022947275558E0,2.085738438259E0,-2.301784788176E0));
#529=CARTESIAN_POINT('',(2.039483362729E0,2.400899232533E0,-1.970838109853E0));
#530=CARTESIAN_POINT('',(2.056020187763E0,2.664100402900E0,-1.597213198342E0));
#531=CARTESIAN_POINT('',(2.072557195871E0,2.869633845764E0,-1.189008033478E0));
#532=CARTESIAN_POINT('',(2.089097814439E0,3.013069971799E0,-7.549654097882E-1));
#533=CARTESIAN_POINT('',(2.105638629901E0,3.091242905579E0,-3.045644872321E-1));
#534=CARTESIAN_POINT('',(2.122175918604E0,3.102468758761E0,1.523342634562E-1));
#535=CARTESIAN_POINT('',(2.138711932993E0,3.046538935925E0,6.058999266119E-1));
#536=CARTESIAN_POINT('',(2.155247628567E0,2.924667771287E0,1.046342186200E0));
#537=CARTESIAN_POINT('',(2.171783705603E0,2.739488555422E0,1.464146238018E0));
#538=CARTESIAN_POINT('',(2.188321277736E0,2.494986379332E0,1.850291926927E0));
#539=CARTESIAN_POINT('',(2.199347632734E0,2.295948843718E0,2.081042131827E0));
#540=CARTESIAN_POINT('',(2.204861111112E0,2.188495487772E0,2.188495487772E0));
#542=CARTESIAN_POINT('',(8.655E-1,-2.696989624405E0,-4.264706506321E-1));
#543=CARTESIAN_POINT('',(8.713662573750E-1,-2.674710459172E0,
-5.673635289261E-1));
#544=CARTESIAN_POINT('',(8.830982449129E-1,-2.608027919121E0,
-8.456359595745E-1));
#545=CARTESIAN_POINT('',(9.006944073697E-1,-2.444103199308E0,
-1.242279746778E0));
#546=CARTESIAN_POINT('',(9.182894626164E-1,-2.220304074862E0,
-1.608459894842E0));
#547=CARTESIAN_POINT('',(9.358838672291E-1,-1.942116303959E0,
-1.935219613921E0));
#548=CARTESIAN_POINT('',(9.534781491854E-1,-1.616350534302E0,
-2.214565957595E0));
#549=CARTESIAN_POINT('',(9.710728059206E-1,-1.250977617034E0,
-2.439662171679E0));
#550=CARTESIAN_POINT('',(9.886683856381E-1,-8.549339686306E-1,
-2.604993378093E0));
#551=CARTESIAN_POINT('',(1.006265264011E0,-4.379105186922E-1,
-2.706502235223E0));
#552=CARTESIAN_POINT('',(1.023864456065E0,-1.009815210363E-2,
-2.741681600346E0));
#553=CARTESIAN_POINT('',(1.041461334407E0,4.179056151217E-1,-2.709660032385E0));
#554=CARTESIAN_POINT('',(1.059056914248E0,8.356372343510E-1,-2.611246237098E0));
#555=CARTESIAN_POINT('',(1.076651570522E0,1.232873152238E0,-2.448859991914E0));
#556=CARTESIAN_POINT('',(1.094245854201E0,1.599896125162E0,-2.226482193782E0));
#557=CARTESIAN_POINT('',(1.111840252383E0,1.927725451518E0,-1.949555937237E0));
#558=CARTESIAN_POINT('',(1.129435331627E0,2.208336605589E0,-1.624853212987E0));
#559=CARTESIAN_POINT('',(1.147031404525E0,2.434853100065E0,-1.260318161058E0));
#560=CARTESIAN_POINT('',(1.164629720071E0,2.601722872706E0,-8.648473239268E-1));
#561=CARTESIAN_POINT('',(1.182228035617E0,2.704819488953E0,-4.481774404924E-1));
#562=CARTESIAN_POINT('',(1.199824108515E0,2.741619060884E0,-2.057795749398E-2));
#563=CARTESIAN_POINT('',(1.217419187759E0,2.711242621819E0,4.075011834064E-1));
#564=CARTESIAN_POINT('',(1.235013585941E0,2.614442238590E0,8.255800092146E-1));
#565=CARTESIAN_POINT('',(1.252607869621E0,2.453591283824E0,1.223430129369E0));
#566=CARTESIAN_POINT('',(1.270202525894E0,2.232624595720E0,1.591315151942E0));
#567=CARTESIAN_POINT('',(1.287798105735E0,1.956942356957E0,1.920228946175E0));
#568=CARTESIAN_POINT('',(1.305394984075E0,1.633284902397E0,2.202112712427E0));
#569=CARTESIAN_POINT('',(1.322994176138E0,1.269549307735E0,2.430054428580E0));
#570=CARTESIAN_POINT('',(1.340591054478E0,8.747458171200E-1,2.598407656549E0));
#571=CARTESIAN_POINT('',(1.358186634319E0,4.585382130908E-1,2.703079578064E0));
#572=CARTESIAN_POINT('',(1.375781290593E0,3.111790012218E-2,2.741518401506E0));
#573=CARTESIAN_POINT('',(1.393375574272E0,-3.970555577763E-1,2.712791450623E0));
#574=CARTESIAN_POINT('',(1.410969972455E0,-8.155043731953E-1,2.617603175836E0));
#575=CARTESIAN_POINT('',(1.428565051699E0,-1.213988866813E0,2.458277762702E0));
#576=CARTESIAN_POINT('',(1.446161124596E0,-1.582749916926E0,2.238708151247E0));
#577=CARTESIAN_POINT('',(1.463759440142E0,-1.912766632353E0,1.964241993804E0));
#578=CARTESIAN_POINT('',(1.481357755688E0,-2.195897814017E0,1.641628543972E0));
#579=CARTESIAN_POINT('',(1.498953828586E0,-2.425180442795E0,1.278826941859E0));
#580=CARTESIAN_POINT('',(1.516548907830E0,-2.595029251395E0,8.847129213762E-1));
#581=CARTESIAN_POINT('',(1.534143306013E0,-2.701293572408E0,4.689388085912E-1));
#582=CARTESIAN_POINT('',(1.551737589692E0,-2.741378181350E0,4.167896741477E-2));
#583=CARTESIAN_POINT('',(1.569332245966E0,-2.714300696268E0,
-3.866112109531E-1));
#584=CARTESIAN_POINT('',(1.586927825806E0,-2.620715768643E0,
-8.054510874312E-1));
#585=CARTESIAN_POINT('',(1.604524704149E0,-2.462903713961E0,-1.204585101230E0));
#586=CARTESIAN_POINT('',(1.622123896202E0,-2.244699339717E0,-1.574244214194E0));
#587=CARTESIAN_POINT('',(1.639720774575E0,-1.971507874875E0,-1.905271447834E0));
#588=CARTESIAN_POINT('',(1.657316354293E0,-1.650029247086E0,-2.189589001161E0));
#589=CARTESIAN_POINT('',(1.674911011028E0,-1.288140443077E0,-2.420244952311E0));
#590=CARTESIAN_POINT('',(1.692505292985E0,-8.947011206877E-1,
-2.591601936419E0));
#591=CARTESIAN_POINT('',(1.710099697597E0,-4.793394964250E-1,
-2.699467922634E0));
#592=CARTESIAN_POINT('',(1.727694752844E0,-5.221837141361E-2,
-2.741199128084E0));
#593=CARTESIAN_POINT('',(1.745290915301E0,3.762097786460E-1,-2.715764350140E0));
#594=CARTESIAN_POINT('',(1.757022902839E0,6.557106215386E-1,-2.654434213756E0));
#595=CARTESIAN_POINT('',(1.762889160214E0,7.922183279615E-1,-2.613048099604E0));
#597=CARTESIAN_POINT('',(1.499305555555E0,2.188495487772E0,2.188495487772E0));
#598=CARTESIAN_POINT('',(1.504906085382E0,2.079345567569E0,2.297645407976E0));
#599=CARTESIAN_POINT('',(1.516106626491E0,1.844695208565E0,2.499572218943E0));
#600=CARTESIAN_POINT('',(1.532905947205E0,1.451539029187E0,2.746594571032E0));
#601=CARTESIAN_POINT('',(1.549703582917E0,1.026001464007E0,2.932244454733E0));
#602=CARTESIAN_POINT('',(1.566500659846E0,5.775642154109E-1,3.052401616172E0));
#603=CARTESIAN_POINT('',(1.583297970711E0,1.162215982979E-1,3.104389306299E0));
#604=CARTESIAN_POINT('',(1.600096331562E0,-3.477459802179E-1,3.087042141530E0));
#605=CARTESIAN_POINT('',(1.616897152309E0,-8.040129529109E-1,3.000723498493E0));
#606=CARTESIAN_POINT('',(1.633698951116E0,-1.242338842379E0,2.847342104328E0));
#607=CARTESIAN_POINT('',(1.650497404023E0,-1.652824147318E0,2.630382971881E0));
#608=CARTESIAN_POINT('',(1.667295251473E0,-2.026378250609E0,2.354682528171E0));
#609=CARTESIAN_POINT('',(1.684092219576E0,-2.354656544562E0,2.026407643330E0));
#610=CARTESIAN_POINT('',(1.700889536196E0,-2.630353812194E0,1.652869402957E0));
#611=CARTESIAN_POINT('',(1.717687364699E0,-2.847311899376E0,1.242403467936E0));
#612=CARTESIAN_POINT('',(1.734488214677E0,-3.000699733781E0,8.041073956740E-1));
#613=CARTESIAN_POINT('',(1.751291722804E0,-3.087042599885E0,3.477693534925E-1));
#614=CARTESIAN_POINT('',(1.768090699790E0,-3.104389397282E0,
-1.162156669651E-1));
#615=CARTESIAN_POINT('',(1.784888011011E0,-3.052402779800E0,
-5.775582641276E-1));
#616=CARTESIAN_POINT('',(1.801685069703E0,-2.932246507913E0,-1.025995269526E0));
#617=CARTESIAN_POINT('',(1.818482593432E0,-2.746598952251E0,-1.451530440141E0));
#618=CARTESIAN_POINT('',(1.835281912721E0,-2.499578126317E0,-1.844687535957E0));
#619=CARTESIAN_POINT('',(1.846482659855E0,-2.297648207616E0,-2.079342767929E0));
#620=CARTESIAN_POINT('',(1.852083333333E0,-2.188495487772E0,-2.188495487772E0));
#622=CARTESIAN_POINT('',(1.587548611112E0,2.188495487772E0,2.188495487772E0));
#623=CARTESIAN_POINT('',(1.593148904402E0,2.079350177483E0,2.297640798062E0));
#624=CARTESIAN_POINT('',(1.604349192179E0,1.844705977754E0,2.499563926741E0));
#625=CARTESIAN_POINT('',(1.621148625843E0,1.451548671770E0,2.746590471822E0));
#626=CARTESIAN_POINT('',(1.637947366274E0,1.025983065816E0,2.932252791555E0));
#627=CARTESIAN_POINT('',(1.654745609323E0,5.775129644140E-1,3.052412677029E0));
#628=CARTESIAN_POINT('',(1.671543580143E0,1.161509678915E-1,3.104392359255E0));
#629=CARTESIAN_POINT('',(1.688341495601E0,-3.478038059676E-1,3.087033524687E0));
#630=CARTESIAN_POINT('',(1.705139576402E0,-8.039946656402E-1,3.000722957761E0));
#631=CARTESIAN_POINT('',(1.721938036187E0,-1.242237348520E0,2.847384183831E0));
#632=CARTESIAN_POINT('',(1.738737113021E0,-1.652746702876E0,2.630434085320E0));
#633=CARTESIAN_POINT('',(1.755536954331E0,-2.026352893574E0,2.354710345323E0));
#634=CARTESIAN_POINT('',(1.772338045671E0,-2.354710345323E0,2.026352893574E0));
#635=CARTESIAN_POINT('',(1.789137886980E0,-2.630434085320E0,1.652746702876E0));
#636=CARTESIAN_POINT('',(1.805936963814E0,-2.847384183831E0,1.242237348520E0));
#637=CARTESIAN_POINT('',(1.822735423599E0,-3.000722957761E0,8.039946656402E-1));
#638=CARTESIAN_POINT('',(1.839533504401E0,-3.087033524687E0,3.478038059676E-1));
#639=CARTESIAN_POINT('',(1.856331419859E0,-3.104392359255E0,
-1.161509678915E-1));
#640=CARTESIAN_POINT('',(1.873129390678E0,-3.052412677029E0,
-5.775129644140E-1));
#641=CARTESIAN_POINT('',(1.889927633727E0,-2.932252791555E0,-1.025983065816E0));
#642=CARTESIAN_POINT('',(1.906726374158E0,-2.746590471822E0,-1.451548671770E0));
#643=CARTESIAN_POINT('',(1.923525807823E0,-2.499563926741E0,-1.844705977754E0));
#644=CARTESIAN_POINT('',(1.934726095599E0,-2.297640798062E0,-2.079350177483E0));
#645=CARTESIAN_POINT('',(1.940326388890E0,-2.188495487772E0,-2.188495487772E0));
#647=CARTESIAN_POINT('',(1.23E0,0.E0,0.E0));
#648=DIRECTION('',(-1.E0,0.E0,0.E0));
#649=DIRECTION('',(0.E0,-4.204042149635E-2,-9.991159106732E-1));
#650=AXIS2_PLACEMENT_3D('',#647,#648,#649);
#652=CARTESIAN_POINT('',(1.23E0,-2.279472447457E0,-2.093568809780E0));
#653=CARTESIAN_POINT('',(1.235251616624E0,-2.181562029051E0,-2.200173426754E0));
#654=CARTESIAN_POINT('',(1.245754424096E0,-1.970768468638E0,-2.399613444914E0));
#655=CARTESIAN_POINT('',(1.261507153779E0,-1.615886113406E0,-2.651598651084E0));
#656=CARTESIAN_POINT('',(1.277259014514E0,-1.229279349398E0,-2.851478649691E0));
#657=CARTESIAN_POINT('',(1.293010414848E0,-8.185361433754E-1,
-2.995338849145E0));
#658=CARTESIAN_POINT('',(1.308761814719E0,-3.917140318005E-1,
-3.080360096720E0));
#659=CARTESIAN_POINT('',(1.324513674833E0,4.281554697335E-2,-3.104872000875E0));
#660=CARTESIAN_POINT('',(1.340266401169E0,4.765282811565E-1,-3.068386195432E0));
#661=CARTESIAN_POINT('',(1.350769213349E0,7.594546510758E-1,-3.003864952717E0));
#662=CARTESIAN_POINT('',(1.356020833333E0,8.979731642706E-1,-2.961869206472E0));
#664=CARTESIAN_POINT('',(1.356020833333E0,8.979731642706E-1,-2.961869206472E0));
#665=CARTESIAN_POINT('',(1.361533834134E0,1.043385946703E0,-2.917783270442E0));
#666=CARTESIAN_POINT('',(1.372559676940E0,1.327701006347E0,-2.808157213344E0));
#667=CARTESIAN_POINT('',(1.389097926936E0,1.725413961062E0,-2.582920802274E0));
#668=CARTESIAN_POINT('',(1.405635776192E0,2.085760279295E0,-2.301767609004E0));
#669=CARTESIAN_POINT('',(1.422173297641E0,2.400942896602E0,-1.970786869977E0));
#670=CARTESIAN_POINT('',(1.438710575076E0,2.664142216095E0,-1.597145017602E0));
#671=CARTESIAN_POINT('',(1.455247689383E0,2.869663537234E0,-1.188930657608E0));
#672=CARTESIAN_POINT('',(1.471784722222E0,3.013059930150E0,-7.549797602202E-1));
#673=CARTESIAN_POINT('',(1.488321755062E0,3.091228258199E0,-3.046847243432E-1));
#674=CARTESIAN_POINT('',(1.504858869369E0,3.102476190582E0,1.522085467445E-1));
#675=CARTESIAN_POINT('',(1.521396146804E0,3.046558792904E0,6.058111925311E-1));
#676=CARTESIAN_POINT('',(1.537933668252E0,2.924683882387E0,1.046305049520E0));
#677=CARTESIAN_POINT('',(1.554471517509E0,2.739486099493E0,1.464154745418E0));
#678=CARTESIAN_POINT('',(1.571009767505E0,2.494969996395E0,1.850313923148E0));
#679=CARTESIAN_POINT('',(1.582035610311E0,2.295939536120E0,2.081051439425E0));
#680=CARTESIAN_POINT('',(1.587548611112E0,2.188495487772E0,2.188495487772E0));
#682=DIRECTION('',(1.E0,-2.013027346113E-14,3.019541019169E-14));
#683=VECTOR('',#682,8.824305555662E-2);
#684=CARTESIAN_POINT('',(1.499305555555E0,2.188495487772E0,2.188495487772E0));
#685=LINE('',#684,#683);
#686=CARTESIAN_POINT('',(1.23E0,-1.301151045312E-1,-3.092263743534E0));
#687=CARTESIAN_POINT('',(1.235610979350E0,2.439747795612E-2,-3.098765265554E0));
#688=CARTESIAN_POINT('',(1.246832817236E0,3.343942553009E-1,-3.088563284434E0));
#689=CARTESIAN_POINT('',(1.263665560240E0,7.918901018611E-1,-3.003988661979E0));
#690=CARTESIAN_POINT('',(1.280497243569E0,1.231597733210E0,-2.852051386838E0));
#691=CARTESIAN_POINT('',(1.297328532690E0,1.643677273802E0,-2.636162598994E0));
#692=CARTESIAN_POINT('',(1.314159584065E0,2.018893542213E0,-2.361164115746E0));
#693=CARTESIAN_POINT('',(1.330990621927E0,2.348838638683E0,-2.033220111437E0));
#694=CARTESIAN_POINT('',(1.347821569429E0,2.626112800945E0,-1.659685971021E0));
#695=CARTESIAN_POINT('',(1.364652444018E0,2.844499920334E0,-1.248938007977E0));
#696=CARTESIAN_POINT('',(1.381483395676E0,2.999105013426E0,-8.101828549572E-1));
#697=CARTESIAN_POINT('',(1.398314481209E0,3.086460331168E0,-3.532568975264E-1));
#698=CARTESIAN_POINT('',(1.415145542391E0,3.104605365028E0,1.115897514379E-1));
#699=CARTESIAN_POINT('',(1.431976500942E0,3.053134438885E0,5.739313249583E-1));
#700=CARTESIAN_POINT('',(1.448807809314E0,2.933199503183E0,1.023412876703E0));
#701=CARTESIAN_POINT('',(1.465640080372E0,2.747477340063E0,1.449969054162E0));
#702=CARTESIAN_POINT('',(1.482472991128E0,2.500125787640E0,1.844020962008E0));
#703=CARTESIAN_POINT('',(1.493694702511E0,2.297846599351E0,2.079144376194E0));
#704=CARTESIAN_POINT('',(1.499305555555E0,2.188495487772E0,2.188495487772E0));
#706=CARTESIAN_POINT('',(8.655E-1,-2.696989624405E0,-4.264706506321E-1));
#707=CARTESIAN_POINT('',(8.792110336602E-1,-2.688523981529E0,
-5.677927517440E-1));
#708=CARTESIAN_POINT('',(9.065837459678E-1,-2.649365409743E0,
-8.507161467055E-1));
#709=CARTESIAN_POINT('',(9.474934292593E-1,-2.524171168209E0,
-1.265393647712E0));
#710=CARTESIAN_POINT('',(9.882576877745E-1,-2.334393781303E0,
-1.660000807371E0));
#711=CARTESIAN_POINT('',(1.028882138431E0,-2.083490522459E0,-2.024580104492E0));
#712=CARTESIAN_POINT('',(1.069370033047E0,-1.776446143060E0,-2.349779312800E0));
#713=CARTESIAN_POINT('',(1.109725169808E0,-1.419645314902E0,-2.627107699631E0));
#714=CARTESIAN_POINT('',(1.149950313392E0,-1.020734563270E0,-2.849127437670E0));
#715=CARTESIAN_POINT('',(1.190047184562E0,-5.884502546796E-1,
-3.009643549518E0));
#716=CARTESIAN_POINT('',(1.216696274317E0,-2.843943472140E-1,
-3.072456542124E0));
#717=CARTESIAN_POINT('',(1.23E0,-1.301151045312E-1,-3.092263743534E0));
#719=CARTESIAN_POINT('',(8.655E-1,0.E0,0.E0));
#720=DIRECTION('',(-1.E0,0.E0,0.E0));
#721=DIRECTION('',(0.E0,3.290051974671E-1,-9.443281103725E-1));
#722=AXIS2_PLACEMENT_3D('',#719,#720,#721);
#724=CARTESIAN_POINT('',(9.534594006109E-1,2.818459400611E0,0.E0));
#725=CARTESIAN_POINT('',(9.498089052934E-1,2.814808905293E0,
-1.445241339993E-1));
#726=CARTESIAN_POINT('',(9.425042323968E-1,2.785227913305E0,
-4.325908078728E-1));
#727=CARTESIAN_POINT('',(9.315360288430E-1,2.675379193994E0,
-8.515559386686E-1));
#728=CARTESIAN_POINT('',(9.205570733535E-1,2.502973316653E0,-1.247505586132E0));
#729=CARTESIAN_POINT('',(9.095678736867E-1,2.272422346488E0,-1.611139635153E0));
#730=CARTESIAN_POINT('',(8.985679616116E-1,1.989491276947E0,-1.933989295773E0));
#731=CARTESIAN_POINT('',(8.875570671875E-1,1.661173666571E0,-2.208572505845E0));
#732=CARTESIAN_POINT('',(8.765349443898E-1,1.295523639491E0,-2.428577557186E0));
#733=CARTESIAN_POINT('',(8.691795438485E-1,1.032830348748E0,-2.535530780784E0));
#734=CARTESIAN_POINT('',(8.655E-1,8.983486916840E-1,-2.578487905372E0));
#736=DIRECTION('',(7.071067811865E-1,7.071067811865E-1,-1.025386893996E-14));
#737=VECTOR('',#736,2.170243656176E-1);
#738=CARTESIAN_POINT('',(8.E-1,2.665E0,0.E0));
#739=LINE('',#738,#737);
#740=CARTESIAN_POINT('',(8.E-1,0.E0,0.E0));
#741=DIRECTION('',(-1.E0,0.E0,0.E0));
#742=DIRECTION('',(0.E0,1.E0,0.E0));
#743=AXIS2_PLACEMENT_3D('',#740,#741,#742);
#745=DIRECTION('',(7.071067811865E-1,-7.071067811865E-1,0.E0));
#746=VECTOR('',#745,5.333162682982E-1);
#747=CARTESIAN_POINT('',(8.E-1,-2.665E0,0.E0));
#748=LINE('',#747,#746);
#749=CARTESIAN_POINT('',(1.23E0,-2.279472447457E0,-2.093568809780E0));
#750=CARTESIAN_POINT('',(1.226481662309E0,-2.380348114668E0,-1.978534348980E0));
#751=CARTESIAN_POINT('',(1.219441956616E0,-2.564744565979E0,-1.733768872378E0));
#752=CARTESIAN_POINT('',(1.208873440325E0,-2.783424207605E0,-1.330780854672E0));
#753=CARTESIAN_POINT('',(1.198295566736E0,-2.939630962277E0,
-9.009546794757E-1));
#754=CARTESIAN_POINT('',(1.187708955578E0,-3.030183825047E0,
-4.539002364302E-1));
#755=CARTESIAN_POINT('',(1.180645029305E0,-3.045645029305E0,
-1.509921970725E-1));
#756=CARTESIAN_POINT('',(1.177111549831E0,-3.042111549831E0,0.E0));
#758=CARTESIAN_POINT('',(8.655E-1,8.983486916840E-1,-2.578487905372E0));
#759=CARTESIAN_POINT('',(8.713424097763E-1,1.032503352480E0,-2.531748239168E0));
#760=CARTESIAN_POINT('',(8.830266404659E-1,1.293487128850E0,-2.417291879877E0));
#761=CARTESIAN_POINT('',(9.005509321770E-1,1.653477966300E0,-2.186871743188E0));
#762=CARTESIAN_POINT('',(9.180740327667E-1,1.973260631912E0,-1.903321788087E0));
#763=CARTESIAN_POINT('',(9.355965021630E-1,2.245081111313E0,-1.573530944739E0));
#764=CARTESIAN_POINT('',(9.531189624530E-1,2.462346796876E0,-1.205504020778E0));
#765=CARTESIAN_POINT('',(9.706420903618E-1,2.619782669624E0,
-8.081678081035E-1));
#766=CARTESIAN_POINT('',(9.881662819029E-1,2.713558569379E0,
-3.911658444692E-1));
#767=CARTESIAN_POINT('',(1.005693001298E0,2.741381039666E0,3.540586535093E-2));
#768=CARTESIAN_POINT('',(1.023219720647E0,2.702551051692E0,4.611167356734E-1));
#769=CARTESIAN_POINT('',(1.040743912329E0,2.598036780983E0,8.755577157731E-1));
#770=CARTESIAN_POINT('',(1.058267039721E0,2.430391683436E0,1.268695393043E0));
#771=CARTESIAN_POINT('',(1.075789501936E0,2.203693618430E0,1.630988391430E0));
#772=CARTESIAN_POINT('',(1.093311964150E0,1.923446693982E0,1.953649034671E0));
#773=CARTESIAN_POINT('',(1.110835091543E0,1.596446926930E0,2.228845808575E0));
#774=CARTESIAN_POINT('',(1.128359283223E0,1.230627866999E0,2.449890994350E0));
#775=CARTESIAN_POINT('',(1.145886002581E0,8.348390302553E-1,2.611410992622E0));
#776=CARTESIAN_POINT('',(1.163412721940E0,4.187523685093E-1,2.709438555328E0));
#777=CARTESIAN_POINT('',(1.180936913619E0,-7.452451110803E-3,2.741594588899E0));
#778=CARTESIAN_POINT('',(1.198460041012E0,-4.334498645735E-1,2.707122633012E0));
#779=CARTESIAN_POINT('',(1.215982503226E0,-8.488980993506E-1,2.606867989332E0));
#780=CARTESIAN_POINT('',(1.233504965441E0,-1.243718455271E0,2.443267512836E0));
#781=CARTESIAN_POINT('',(1.251028092834E0,-1.608329896133E0,2.220286327056E0));
#782=CARTESIAN_POINT('',(1.268552284513E0,-1.933875923166E0,1.943330837770E0));
#783=CARTESIAN_POINT('',(1.286079003872E0,-2.212456315460E0,1.619092533182E0));
#784=CARTESIAN_POINT('',(1.303605723230E0,-2.437244240598E0,1.255488487762E0));
#785=CARTESIAN_POINT('',(1.321129914910E0,-2.602758392565E0,8.614204425457E-1));
#786=CARTESIAN_POINT('',(1.338653042303E0,-2.705010312516E0,4.464425432719E-1));
#787=CARTESIAN_POINT('',(1.356175504517E0,-2.741525675430E0,2.063171951252E-2));
#788=CARTESIAN_POINT('',(1.373697966732E0,-2.711423078469E0,
-4.056804466452E-1));
#789=CARTESIAN_POINT('',(1.391221094124E0,-2.615428330051E0,
-8.221502778418E-1));
#790=CARTESIAN_POINT('',(1.408745285806E0,-2.455863812853E0,-1.218664746202E0));
#791=CARTESIAN_POINT('',(1.426272005155E0,-2.236573740523E0,-1.585610760289E0));
#792=CARTESIAN_POINT('',(1.443798724550E0,-1.962904821769E0,-1.914005090904E0));
#793=CARTESIAN_POINT('',(1.461322916091E0,-1.641563966346E0,-2.195828815394E0));
#794=CARTESIAN_POINT('',(1.478846044E0,-1.280349768890E0,-2.424272295246E0));
#795=CARTESIAN_POINT('',(1.496368504290E0,-8.880364376832E-1,
-2.593796467685E0));
#796=CARTESIAN_POINT('',(1.513890973686E0,-4.741439436079E-1,
-2.700292367726E0));
#797=CARTESIAN_POINT('',(1.531414074276E0,-4.871430180806E-2,
-2.741172071030E0));
#798=CARTESIAN_POINT('',(1.548938365987E0,3.779288341354E-1,-2.715433442629E0));
#799=CARTESIAN_POINT('',(1.560622596677E0,6.562655547432E-1,-2.654265970295E0));
#800=CARTESIAN_POINT('',(1.566465006453E0,7.922183279615E-1,-2.613048099604E0));
#802=DIRECTION('',(1.E0,0.E0,0.E0));
#803=VECTOR('',#802,1.964241537608E-1);
#804=CARTESIAN_POINT('',(1.566465006453E0,7.922183279615E-1,-2.613048099604E0));
#805=LINE('',#804,#803);
#806=CARTESIAN_POINT('',(1.566465006453E0,7.922183279615E-1,-2.613048099604E0));
#807=CARTESIAN_POINT('',(1.572339073949E0,9.289077757742E-1,-2.571606885486E0));
#808=CARTESIAN_POINT('',(1.584086610461E0,1.195754083557E0,-2.467234113565E0));
#809=CARTESIAN_POINT('',(1.601705827350E0,1.566597653205E0,-2.250073768309E0));
#810=CARTESIAN_POINT('',(1.619323833663E0,1.898930723031E0,-1.977654188377E0));
#811=CARTESIAN_POINT('',(1.636941198472E0,2.184607123787E0,-1.656666266900E0));
#812=CARTESIAN_POINT('',(1.654558554026E0,2.416622873275E0,-1.294985798217E0));
#813=CARTESIAN_POINT('',(1.672176588104E0,2.589284082725E0,-9.014805170158E-1));
#814=CARTESIAN_POINT('',(1.689795703187E0,2.698345459399E0,-4.858041437956E-1));
#815=CARTESIAN_POINT('',(1.707417387414E0,2.741114363677E0,-5.812883324543E-2));
#816=CARTESIAN_POINT('',(1.725039071593E0,2.716514559324E0,3.709751164635E-1));
#817=CARTESIAN_POINT('',(1.742658186819E0,2.625173198918E0,7.909012870659E-1));
#818=CARTESIAN_POINT('',(1.760276220372E0,2.469349289656E0,1.191372510545E0));
#819=CARTESIAN_POINT('',(1.777893577882E0,2.252874971338E0,1.562563800993E0));
#820=CARTESIAN_POINT('',(1.795510935392E0,1.981063384083E0,1.895373905454E0));
#821=CARTESIAN_POINT('',(1.813128968946E0,1.660577194751E0,2.181637584566E0));
#822=CARTESIAN_POINT('',(1.830748084169E0,1.299275839489E0,2.414323131084E0));
#823=CARTESIAN_POINT('',(1.848369768359E0,9.059934684319E-1,2.587713807597E0));
#824=CARTESIAN_POINT('',(1.865991452548E0,4.904443836348E-1,2.697505921204E0));
#825=CARTESIAN_POINT('',(1.883610567772E0,6.290588895275E-2,2.741003834227E0));
#826=CARTESIAN_POINT('',(1.901228601325E0,-3.661512390788E-1,2.717165369158E0));
#827=CARTESIAN_POINT('',(1.918845958835E0,-7.861978376563E-1,2.626584136995E0));
#828=CARTESIAN_POINT('',(1.936463316345E0,-1.186933093293E0,2.471486234086E0));
#829=CARTESIAN_POINT('',(1.954081349899E0,-1.558527144058E0,2.255671144327E0));
#830=CARTESIAN_POINT('',(1.971700465122E0,-1.891856254351E0,1.984427827169E0));
#831=CARTESIAN_POINT('',(1.989322149311E0,-2.178744210315E0,1.664379938863E0));
#832=CARTESIAN_POINT('',(2.006943833501E0,-2.412084899843E0,1.303426378558E0));
#833=CARTESIAN_POINT('',(2.024562948724E0,-2.586126124463E0,9.105003231669E-1));
#834=CARTESIAN_POINT('',(2.042180982278E0,-2.696627449573E0,4.952320379819E-1));
#835=CARTESIAN_POINT('',(2.059798339788E0,-2.740885330988E0,6.781497640229E-2));
#836=CARTESIAN_POINT('',(2.077415697297E0,-2.717818966452E0,
-3.612678214630E-1));
#837=CARTESIAN_POINT('',(2.095033730851E0,-2.627989410440E0,
-7.814926926905E-1));
#838=CARTESIAN_POINT('',(2.112652846074E0,-2.473592794934E0,-1.182544956109E0));
#839=CARTESIAN_POINT('',(2.130274530264E0,-2.258388113567E0,-1.554596424596E0));
#840=CARTESIAN_POINT('',(2.147896214453E0,-1.987678747685E0,-1.888440384119E0));
#841=CARTESIAN_POINT('',(2.165515329677E0,-1.668171484524E0,-2.175836176815E0));
#842=CARTESIAN_POINT('',(2.183133363230E0,-1.307704969219E0,-2.409763906841E0));
#843=CARTESIAN_POINT('',(2.200750720740E0,-9.151302149943E-1,
-2.584489883566E0));
#844=CARTESIAN_POINT('',(2.218368078250E0,-5.000771575097E-1,
-2.695733148843E0));
#845=CARTESIAN_POINT('',(2.235986111803E0,-7.272391759805E-2,
-2.740760916593E0));
#846=CARTESIAN_POINT('',(2.253605227027E0,3.564425815220E-1,-2.718459595883E0));
#847=CARTESIAN_POINT('',(2.271226911216E0,7.769128356327E-1,-2.629352270179E0));
#848=CARTESIAN_POINT('',(2.288848595405E0,1.178288806711E0,-2.475623027916E0));
#849=CARTESIAN_POINT('',(2.306467710629E0,1.550655245340E0,-2.261089887690E0));
#850=CARTESIAN_POINT('',(2.324085744182E0,1.884906096779E0,-1.991025710421E0));
#851=CARTESIAN_POINT('',(2.341703101692E0,2.172843797475E0,-1.672064921115E0));
#852=CARTESIAN_POINT('',(2.359320459202E0,2.407410031448E0,-1.312033274622E0));
#853=CARTESIAN_POINT('',(2.376938492756E0,2.582848068805E0,-9.197581331976E-1));
#854=CARTESIAN_POINT('',(2.394557607979E0,2.694844576702E0,-5.048629475287E-1));
#855=CARTESIAN_POINT('',(2.412179292168E0,2.740635067419E0,-7.750059419628E-2));
#856=CARTESIAN_POINT('',(2.429800976358E0,2.719068630479E0,3.517665008433E-1));
#857=CARTESIAN_POINT('',(2.447420091581E0,2.630697438842E0,7.723277512708E-1));
#858=CARTESIAN_POINT('',(2.465038125135E0,2.477707808376E0,1.173890280027E0));
#859=CARTESIAN_POINT('',(2.482655482644E0,2.263862343580E0,1.546602262371E0));
#860=CARTESIAN_POINT('',(2.500272840154E0,1.994409727511E0,1.881325121302E0));
#861=CARTESIAN_POINT('',(2.517890873708E0,1.675954751633E0,2.169846732052E0));
#862=CARTESIAN_POINT('',(2.535509988931E0,1.316306958213E0,2.405080015328E0));
#863=CARTESIAN_POINT('',(2.553131673120E0,9.242598728941E-1,2.581245939895E0));
#864=CARTESIAN_POINT('',(2.570753357310E0,5.094971381493E-1,2.693972263144E0));
#865=CARTESIAN_POINT('',(2.588372472533E0,8.227674934696E-2,2.740490778425E0));
#866=CARTESIAN_POINT('',(2.605990506087E0,-3.469381442332E-1,2.719685330568E0));
#867=CARTESIAN_POINT('',(2.623607863596E0,-7.676144473354E-1,2.632075099402E0));
#868=CARTESIAN_POINT('',(2.641225221106E0,-1.169435870497E0,2.479813323222E0));
#869=CARTESIAN_POINT('',(2.658843254660E0,-1.542545943908E0,2.266629917090E0));
#870=CARTESIAN_POINT('',(2.676462369883E0,-1.877783779380E0,1.997749225070E0));
#871=CARTESIAN_POINT('',(2.694084054073E0,-2.166926553635E0,1.679736951436E0));
#872=CARTESIAN_POINT('',(2.711705738262E0,-2.402812505468E0,1.320441574602E0));
#873=CARTESIAN_POINT('',(2.729324853485E0,-2.579626443583E0,9.287553938908E-1));
#874=CARTESIAN_POINT('',(2.746942887039E0,-2.693059976030E0,5.142784641973E-1));
#875=CARTESIAN_POINT('',(2.764560244549E0,-2.740337582477E0,8.718487664832E-2));
#876=CARTESIAN_POINT('',(2.782177602058E0,-2.720304397295E0,
-3.420502291949E-1));
#877=CARTESIAN_POINT('',(2.799795635612E0,-2.633447083473E0,
-7.628994879172E-1));
#878=CARTESIAN_POINT('',(2.817414750835E0,-2.481888817677E0,-1.165032954495E0));
#879=CARTESIAN_POINT('',(2.835036435025E0,-2.269319037556E0,-1.538596120057E0));
#880=CARTESIAN_POINT('',(2.852658119214E0,-2.000975922246E0,-1.874345018122E0));
#881=CARTESIAN_POINT('',(2.870277234437E0,-1.683507849462E0,-2.163991795482E0));
#882=CARTESIAN_POINT('',(2.887895267991E0,-1.324703654455E0,-2.400461330892E0));
#883=CARTESIAN_POINT('',(2.905512625501E0,-9.333736057180E-1,
-2.577957521139E0));
#884=CARTESIAN_POINT('',(2.923129983011E0,-5.191171421163E-1,
-2.692131454070E0));
#885=CARTESIAN_POINT('',(2.940748016564E0,-9.209281592163E-2,
-2.740178476554E0));
#886=CARTESIAN_POINT('',(2.958367131787E0,3.372205820306E-1,-2.720910907660E0));
#887=CARTESIAN_POINT('',(2.975988815977E0,7.583101130428E-1,-2.634777540387E0));
#888=CARTESIAN_POINT('',(2.993610500166E0,1.160762562441E0,-2.483888919015E0));
#889=CARTESIAN_POINT('',(3.011229615390E0,1.534635944066E0,-2.271992889358E0));
#890=CARTESIAN_POINT('',(3.028847648943E0,1.870787163924E0,-2.004297822314E0));
#891=CARTESIAN_POINT('',(3.046465006453E0,2.160971973468E0,-1.687380039747E0));
#892=CARTESIAN_POINT('',(3.064082363963E0,2.398076923380E0,-1.329015215408E0));
#893=CARTESIAN_POINT('',(3.081700397516E0,2.576283038920E0,-9.379898045765E-1));
#894=CARTESIAN_POINT('',(3.099319512740E0,2.691209079876E0,-5.238965324959E-1));
#895=CARTESIAN_POINT('',(3.116941196929E0,2.740018870687E0,-9.686848376033E-2));
#896=CARTESIAN_POINT('',(3.134562881118E0,2.721486878185E0,3.325403137041E-1));
#897=CARTESIAN_POINT('',(3.152181996342E0,2.636090269721E0,7.537156360289E-1));
#898=CARTESIAN_POINT('',(3.169800029895E0,2.485942560197E0,1.156349411135E0));
#899=CARTESIAN_POINT('',(3.187417387405E0,2.274736630973E0,1.530563467602E0));
#900=CARTESIAN_POINT('',(3.205034744915E0,2.007656445834E0,1.867182360867E0));
#901=CARTESIAN_POINT('',(3.222652778469E0,1.691248590929E0,2.157947490973E0));
#902=CARTESIAN_POINT('',(3.240271893692E0,1.333272324541E0,2.395716760592E0));
#903=CARTESIAN_POINT('',(3.257893577881E0,9.424801085648E-1,2.574649133344E0));
#904=CARTESIAN_POINT('',(3.275515262071E0,5.285244421733E-1,2.690304035308E0));
#905=CARTESIAN_POINT('',(3.293134377294E0,1.016434998385E-1,2.739840829146E0));
#906=CARTESIAN_POINT('',(3.310752410848E0,-3.277077190724E-1,2.722069437779E0));
#907=CARTESIAN_POINT('',(3.328369768357E0,-7.489927130036E-1,2.637434583933E0));
#908=CARTESIAN_POINT('',(3.345987125868E0,-1.151880231832E0,2.488016540283E0));
#909=CARTESIAN_POINT('',(3.363605159420E0,-1.526487690242E0,2.277475466770E0));
#910=CARTESIAN_POINT('',(3.381224274646E0,-1.863617504991E0,2.010970831003E0));
#911=CARTESIAN_POINT('',(3.398845958826E0,-2.155000654381E0,1.695010057676E0));
#912=CARTESIAN_POINT('',(3.416467643053E0,-2.393420084928E0,1.337390811039E0));
#913=CARTESIAN_POINT('',(3.434086758136E0,-2.572997906442E0,9.469640737941E-1));
#914=CARTESIAN_POINT('',(3.451704792213E0,-2.689357971974E0,5.332991916355E-1));
#915=CARTESIAN_POINT('',(3.469322147767E0,-2.739652971688E0,1.065504570842E-1));
#916=CARTESIAN_POINT('',(3.486939512577E0,-2.722653855136E0,
-3.228156823815E-1));
#917=CARTESIAN_POINT('',(3.504557518889E0,-2.638773538062E0,
-7.442676834882E-1));
#918=CARTESIAN_POINT('',(3.522176735778E0,-2.490059640683E0,-1.147464590009E0));
#919=CARTESIAN_POINT('',(3.533924272290E0,-2.350113994974E0,-1.397496275487E0));
#920=CARTESIAN_POINT('',(3.539798339786E0,-2.270796737478E0,-1.516282436441E0));
#922=CARTESIAN_POINT('',(3.539798339786E0,-2.270796737478E0,-1.516282436441E0));
#923=CARTESIAN_POINT('',(3.545647312431E0,-2.191818334581E0,-1.634561126030E0));
#924=CARTESIAN_POINT('',(3.557344683144E0,-2.015350181650E0,-1.858738869096E0));
#925=CARTESIAN_POINT('',(3.574888739961E0,-1.701581600497E0,-2.149687254381E0));
#926=CARTESIAN_POINT('',(3.592431624079E0,-1.346389013232E0,-2.388255806048E0));
#927=CARTESIAN_POINT('',(3.609973869937E0,-9.584180740414E-1,
-2.568649724162E0));
#928=CARTESIAN_POINT('',(3.627516078344E0,-5.471062900792E-1,
-2.686485357629E0));
#929=CARTESIAN_POINT('',(3.645058876753E0,-1.224554353520E-1,
-2.738893675982E0));
#930=CARTESIAN_POINT('',(3.662602719668E0,3.052037552490E-1,-2.724591049272E0));
#931=CARTESIAN_POINT('',(3.680148726745E0,7.254803074039E-1,-2.643905999470E0));
#932=CARTESIAN_POINT('',(3.697695529979E0,1.128096988736E0,-2.498789334124E0));
#933=CARTESIAN_POINT('',(3.715239622810E0,1.503168418723E0,-2.292819112822E0));
#934=CARTESIAN_POINT('',(3.732782650034E0,1.841604061790E0,-2.031015678918E0));
#935=CARTESIAN_POINT('',(3.750324925654E0,2.135172363005E0,-1.719757398870E0));
#936=CARTESIAN_POINT('',(3.767867113983E0,2.376738469345E0,-1.366617211686E0));
#937=CARTESIAN_POINT('',(3.785409808895E0,2.560425055763E0,-9.801821252838E-1));
#938=CARTESIAN_POINT('',(3.802953535703E0,2.681756038978E0,-5.698490237425E-1));
#939=CARTESIAN_POINT('',(3.820499164403E0,2.737766294642E0,-1.455879983186E-1));
#940=CARTESIAN_POINT('',(3.838046254829E0,2.727065233915E0,2.822560214398E-1));
#941=CARTESIAN_POINT('',(3.855590516234E0,2.649926298416E0,7.031544348291E-1));
#942=CARTESIAN_POINT('',(3.873133660310E0,2.508247675E0,1.106898566605E0));
#943=CARTESIAN_POINT('',(3.890675982161E0,2.305485983309E0,1.483664731359E0));
#944=CARTESIAN_POINT('',(3.908218154807E0,2.046577524792E0,1.824293919710E0));
#945=CARTESIAN_POINT('',(3.925760756185E0,1.737817800470E0,2.120500483199E0));
#946=CARTESIAN_POINT('',(3.943304366651E0,1.386711089640E0,2.365073703365E0));
#947=CARTESIAN_POINT('',(3.960849651971E0,1.001788069411E0,2.552054083829E0));
#948=CARTESIAN_POINT('',(3.978396933851E0,5.924090122928E-1,2.676865107988E0));
#949=CARTESIAN_POINT('',(3.995941398793E0,1.686622357859E-1,2.736437397237E0));
#950=CARTESIAN_POINT('',(4.013484659620E0,-2.591629688982E-1,2.729352667762E0));
#951=CARTESIAN_POINT('',(4.031027037162E0,-6.806545918037E-1,2.655792946891E0));
#952=CARTESIAN_POINT('',(4.048569200398E0,-1.085563999985E0,2.517554023276E0));
#953=CARTESIAN_POINT('',(4.066111717703E0,-1.464042832303E0,2.317997217458E0));
#954=CARTESIAN_POINT('',(4.083655211725E0,-1.806882404361E0,2.061968820494E0));
#955=CARTESIAN_POINT('',(4.101200188625E0,-2.105734841002E0,1.755687639978E0));
#956=CARTESIAN_POINT('',(4.118747566232E0,-2.353314072559E0,1.406580892143E0));
#957=CARTESIAN_POINT('',(4.136292269673E0,-2.543518067691E0,1.023256427284E0));
#958=CARTESIAN_POINT('',(4.153835647148E0,-2.671752478496E0,6.150371393745E-1));
#959=CARTESIAN_POINT('',(4.171378089841E0,-2.734907117860E0,1.918597788187E-1));
#960=CARTESIAN_POINT('',(4.188920249941E0,-2.731453648993E0,
-2.359832228206E-1));
#961=CARTESIAN_POINT('',(4.206462692634E0,-2.661476066383E0,
-6.580859649252E-1));
#962=CARTESIAN_POINT('',(4.224006070109E0,-2.526668654025E0,-1.064182028326E0));
#963=CARTESIAN_POINT('',(4.241550773550E0,-2.330301598519E0,-1.444386163805E0));
#964=CARTESIAN_POINT('',(4.259098151157E0,-2.077119144634E0,-1.789450856764E0));
#965=CARTESIAN_POINT('',(4.276643128057E0,-1.773361481491E0,-2.090867881011E0));
#966=CARTESIAN_POINT('',(4.294186622079E0,-1.426433623775E0,-2.341328604004E0));
#967=CARTESIAN_POINT('',(4.311729139384E0,-1.044782746486E0,-2.534749784657E0));
#968=CARTESIAN_POINT('',(4.329271302620E0,-6.376945657470E-1,
-2.666434415266E0));
#969=CARTESIAN_POINT('',(4.346813680162E0,-2.150704198258E-1,
-2.733180591177E0));
#970=CARTESIAN_POINT('',(4.364356940989E0,2.128134050738E-1,-2.733358197053E0));
#971=CARTESIAN_POINT('',(4.381901405932E0,6.355433172903E-1,-2.666953305939E0));
#972=CARTESIAN_POINT('',(4.399448687812E0,1.042854261057E0,-2.535550112500E0));
#973=CARTESIAN_POINT('',(4.416993973131E0,1.424708781056E0,-2.342380446823E0));
#974=CARTESIAN_POINT('',(4.434537583597E0,1.771821701181E0,-2.092171328095E0));
#975=CARTESIAN_POINT('',(4.452080184976E0,2.075759657485E0,-1.791019183267E0));
#976=CARTESIAN_POINT('',(4.469622357622E0,2.329135748044E0,-1.446254929636E0));
#977=CARTESIAN_POINT('',(4.487164679472E0,2.525789043839E0,-1.066264761640E0));
#978=CARTESIAN_POINT('',(4.504707823549E0,2.660931736619E0,-6.602861798592E-1));
#979=CARTESIAN_POINT('',(4.522252084954E0,2.731266236715E0,-2.381973884186E-1));
#980=CARTESIAN_POINT('',(4.539799175380E0,2.735059398912E0,1.897636260025E-1));
#981=CARTESIAN_POINT('',(4.557344804080E0,2.672207775949E0,6.130652205236E-1));
#982=CARTESIAN_POINT('',(4.574888530889E0,2.544268769271E0,1.021386261224E0));
#983=CARTESIAN_POINT('',(4.592431225801E0,2.354368059819E0,1.404805820691E0));
#984=CARTESIAN_POINT('',(4.609973414130E0,2.107132837545E0,1.754000494768E0));
#985=CARTESIAN_POINT('',(4.627515689750E0,1.808578278103E0,2.060479269584E0));
#986=CARTESIAN_POINT('',(4.645058716974E0,1.465960551580E0,2.316785367784E0));
#987=CARTESIAN_POINT('',(4.662602809806E0,1.087613103597E0,2.516674132504E0));
#988=CARTESIAN_POINT('',(4.680149613040E0,6.827063265034E-1,2.655272619189E0));
#989=CARTESIAN_POINT('',(4.697695620117E0,2.611820718526E-1,2.729162809972E0));
#990=CARTESIAN_POINT('',(4.715239463032E0,-1.666522760432E-1,2.736560052487E0));
#991=CARTESIAN_POINT('',(4.732782261441E0,-5.904017936162E-1,2.677303604654E0));
#992=CARTESIAN_POINT('',(4.750324469848E0,-9.997578131610E-1,2.552843693827E0));
#993=CARTESIAN_POINT('',(4.767866715707E0,-1.384766177440E0,2.366210431025E0));
#994=CARTESIAN_POINT('',(4.785409599824E0,-1.736061372423E0,2.121939241821E0));
#995=CARTESIAN_POINT('',(4.802953656642E0,-2.045092413441E0,1.825963734210E0));
#996=CARTESIAN_POINT('',(4.814651027355E0,-2.217918766564E0,1.598966551075E0));
#997=CARTESIAN_POINT('',(4.8205E0,-2.294977555968E0,1.479428358389E0));
#999=DIRECTION('',(1.E0,0.E0,0.E0));
#1000=VECTOR('',#999,1.964241537608E-1);
#1001=CARTESIAN_POINT('',(3.539798339786E0,-2.270796737478E0,
-1.516282436441E0));
#1002=LINE('',#1001,#1000);
#1003=CARTESIAN_POINT('',(3.736222493547E0,-2.270796737478E0,
-1.516282436441E0));
#1004=CARTESIAN_POINT('',(3.742053014184E0,-2.192067491177E0,
-1.634187987115E0));
#1005=CARTESIAN_POINT('',(3.753713431388E0,-2.016215188707E0,
-1.857696495851E0));
#1006=CARTESIAN_POINT('',(3.771201866174E0,-1.703662316759E0,
-2.147948420243E0));
#1007=CARTESIAN_POINT('',(3.788689066355E0,-1.349898369923E0,
-2.386192792443E0));
#1008=CARTESIAN_POINT('',(3.806175654090E0,-9.634780018577E-1,
-2.566680636755E0));
#1009=CARTESIAN_POINT('',(3.823662313333E0,-5.537393073738E-1,
-2.685054233721E0));
#1010=CARTESIAN_POINT('',(3.841149815117E0,-1.305789528779E-1,
-2.738447988010E0));
#1011=CARTESIAN_POINT('',(3.858638520360E0,2.957718614920E-1,
-2.725561748480E0));
#1012=CARTESIAN_POINT('',(3.876130343364E0,7.150368578768E-1,
-2.646676581102E0));
#1013=CARTESIAN_POINT('',(3.893620395018E0,1.116946184727E0,-2.503714653746E0));
#1014=CARTESIAN_POINT('',(3.911108446604E0,1.491772561999E0,-2.300165302704E0));
#1015=CARTESIAN_POINT('',(3.928595431173E0,1.830471631075E0,-2.040959161566E0));
#1016=CARTESIAN_POINT('',(3.946081974239E0,2.124863359913E0,-1.732367006330E0));
#1017=CARTESIAN_POINT('',(3.963568769708E0,2.367836020777E0,-1.381845619755E0));
#1018=CARTESIAN_POINT('',(3.981056545446E0,2.553512861592E0,
-9.978593877579E-1));
#1019=CARTESIAN_POINT('',(3.998545825087E0,2.677394949121E0,
-5.896849777671E-1));
#1020=CARTESIAN_POINT('',(4.016037915235E0,2.736462629654E0,
-1.671656755786E-1));
#1021=CARTESIAN_POINT('',(4.033527194877E0,2.729266852603E0,2.593332592086E-1));
#1022=CARTESIAN_POINT('',(4.051014970615E0,2.656012101541E0,6.795178103589E-1));
#1023=CARTESIAN_POINT('',(4.068501766083E0,2.518480815002E0,1.083233182368E0));
#1024=CARTESIAN_POINT('',(4.085988309149E0,2.320003185774E0,1.460727869719E0));
#1025=CARTESIAN_POINT('',(4.103475293719E0,2.065373358620E0,1.802880663246E0));
#1026=CARTESIAN_POINT('',(4.120963345302E0,1.760738073978E0,2.101417921816E0));
#1027=CARTESIAN_POINT('',(4.138453396967E0,1.413442779630E0,2.349117736644E0));
#1028=CARTESIAN_POINT('',(4.155945219931E0,1.031884922897E0,2.539956958066E0));
#1029=CARTESIAN_POINT('',(4.173433925321E0,6.254134922459E-1,2.669270723587E0));
#1030=CARTESIAN_POINT('',(4.190921426558E0,2.038337316150E-1,2.733970613170E0));
#1031=CARTESIAN_POINT('',(4.208408087840E0,-2.226589212965E-1,
2.732501091597E0));
#1032=CARTESIAN_POINT('',(4.225894667964E0,-6.437611104570E-1,
2.664904067474E0));
#1033=CARTESIAN_POINT('',(4.243381896551E0,-1.049298643407E0,2.532808527241E0));
#1034=CARTESIAN_POINT('',(4.260870225324E0,-1.429464706089E0,2.339400040965E0));
#1035=CARTESIAN_POINT('',(4.278361246775E0,-1.775080376601E0,2.089321692936E0));
#1036=CARTESIAN_POINT('',(4.295852268225E0,-2.077712767471E0,1.788650763427E0));
#1037=CARTESIAN_POINT('',(4.313340596998E0,-2.330001977969E0,1.444727469588E0));
#1038=CARTESIAN_POINT('',(4.330827825585E0,-2.525882927419E0,1.065859978210E0));
#1039=CARTESIAN_POINT('',(4.348314405709E0,-2.660627454809E0,
6.612115830267E-1));
#1040=CARTESIAN_POINT('',(4.365801066991E0,-2.730984176657E0,
2.405596197933E-1));
#1041=CARTESIAN_POINT('',(4.383288568228E0,-2.735247067884E0,
-1.859346920610E-1));
#1042=CARTESIAN_POINT('',(4.400777273618E0,-2.673303995887E0,
-6.079585417663E-1));
#1043=CARTESIAN_POINT('',(4.418269096582E0,-2.546618615673E0,
-1.015336524613E0));
#1044=CARTESIAN_POINT('',(4.435759148247E0,-2.358284028543E0,
-1.398088798326E0));
#1045=CARTESIAN_POINT('',(4.453247199830E0,-2.112887514012E0,
-1.746955108049E0));
#1046=CARTESIAN_POINT('',(4.470734184400E0,-1.816369328255E0,
-2.053519699138E0));
#1047=CARTESIAN_POINT('',(4.488220727465E0,-1.475901311897E0,
-2.310379851984E0));
#1048=CARTESIAN_POINT('',(4.505707522934E0,-1.099710271062E0,
-2.511330734461E0));
#1049=CARTESIAN_POINT('',(4.523195298672E0,-6.968815515391E-1,
-2.651510398843E0));
#1050=CARTESIAN_POINT('',(4.540684578314E0,-2.771485544002E-1,
-2.727519159489E0));
#1051=CARTESIAN_POINT('',(4.558176668461E0,1.493629845242E-1,
-2.737492061256E0));
#1052=CARTESIAN_POINT('',(4.575665948103E0,5.721898679318E-1,
-2.681184448539E0));
#1053=CARTESIAN_POINT('',(4.593153723841E0,9.811302593156E-1,
-2.559985967223E0));
#1054=CARTESIAN_POINT('',(4.610640519309E0,1.366302495733E0,-2.376837653916E0));
#1055=CARTESIAN_POINT('',(4.628127062375E0,1.718403915972E0,-2.136171498949E0));
#1056=CARTESIAN_POINT('',(4.645614046945E0,2.028926694593E0,-1.843801037114E0));
#1057=CARTESIAN_POINT('',(4.663102098530E0,2.290360830008E0,-1.506785689913E0));
#1058=CARTESIAN_POINT('',(4.680592150184E0,2.496379210853E0,-1.133254370695E0));
#1059=CARTESIAN_POINT('',(4.698083973188E0,2.641966750730E0,
-7.322428059514E-1));
#1060=CARTESIAN_POINT('',(4.715572678431E0,2.723567281336E0,
-3.135753657465E-1));
#1061=CARTESIAN_POINT('',(4.733060180215E0,2.739243137184E0,1.126520924933E-1));
#1062=CARTESIAN_POINT('',(4.750546839457E0,2.688624378851E0,5.361327266679E-1));
#1063=CARTESIAN_POINT('',(4.768033427192E0,2.572939993397E0,9.466369114973E-1));
#1064=CARTESIAN_POINT('',(4.785520627373E0,2.394981734372E0,1.334245178967E0));
#1065=CARTESIAN_POINT('',(4.803009062160E0,2.159040910300E0,1.689586430319E0));
#1066=CARTESIAN_POINT('',(4.814669479363E0,1.966880527607E0,1.899239651340E0));
#1067=CARTESIAN_POINT('',(4.8205E0,1.863243953041E0,1.995984023347E0));
#1069=DIRECTION('',(5.E-1,-7.202225458659E-1,-4.809152570115E-1));
#1070=VECTOR('',#1069,4.208883462392E-1);
#1071=CARTESIAN_POINT('',(3.736222493547E0,-2.270796737478E0,
-1.516282436441E0));
#1072=LINE('',#1071,#1070);
#1073=DIRECTION('',(7.071067811865E-1,-7.071067811865E-1,0.E0));
#1074=VECTOR('',#1073,4.778072006081E-1);
#1075=CARTESIAN_POINT('',(4.762139288350E0,2.788860711650E0,0.E0));
#1076=LINE('',#1075,#1074);
#1077=CARTESIAN_POINT('',(4.538487139129E0,-3.012512860871E0,0.E0));
#1078=CARTESIAN_POINT('',(4.542004141394E0,-3.008995858606E0,
-1.488258440824E-1));
#1079=CARTESIAN_POINT('',(4.549040903506E0,-2.979861317089E0,
-4.455477457292E-1));
#1080=CARTESIAN_POINT('',(4.559604152442E0,-2.871127735090E0,
-8.780892932138E-1));
#1081=CARTESIAN_POINT('',(4.570176008081E0,-2.700049597068E0,
-1.288663641147E0));
#1082=CARTESIAN_POINT('',(4.580756826179E0,-2.470670677214E0,
-1.668349496582E0));
#1083=CARTESIAN_POINT('',(4.591347205700E0,-2.188295872367E0,
-2.008935723742E0));
#1084=CARTESIAN_POINT('',(4.601947893715E0,-1.859370710153E0,
-2.303091648375E0));
#1085=CARTESIAN_POINT('',(4.612559393679E0,-1.491353116313E0,
-2.544513931394E0));
#1086=CARTESIAN_POINT('',(4.623181222954E0,-1.092583615114E0,
-2.728053801198E0));
#1087=CARTESIAN_POINT('',(4.633810780481E0,-6.721623731337E-1,
-2.849863205355E0));
#1088=CARTESIAN_POINT('',(4.644449653571E0,-2.394873850878E-1,
-2.907552125313E0));
#1089=CARTESIAN_POINT('',(4.655097660099E0,1.957346047617E-1,
-2.900132554635E0));
#1090=CARTESIAN_POINT('',(4.665755813991E0,6.238145409860E-1,
-2.828069232814E0));
#1091=CARTESIAN_POINT('',(4.676423965111E0,1.035203234978E0,-2.693268308070E0));
#1092=CARTESIAN_POINT('',(4.687104150932E0,1.420828519461E0,-2.498996187252E0));
#1093=CARTESIAN_POINT('',(4.697795495763E0,1.772096658910E0,-2.249872436718E0));
#1094=CARTESIAN_POINT('',(4.708494058306E0,2.081144163431E0,-1.951866341151E0));
#1095=CARTESIAN_POINT('',(4.719201695540E0,2.341283448644E0,-1.611902237971E0));
#1096=CARTESIAN_POINT('',(4.729919205875E0,2.546896019145E0,-1.237831668910E0));
#1097=CARTESIAN_POINT('',(4.740647125648E0,2.693599481763E0,
-8.382596070965E-1));
#1098=CARTESIAN_POINT('',(4.751386430131E0,2.778349338348E0,
-4.223225173509E-1));
#1099=CARTESIAN_POINT('',(4.758553719204E0,2.792446280796E0,
-1.404629298740E-1));
#1100=CARTESIAN_POINT('',(4.762139288350E0,2.788860711650E0,0.E0));
#1102=DIRECTION('',(7.071067811866E-1,7.071067811865E-1,0.E0));
#1103=VECTOR('',#1102,7.940991032905E-1);
#1104=CARTESIAN_POINT('',(4.538487139129E0,-3.012512860871E0,0.E0));
#1105=LINE('',#1104,#1103);
#1106=DIRECTION('',(5.E-1,-2.512657745315E-1,8.287734977357E-1));
#1107=VECTOR('',#1106,4.208883462392E-1);
#1108=CARTESIAN_POINT('',(1.356020833333E0,8.979731642706E-1,
-2.961869206472E0));
#1109=LINE('',#1108,#1107);
#1110=CARTESIAN_POINT('',(1.177111549831E0,-3.042111549831E0,0.E0));
#1111=CARTESIAN_POINT('',(1.173594124373E0,-3.038594124373E0,
1.503061788788E-1));
#1112=CARTESIAN_POINT('',(1.166556563301E0,-3.009236582826E0,
4.499876677745E-1));
#1113=CARTESIAN_POINT('',(1.155992088898E0,-2.899507062509E0,
8.868723534530E-1));
#1114=CARTESIAN_POINT('',(1.145419488670E0,-2.726802530120E0,1.301576543503E0));
#1115=CARTESIAN_POINT('',(1.134837912286E0,-2.495198576289E0,1.685107674070E0));
#1116=CARTESIAN_POINT('',(1.124246842616E0,-2.210048963765E0,2.029164095972E0));
#1117=CARTESIAN_POINT('',(1.113645448495E0,-1.877860788022E0,2.326343661681E0));
#1118=CARTESIAN_POINT('',(1.103031750474E0,-1.506104920293E0,2.570297052412E0));
#1119=CARTESIAN_POINT('',(1.092410263967E0,-1.103351949902E0,2.755734588643E0));
#1120=CARTESIAN_POINT('',(1.081781041037E0,-6.787082417057E-1,
2.878835576460E0));
#1121=CARTESIAN_POINT('',(1.071142670705E0,-2.416684153828E-1,
2.937175009603E0));
#1122=CARTESIAN_POINT('',(1.060494853237E0,1.979834227006E-1,2.929751218785E0));
#1123=CARTESIAN_POINT('',(1.049836856067E0,6.304488634087E-1,2.857023182140E0));
#1124=CARTESIAN_POINT('',(1.039168678940E0,1.046086313282E0,2.720907869118E0));
#1125=CARTESIAN_POINT('',(1.028488673897E0,1.435712134145E0,2.524701321929E0));
#1126=CARTESIAN_POINT('',(1.017798852409E0,1.790609732986E0,2.273100872389E0));
#1127=CARTESIAN_POINT('',(1.007101203409E0,2.102902520035E0,1.972090654381E0));
#1128=CARTESIAN_POINT('',(9.963941065474E-1,2.365814680880E0,1.628656736338E0));
#1129=CARTESIAN_POINT('',(9.856771730692E-1,2.573652906353E0,1.250739072126E0));
#1130=CARTESIAN_POINT('',(9.749498334512E-1,2.721984590826E0,
8.470266535958E-1));
#1131=CARTESIAN_POINT('',(9.642112129926E-1,2.807725924265E0,
4.267515768118E-1));
#1132=CARTESIAN_POINT('',(9.570445935611E-1,2.822044593561E0,
1.419387949484E-1));
#1133=CARTESIAN_POINT('',(9.534594006109E-1,2.818459400611E0,0.E0));
#1135=CARTESIAN_POINT('',(8.E-1,0.E0,0.E0));
#1136=DIRECTION('',(1.E0,0.E0,0.E0));
#1137=DIRECTION('',(0.E0,1.E0,0.E0));
#1138=AXIS2_PLACEMENT_3D('',#1135,#1136,#1137);
#1140=CARTESIAN_POINT('',(1.02E-1,0.E0,0.E0));
#1141=DIRECTION('',(-1.E0,0.E0,0.E0));
#1142=DIRECTION('',(0.E0,-1.E0,0.E0));
#1143=AXIS2_PLACEMENT_3D('',#1140,#1141,#1142);
#1145=DIRECTION('',(7.071067811865E-1,-7.071067811865E-1,2.091693503738E-9));
#1146=VECTOR('',#1145,1.442497834382E-1);
#1147=CARTESIAN_POINT('',(-2.445760631057E-10,-2.562999999755E0,
-1.370535765272E-9));
#1148=LINE('',#1147,#1146);
#1149=CARTESIAN_POINT('',(0.E0,0.E0,0.E0));
#1150=DIRECTION('',(-1.E0,0.E0,0.E0));
#1151=DIRECTION('',(0.E0,-1.E0,0.E0));
#1152=AXIS2_PLACEMENT_3D('',#1149,#1150,#1151);
#1154=CARTESIAN_POINT('',(0.E0,0.E0,0.E0));
#1155=DIRECTION('',(-1.E0,0.E0,0.E0));
#1156=DIRECTION('',(0.E0,1.E0,0.E0));
#1157=AXIS2_PLACEMENT_3D('',#1154,#1155,#1156);
#1159=CARTESIAN_POINT('',(0.E0,0.E0,0.E0));
#1160=DIRECTION('',(1.E0,0.E0,0.E0));
#1161=DIRECTION('',(0.E0,1.E0,0.E0));
#1162=AXIS2_PLACEMENT_3D('',#1159,#1160,#1161);
#1164=CARTESIAN_POINT('',(0.E0,0.E0,0.E0));
#1165=DIRECTION('',(1.E0,0.E0,0.E0));
#1166=DIRECTION('',(0.E0,-1.E0,0.E0));
#1167=AXIS2_PLACEMENT_3D('',#1164,#1165,#1166);
#1169=DIRECTION('',(7.071067811865E-1,7.071067811865E-1,-2.091693344060E-9));
#1170=VECTOR('',#1169,1.442497834382E-1);
#1171=CARTESIAN_POINT('',(-2.445759150760E-10,2.562999999755E0,
1.370535660646E-9));
#1172=LINE('',#1171,#1170);
#1173=CARTESIAN_POINT('',(1.02E-1,0.E0,0.E0));
#1174=DIRECTION('',(-1.E0,0.E0,0.E0));
#1175=DIRECTION('',(0.E0,1.E0,0.E0));
#1176=AXIS2_PLACEMENT_3D('',#1173,#1174,#1175);
#1178=DIRECTION('',(1.E0,-2.732548347942E-10,1.531245134210E-9));
#1179=VECTOR('',#1178,6.980000001907E-1);
#1180=CARTESIAN_POINT('',(1.019999998093E-1,-2.664999999809E0,
-1.068809430339E-9));
#1181=LINE('',#1180,#1179);
#1182=DIRECTION('',(1.E0,2.732554710252E-10,-1.531245017315E-9));
#1183=VECTOR('',#1182,6.980000001907E-1);
#1184=CARTESIAN_POINT('',(1.019999998093E-1,2.664999999809E0,
1.068809348747E-9));
#1185=LINE('',#1184,#1183);
#1186=DIRECTION('',(7.071067811865E-1,-7.071067811865E-1,-2.583992546229E-9));
#1187=VECTOR('',#1186,1.414213560625E-1);
#1188=CARTESIAN_POINT('',(4.399720587855E-10,2.424999999560E0,
1.300803108594E-9));
#1189=LINE('',#1188,#1187);
#1190=DIRECTION('',(7.071067811865E-1,7.071067811865E-1,2.583992386331E-9));
#1191=VECTOR('',#1190,1.414213560625E-1);
#1192=CARTESIAN_POINT('',(4.399722068153E-10,-2.424999999560E0,
-1.300803028101E-9));
#1193=LINE('',#1192,#1191);
#1194=CARTESIAN_POINT('',(1.E-1,0.E0,0.E0));
#1195=DIRECTION('',(1.E0,0.E0,0.E0));
#1196=DIRECTION('',(0.E0,-1.E0,0.E0));
#1197=AXIS2_PLACEMENT_3D('',#1194,#1195,#1196);
#1199=DIRECTION('',(-1.E0,-1.728798040056E-10,5.111317972637E-10));
#1200=VECTOR('',#1199,1.829999999684E0);
#1201=CARTESIAN_POINT('',(1.93E0,2.325E0,0.E0));
#1202=LINE('',#1201,#1200);
#1203=CARTESIAN_POINT('',(1.93E0,0.E0,0.E0));
#1204=DIRECTION('',(-1.E0,0.E0,0.E0));
#1205=DIRECTION('',(0.E0,1.E0,0.E0));
#1206=AXIS2_PLACEMENT_3D('',#1203,#1204,#1205);
#1208=DIRECTION('',(-1.E0,1.728798040056E-10,-5.111317656349E-10));
#1209=VECTOR('',#1208,1.829999999684E0);
#1210=CARTESIAN_POINT('',(1.93E0,-2.325E0,0.E0));
#1211=LINE('',#1210,#1209);
#1212=CARTESIAN_POINT('',(1.E-1,0.E0,0.E0));
#1213=DIRECTION('',(1.E0,0.E0,0.E0));
#1214=DIRECTION('',(0.E0,1.E0,0.E0));
#1215=AXIS2_PLACEMENT_3D('',#1212,#1213,#1214);
#1217=CARTESIAN_POINT('',(1.93E0,0.E0,0.E0));
#1218=DIRECTION('',(1.E0,0.E0,0.E0));
#1219=DIRECTION('',(0.E0,1.E0,0.E0));
#1220=AXIS2_PLACEMENT_3D('',#1217,#1218,#1219);
#1222=CARTESIAN_POINT('',(1.93E0,0.E0,0.E0));
#1223=DIRECTION('',(-1.E0,0.E0,0.E0));
#1224=DIRECTION('',(0.E0,-1.E0,0.E0));
#1225=AXIS2_PLACEMENT_3D('',#1222,#1223,#1224);
#1227=CARTESIAN_POINT('',(1.93E0,0.E0,0.E0));
#1228=DIRECTION('',(-1.E0,0.E0,0.E0));
#1229=DIRECTION('',(0.E0,1.E0,0.E0));
#1230=AXIS2_PLACEMENT_3D('',#1227,#1228,#1229);
#1232=CARTESIAN_POINT('',(2.03E0,0.E0,0.E0));
#1233=DIRECTION('',(-1.E0,0.E0,0.E0));
#1234=DIRECTION('',(0.E0,-1.E0,0.E0));
#1235=AXIS2_PLACEMENT_3D('',#1232,#1233,#1234);
#1237=DIRECTION('',(-7.071067811865E-1,-7.071067811866E-1,-1.794507900899E-10));
#1238=VECTOR('',#1237,1.414213555802E-1);
#1239=CARTESIAN_POINT('',(2.03E0,-2.05E0,-5.202515847712E-10));
#1240=LINE('',#1239,#1238);
#1241=DIRECTION('',(0.E0,0.E0,-1.E0));
#1242=VECTOR('',#1241,5.112382767970E-2);
#1243=CARTESIAN_POINT('',(2.03E0,-1.25E-1,-5.612486080161E-1));
#1244=LINE('',#1243,#1242);
#1245=DIRECTION('',(0.E0,0.E0,-1.E0));
#1246=VECTOR('',#1245,5.112382767970E-2);
#1247=CARTESIAN_POINT('',(2.03E0,-1.25E-1,6.123724356958E-1));
#1248=LINE('',#1247,#1246);
#1249=DIRECTION('',(0.E0,0.E0,-1.E0));
#1250=VECTOR('',#1249,5.112382767970E-2);
#1251=CARTESIAN_POINT('',(2.03E0,1.25E-1,6.123724356958E-1));
#1252=LINE('',#1251,#1250);
#1253=DIRECTION('',(0.E0,0.E0,-1.E0));
#1254=VECTOR('',#1253,5.112382767970E-2);
#1255=CARTESIAN_POINT('',(2.03E0,1.25E-1,-5.612486080161E-1));
#1256=LINE('',#1255,#1254);
#1257=CARTESIAN_POINT('',(2.03E0,0.E0,0.E0));
#1258=DIRECTION('',(-1.E0,0.E0,0.E0));
#1259=DIRECTION('',(0.E0,1.E0,0.E0));
#1260=AXIS2_PLACEMENT_3D('',#1257,#1258,#1259);
#1262=DIRECTION('',(-7.071067811865E-1,7.071067811865E-1,1.794506048990E-10));
#1263=VECTOR('',#1262,1.414213555802E-1);
#1264=CARTESIAN_POINT('',(2.03E0,2.05E0,5.202520052980E-10));
#1265=LINE('',#1264,#1263);
#1266=CARTESIAN_POINT('',(4.23E0,0.E0,0.E0));
#1267=DIRECTION('',(-1.E0,0.E0,0.E0));
#1268=DIRECTION('',(0.E0,2.E-1,-9.797958971133E-1));
#1269=AXIS2_PLACEMENT_3D('',#1266,#1267,#1268);
#1271=DIRECTION('',(-1.E0,0.E0,0.E0));
#1272=VECTOR('',#1271,2.2E0);
#1273=CARTESIAN_POINT('',(4.23E0,-1.25E-1,-6.123724356958E-1));
#1274=LINE('',#1273,#1272);
#1275=CARTESIAN_POINT('',(2.03E0,0.E0,0.E0));
#1276=DIRECTION('',(-1.E0,0.E0,0.E0));
#1277=DIRECTION('',(0.E0,2.E-1,-9.797958971133E-1));
#1278=AXIS2_PLACEMENT_3D('',#1275,#1276,#1277);
#1280=DIRECTION('',(-1.E0,0.E0,0.E0));
#1281=VECTOR('',#1280,2.2E0);
#1282=CARTESIAN_POINT('',(4.23E0,1.25E-1,-6.123724356958E-1));
#1283=LINE('',#1282,#1281);
#1284=DIRECTION('',(0.E0,0.E0,1.E0));
#1285=VECTOR('',#1284,1.541148662002E-1);
#1286=CARTESIAN_POINT('',(4.23E0,1.25E-1,-6.123724356958E-1));
#1287=LINE('',#1286,#1285);
#1288=DIRECTION('',(0.E0,0.E0,-1.E0));
#1289=VECTOR('',#1288,1.541148662002E-1);
#1290=CARTESIAN_POINT('',(4.23E0,-1.25E-1,-4.582575694956E-1));
#1291=LINE('',#1290,#1289);
#1292=CARTESIAN_POINT('',(2.03E0,0.E0,0.E0));
#1293=DIRECTION('',(1.E0,0.E0,0.E0));
#1294=DIRECTION('',(0.E0,2.173913043478E-1,-9.760845356802E-1));
#1295=AXIS2_PLACEMENT_3D('',#1292,#1293,#1294);
#1297=CARTESIAN_POINT('',(2.03E0,1.25E-1,5.612486080161E-1));
#1298=CARTESIAN_POINT('',(2.041495320100E0,1.25E-1,5.494716361660E-1));
#1299=CARTESIAN_POINT('',(2.064232538544E0,1.25E-1,5.261423734433E-1));
#1300=CARTESIAN_POINT('',(2.097583816550E0,1.25E-1,4.918022918173E-1));
#1301=CARTESIAN_POINT('',(2.119283458440E0,1.25E-1,4.693656396722E-1));
#1302=CARTESIAN_POINT('',(2.13E0,1.25E-1,4.582575694956E-1));
#1304=CARTESIAN_POINT('',(2.13E0,1.25E-1,-4.582575694956E-1));
#1305=CARTESIAN_POINT('',(2.119299318052E0,1.25E-1,-4.693492006301E-1));
#1306=CARTESIAN_POINT('',(2.097620903285E0,1.25E-1,-4.917640096708E-1));
#1307=CARTESIAN_POINT('',(2.064269828410E0,1.25E-1,-5.261040699158E-1));
#1308=CARTESIAN_POINT('',(2.041511323453E0,1.25E-1,-5.494552407081E-1));
#1309=CARTESIAN_POINT('',(2.03E0,1.25E-1,-5.612486080161E-1));
#1311=CARTESIAN_POINT('',(4.23E0,0.E0,0.E0));
#1312=DIRECTION('',(-1.E0,0.E0,0.E0));
#1313=DIRECTION('',(0.E0,-2.E-1,9.797958971133E-1));
#1314=AXIS2_PLACEMENT_3D('',#1311,#1312,#1313);
#1316=DIRECTION('',(-1.E0,0.E0,0.E0));
#1317=VECTOR('',#1316,2.2E0);
#1318=CARTESIAN_POINT('',(4.23E0,1.25E-1,6.123724356958E-1));
#1319=LINE('',#1318,#1317);
#1320=CARTESIAN_POINT('',(2.03E0,0.E0,0.E0));
#1321=DIRECTION('',(1.E0,0.E0,0.E0));
#1322=DIRECTION('',(0.E0,2.E-1,9.797958971133E-1));
#1323=AXIS2_PLACEMENT_3D('',#1320,#1321,#1322);
#1325=DIRECTION('',(-1.E0,0.E0,0.E0));
#1326=VECTOR('',#1325,2.2E0);
#1327=CARTESIAN_POINT('',(4.23E0,-1.25E-1,6.123724356958E-1));
#1328=LINE('',#1327,#1326);
#1329=DIRECTION('',(0.E0,0.E0,-1.E0));
#1330=VECTOR('',#1329,1.541148662002E-1);
#1331=CARTESIAN_POINT('',(4.23E0,-1.25E-1,6.123724356958E-1));
#1332=LINE('',#1331,#1330);
#1333=DIRECTION('',(0.E0,0.E0,1.E0));
#1334=VECTOR('',#1333,1.541148662002E-1);
#1335=CARTESIAN_POINT('',(4.23E0,1.25E-1,4.582575694956E-1));
#1336=LINE('',#1335,#1334);
#1337=CARTESIAN_POINT('',(2.13E0,-1.25E-1,4.582575694956E-1));
#1338=CARTESIAN_POINT('',(2.119299318052E0,-1.25E-1,4.693492006301E-1));
#1339=CARTESIAN_POINT('',(2.097620903285E0,-1.25E-1,4.917640096708E-1));
#1340=CARTESIAN_POINT('',(2.064269828410E0,-1.25E-1,5.261040699158E-1));
#1341=CARTESIAN_POINT('',(2.041511323453E0,-1.25E-1,5.494552407081E-1));
#1342=CARTESIAN_POINT('',(2.03E0,-1.25E-1,5.612486080161E-1));
#1344=CARTESIAN_POINT('',(2.03E0,0.E0,0.E0));
#1345=DIRECTION('',(1.E0,0.E0,0.E0));
#1346=DIRECTION('',(0.E0,-2.173913043478E-1,9.760845356802E-1));
#1347=AXIS2_PLACEMENT_3D('',#1344,#1345,#1346);
#1349=CARTESIAN_POINT('',(2.03E0,-1.25E-1,-5.612486080161E-1));
#1350=CARTESIAN_POINT('',(2.041495320100E0,-1.25E-1,-5.494716361660E-1));
#1351=CARTESIAN_POINT('',(2.064232538544E0,-1.25E-1,-5.261423734433E-1));
#1352=CARTESIAN_POINT('',(2.097583816550E0,-1.25E-1,-4.918022918173E-1));
#1353=CARTESIAN_POINT('',(2.119283458440E0,-1.25E-1,-4.693656396722E-1));
#1354=CARTESIAN_POINT('',(2.13E0,-1.25E-1,-4.582575694956E-1));
#1356=CARTESIAN_POINT('',(4.23E0,0.E0,0.E0));
#1357=DIRECTION('',(-1.E0,0.E0,0.E0));
#1358=DIRECTION('',(0.E0,2.631578947368E-1,-9.647527778854E-1));
#1359=AXIS2_PLACEMENT_3D('',#1356,#1357,#1358);
#1361=DIRECTION('',(-1.E0,0.E0,0.E0));
#1362=VECTOR('',#1361,2.1E0);
#1363=CARTESIAN_POINT('',(4.23E0,1.25E-1,-4.582575694956E-1));
#1364=LINE('',#1363,#1362);
#1365=CARTESIAN_POINT('',(2.13E0,0.E0,0.E0));
#1366=DIRECTION('',(1.E0,0.E0,0.E0));
#1367=DIRECTION('',(0.E0,2.631578947368E-1,-9.647527778854E-1));
#1368=AXIS2_PLACEMENT_3D('',#1365,#1366,#1367);
#1370=CARTESIAN_POINT('',(5.23E0,0.E0,0.E0));
#1371=DIRECTION('',(-1.E0,0.E0,0.E0));
#1372=DIRECTION('',(0.E0,1.E0,0.E0));
#1373=AXIS2_PLACEMENT_3D('',#1370,#1371,#1372);
#1375=CARTESIAN_POINT('',(2.13E0,0.E0,0.E0));
#1376=DIRECTION('',(1.E0,0.E0,0.E0));
#1377=DIRECTION('',(0.E0,-1.E0,0.E0));
#1378=AXIS2_PLACEMENT_3D('',#1375,#1376,#1377);
#1380=DIRECTION('',(-1.E0,0.E0,0.E0));
#1381=VECTOR('',#1380,2.1E0);
#1382=CARTESIAN_POINT('',(4.23E0,-1.25E-1,-4.582575694956E-1));
#1383=LINE('',#1382,#1381);
#1384=CARTESIAN_POINT('',(4.23E0,0.E0,0.E0));
#1385=DIRECTION('',(-1.E0,0.E0,0.E0));
#1386=DIRECTION('',(0.E0,-2.631578947368E-1,9.647527778854E-1));
#1387=AXIS2_PLACEMENT_3D('',#1384,#1385,#1386);
#1389=DIRECTION('',(-1.E0,0.E0,0.E0));
#1390=VECTOR('',#1389,2.1E0);
#1391=CARTESIAN_POINT('',(4.23E0,-1.25E-1,4.582575694956E-1));
#1392=LINE('',#1391,#1390);
#1393=CARTESIAN_POINT('',(2.13E0,0.E0,0.E0));
#1394=DIRECTION('',(1.E0,0.E0,0.E0));
#1395=DIRECTION('',(0.E0,-2.631578947368E-1,9.647527778854E-1));
#1396=AXIS2_PLACEMENT_3D('',#1393,#1394,#1395);
#1398=DIRECTION('',(-1.E0,3.157605181907E-10,-1.917727229344E-9));
#1399=VECTOR('',#1398,3.099999999021E0);
#1400=CARTESIAN_POINT('',(5.23E0,-4.75E-1,0.E0));
#1401=LINE('',#1400,#1399);
#1402=CARTESIAN_POINT('',(5.23E0,0.E0,0.E0));
#1403=DIRECTION('',(1.E0,0.E0,0.E0));
#1404=DIRECTION('',(0.E0,1.E0,0.E0));
#1405=AXIS2_PLACEMENT_3D('',#1402,#1403,#1404);
#1407=DIRECTION('',(-1.E0,-3.157605181907E-10,1.917727281579E-9));
#1408=VECTOR('',#1407,3.099999999021E0);
#1409=CARTESIAN_POINT('',(5.23E0,4.75E-1,0.E0));
#1410=LINE('',#1409,#1408);
#1411=CARTESIAN_POINT('',(2.13E0,0.E0,0.E0));
#1412=DIRECTION('',(1.E0,0.E0,0.E0));
#1413=DIRECTION('',(0.E0,1.E0,0.E0));
#1414=AXIS2_PLACEMENT_3D('',#1411,#1412,#1413);
#1416=DIRECTION('',(-1.E0,0.E0,0.E0));
#1417=VECTOR('',#1416,2.1E0);
#1418=CARTESIAN_POINT('',(4.23E0,1.25E-1,4.582575694956E-1));
#1419=LINE('',#1418,#1417);
#1420=DIRECTION('',(-5.150380749101E-1,8.571673007021E-1,0.E0));
#1421=VECTOR('',#1420,5.541508636773E-1);
#1422=CARTESIAN_POINT('',(5.515408794038E0,0.E0,0.E0));
#1423=LINE('',#1422,#1421);
#1424=DIRECTION('',(-5.150380749101E-1,-8.571673007021E-1,0.E0));
#1425=VECTOR('',#1424,5.541508636773E-1);
#1426=CARTESIAN_POINT('',(5.515408794038E0,0.E0,0.E0));
#1427=LINE('',#1426,#1425);
#1428=CARTESIAN_POINT('',(2.910416666668E0,2.188495487772E0,2.188495487772E0));
#1429=CARTESIAN_POINT('',(2.916017232072E0,2.079344874198E0,2.297646101347E0));
#1430=CARTESIAN_POINT('',(2.927217829317E0,1.844693218599E0,2.499573798260E0));
#1431=CARTESIAN_POINT('',(2.944017191284E0,1.451535783383E0,2.746596306492E0));
#1432=CARTESIAN_POINT('',(2.960814818982E0,1.025998196925E0,2.932245573362E0));
#1433=CARTESIAN_POINT('',(2.977611900076E0,5.775607086966E-1,3.052402341577E0));
#1434=CARTESIAN_POINT('',(2.994409231582E0,1.162174661097E-1,3.104389340202E0));
#1435=CARTESIAN_POINT('',(3.011207491928E0,-3.477473564568E-1,
3.087042082076E0));
#1436=CARTESIAN_POINT('',(3.028008507836E0,-8.040195074784E-1,
3.000721878392E0));
#1437=CARTESIAN_POINT('',(3.044810223109E0,-1.242342870140E0,2.847340171245E0));
#1438=CARTESIAN_POINT('',(3.061608615968E0,-1.652826460034E0,2.630381426014E0));
#1439=CARTESIAN_POINT('',(3.078406390913E0,-2.026378800178E0,2.354681955664E0));
#1440=CARTESIAN_POINT('',(3.095203314574E0,-2.354656170608E0,2.026407919007E0));
#1441=CARTESIAN_POINT('',(3.112000550197E0,-2.630352362994E0,1.652871656234E0));
#1442=CARTESIAN_POINT('',(3.128798386442E0,-2.847310826929E0,1.242405705895E0));
#1443=CARTESIAN_POINT('',(3.145599115188E0,-3.000698140534E0,
8.041129945934E-1));
#1444=CARTESIAN_POINT('',(3.162402651119E0,-3.087042093862E0,
3.477743928034E-1));
#1445=CARTESIAN_POINT('',(3.179201644777E0,-3.104389595958E0,
-1.162110787455E-1));
#1446=CARTESIAN_POINT('',(3.195998994527E0,-3.052403496228E0,
-5.775548051621E-1));
#1447=CARTESIAN_POINT('',(3.212796094139E0,-2.932247354213E0,
-1.025993025453E0));
#1448=CARTESIAN_POINT('',(3.229593664669E0,-2.746599531086E0,
-1.451529498867E0));
#1449=CARTESIAN_POINT('',(3.246393029405E0,-2.499578063305E0,
-1.844687681907E0));
#1450=CARTESIAN_POINT('',(3.257593776272E0,-2.297648104250E0,
-2.079342871295E0));
#1451=CARTESIAN_POINT('',(3.263194444446E0,-2.188495487772E0,
-2.188495487772E0));
#1453=CARTESIAN_POINT('',(2.998659722223E0,2.188495487772E0,2.188495487772E0));
#1454=CARTESIAN_POINT('',(3.004172319089E0,2.081059311799E0,2.295931663745E0));
#1455=CARTESIAN_POINT('',(3.015196840876E0,1.850349929647E0,2.494938541365E0));
#1456=CARTESIAN_POINT('',(3.031731446315E0,1.464282853845E0,2.739410771076E0));
#1457=CARTESIAN_POINT('',(3.048264358738E0,1.046571140522E0,2.924581287370E0));
#1458=CARTESIAN_POINT('',(3.064796985870E0,6.062223628981E-1,3.046470714677E0));
#1459=CARTESIAN_POINT('',(3.081330121071E0,1.527428938311E-1,3.102444712544E0));
#1460=CARTESIAN_POINT('',(3.097865077448E0,-3.040930017181E-1,
3.091287918051E0));
#1461=CARTESIAN_POINT('',(3.114404943624E0,-7.544793962534E-1,
3.013187728714E0));
#1462=CARTESIAN_POINT('',(3.130940826172E0,-1.188422769304E0,2.869869431009E0));
#1463=CARTESIAN_POINT('',(3.147474255683E0,-1.596584560911E0,2.664471718162E0));
#1464=CARTESIAN_POINT('',(3.164007325784E0,-1.970190503405E0,2.401424483517E0));
#1465=CARTESIAN_POINT('',(3.180540456049E0,-2.301167269825E0,2.086414607903E0));
#1466=CARTESIAN_POINT('',(3.197075067455E0,-2.582374689297E0,1.726224793143E0));
#1467=CARTESIAN_POINT('',(3.213611444764E0,-2.807715941944E0,1.328631092465E0));
#1468=CARTESIAN_POINT('',(3.230149076744E0,-2.972284987849E0,
9.022416263621E-1));
#1469=CARTESIAN_POINT('',(3.246683481542E0,-3.072488908347E0,
4.564069737196E-1));
#1470=CARTESIAN_POINT('',(3.263216915808E0,-3.106201946414E0,
7.230901603629E-4));
#1471=CARTESIAN_POINT('',(3.279749579689E0,-3.072702797912E0,
-4.549553329345E-1));
#1472=CARTESIAN_POINT('',(3.296282512161E0,-2.972719269373E0,
-9.007972121564E-1));
#1473=CARTESIAN_POINT('',(3.312817051104E0,-2.808394773318E0,
-1.327189335057E0));
#1474=CARTESIAN_POINT('',(3.323841569489E0,-2.658303013059E0,
-1.592336383178E0));
#1475=CARTESIAN_POINT('',(3.329354166667E0,-2.573930013732E0,
-1.718694063646E0));
#1477=CARTESIAN_POINT('',(3.329354166667E0,-2.573930013732E0,
-1.718694063646E0));
#1478=CARTESIAN_POINT('',(3.331807870543E0,-2.536374874333E0,
-1.774936941603E0));
#1479=CARTESIAN_POINT('',(3.336715278170E0,-2.457576405723E0,
-1.884959942948E0));
#1480=CARTESIAN_POINT('',(3.344076388501E0,-2.328821828694E0,
-2.041897320307E0));
#1481=CARTESIAN_POINT('',(3.348983796126E0,-2.236316245860E0,
-2.140674729685E0));
#1482=CARTESIAN_POINT('',(3.3514375E0,-2.188495487772E0,-2.188495487772E0));
#1484=CARTESIAN_POINT('',(2.557638888890E0,-2.188495487772E0,
-2.188495487772E0));
#1485=CARTESIAN_POINT('',(2.563239556898E0,-2.079342874528E0,
-2.297648101017E0));
#1486=CARTESIAN_POINT('',(2.574440311142E0,-1.844687546111E0,
-2.499578213301E0));
#1487=CARTESIAN_POINT('',(2.591239720301E0,-1.451528269956E0,
-2.746600265074E0));
#1488=CARTESIAN_POINT('',(2.608037337932E0,-1.025990462209E0,
-2.932248292516E0));
#1489=CARTESIAN_POINT('',(2.624834461735E0,-5.775514711777E-1,
-3.052404193105E0));
#1490=CARTESIAN_POINT('',(2.641631832276E0,-1.162070958229E-1,
-3.104389632086E0));
#1491=CARTESIAN_POINT('',(2.658430604849E0,3.477722154266E-1,
-3.087041892114E0));
#1492=CARTESIAN_POINT('',(2.675233863811E0,8.041034766702E-1,
-3.000700516219E0));
#1493=CARTESIAN_POINT('',(2.692034645278E0,1.242398131888E0,-2.847314341057E0));
#1494=CARTESIAN_POINT('',(2.708832577551E0,1.652866848046E0,-2.630355401079E0));
#1495=CARTESIAN_POINT('',(2.725629759904E0,2.026402454979E0,-2.354660782503E0));
#1496=CARTESIAN_POINT('',(2.742426623926E0,2.354676040340E0,-2.026385352319E0));
#1497=CARTESIAN_POINT('',(2.759224196967E0,2.630373637412E0,-1.652838534079E0));
#1498=CARTESIAN_POINT('',(2.776022450642E0,2.847332373336E0,-1.242359425967E0));
#1499=CARTESIAN_POINT('',(2.792823845499E0,3.000715240638E0,
-8.040457630680E-1));
#1500=CARTESIAN_POINT('',(2.809625560962E0,3.087041761984E0,
-3.477551658632E-1));
#1501=CARTESIAN_POINT('',(2.826423699420E0,3.104389532046E0,1.162063748898E-1));
#1502=CARTESIAN_POINT('',(2.843221108707E0,3.052404177306E0,5.775518944408E-1));
#1503=CARTESIAN_POINT('',(2.860018215338E0,2.932248284660E0,1.025990394328E0));
#1504=CARTESIAN_POINT('',(2.876815840559E0,2.746600211817E0,1.451528405386E0));
#1505=CARTESIAN_POINT('',(2.893615248993E0,2.499578131559E0,1.844687644904E0));
#1506=CARTESIAN_POINT('',(2.904816000720E0,2.297648060870E0,2.079342914675E0));
#1507=CARTESIAN_POINT('',(2.910416666668E0,2.188495487772E0,2.188495487772E0));
#1509=DIRECTION('',(1.E0,0.E0,-1.509770509599E-14));
#1510=VECTOR('',#1509,8.824305555575E-2);
#1511=CARTESIAN_POINT('',(2.557638888890E0,-2.188495487772E0,
-2.188495487772E0));
#1512=LINE('',#1511,#1510);
#1513=CARTESIAN_POINT('',(2.645881944446E0,-2.188495487772E0,
-2.188495487772E0));
#1514=CARTESIAN_POINT('',(2.651482237736E0,-2.079350177483E0,
-2.297640798062E0));
#1515=CARTESIAN_POINT('',(2.662682525513E0,-1.844705977754E0,
-2.499563926741E0));
#1516=CARTESIAN_POINT('',(2.679481959177E0,-1.451548671770E0,
-2.746590471822E0));
#1517=CARTESIAN_POINT('',(2.696280699608E0,-1.025983065816E0,
-2.932252791555E0));
#1518=CARTESIAN_POINT('',(2.713078942657E0,-5.775129644140E-1,
-3.052412677029E0));
#1519=CARTESIAN_POINT('',(2.729876913476E0,-1.161509678915E-1,
-3.104392359255E0));
#1520=CARTESIAN_POINT('',(2.746674828934E0,3.478038059676E-1,
-3.087033524687E0));
#1521=CARTESIAN_POINT('',(2.763472909736E0,8.039946656402E-1,
-3.000722957761E0));
#1522=CARTESIAN_POINT('',(2.780271369521E0,1.242237348520E0,-2.847384183831E0));
#1523=CARTESIAN_POINT('',(2.797070446355E0,1.652746702876E0,-2.630434085320E0));
#1524=CARTESIAN_POINT('',(2.813870287664E0,2.026352893574E0,-2.354710345323E0));
#1525=CARTESIAN_POINT('',(2.830671379004E0,2.354710345323E0,-2.026352893574E0));
#1526=CARTESIAN_POINT('',(2.847471220314E0,2.630434085320E0,-1.652746702876E0));
#1527=CARTESIAN_POINT('',(2.864270297148E0,2.847384183831E0,-1.242237348520E0));
#1528=CARTESIAN_POINT('',(2.881068756932E0,3.000722957761E0,
-8.039946656402E-1));
#1529=CARTESIAN_POINT('',(2.897866837734E0,3.087033524687E0,
-3.478038059676E-1));
#1530=CARTESIAN_POINT('',(2.914664753192E0,3.104392359255E0,1.161509678915E-1));
#1531=CARTESIAN_POINT('',(2.931462724012E0,3.052412677029E0,5.775129644140E-1));
#1532=CARTESIAN_POINT('',(2.948260967061E0,2.932252791555E0,1.025983065816E0));
#1533=CARTESIAN_POINT('',(2.965059707491E0,2.746590471822E0,1.451548671770E0));
#1534=CARTESIAN_POINT('',(2.981859141156E0,2.499563926741E0,1.844705977754E0));
#1535=CARTESIAN_POINT('',(2.993059428933E0,2.297640798062E0,2.079350177483E0));
#1536=CARTESIAN_POINT('',(2.998659722223E0,2.188495487772E0,2.188495487772E0));
#1538=DIRECTION('',(1.E0,3.522797855757E-14,-2.516284182683E-14));
#1539=VECTOR('',#1538,8.824305555513E-2);
#1540=CARTESIAN_POINT('',(2.910416666668E0,2.188495487772E0,2.188495487772E0));
#1541=LINE('',#1540,#1539);
#1542=CARTESIAN_POINT('',(3.263194444446E0,-2.188495487772E0,
-2.188495487772E0));
#1543=CARTESIAN_POINT('',(3.268795023243E0,-2.079344613174E0,
-2.297646362371E0));
#1544=CARTESIAN_POINT('',(3.279995570832E0,-1.844693544545E0,
-2.499572514810E0));
#1545=CARTESIAN_POINT('',(3.296794113489E0,-1.451556376819E0,
-2.746584655948E0));
#1546=CARTESIAN_POINT('',(3.313591723554E0,-1.026021054189E0,
-2.932237672904E0));
#1547=CARTESIAN_POINT('',(3.330388678760E0,-5.775878027762E-1,
-3.052396916061E0));
#1548=CARTESIAN_POINT('',(3.347185911131E0,-1.162478488809E-1,
-3.104388361787E0));
#1549=CARTESIAN_POINT('',(3.363984478648E0,3.477256837945E-1,
-3.087045045352E0));
#1550=CARTESIAN_POINT('',(3.380785658745E0,8.040026686788E-1,
-3.000726088635E0));
#1551=CARTESIAN_POINT('',(3.397587061085E0,1.242319061617E0,-2.847350600348E0));
#1552=CARTESIAN_POINT('',(3.414385928092E0,1.652815968042E0,-2.630388975252E0));
#1553=CARTESIAN_POINT('',(3.431184123903E0,2.026378130887E0,-2.354683081196E0));
#1554=CARTESIAN_POINT('',(3.447981425847E0,2.354662836120E0,-2.026401464493E0));
#1555=CARTESIAN_POINT('',(3.464779397145E0,2.630368770185E0,-1.652847080423E0));
#1556=CARTESIAN_POINT('',(3.481577766796E0,2.847329638956E0,-1.242365476829E0));
#1557=CARTESIAN_POINT('',(3.498379260322E0,3.000715022088E0,
-8.040497370301E-1));
#1558=CARTESIAN_POINT('',(3.515181971949E0,3.087045749379E0,
-3.477318054066E-1));
#1559=CARTESIAN_POINT('',(3.531980658076E0,3.104388253255E0,1.162451982036E-1));
#1560=CARTESIAN_POINT('',(3.548777933606E0,3.052397327049E0,5.775863428860E-1));
#1561=CARTESIAN_POINT('',(3.565574824568E0,2.932238357471E0,1.026017812336E0));
#1562=CARTESIAN_POINT('',(3.582372106517E0,2.746590383530E0,1.451545435263E0));
#1563=CARTESIAN_POINT('',(3.599170929557E0,2.499575597259E0,1.844690074660E0));
#1564=CARTESIAN_POINT('',(3.610371575323E0,2.297647689638E0,2.079343285907E0));
#1565=CARTESIAN_POINT('',(3.615972222223E0,2.188495487772E0,2.188495487772E0));
#1567=DIRECTION('',(1.E0,0.E0,0.E0));
#1568=VECTOR('',#1567,8.824305555441E-2);
#1569=CARTESIAN_POINT('',(3.263194444446E0,-2.188495487772E0,
-2.188495487772E0));
#1570=LINE('',#1569,#1568);
#1571=CARTESIAN_POINT('',(3.3514375E0,-2.188495487772E0,-2.188495487772E0));
#1572=CARTESIAN_POINT('',(3.357037793290E0,-2.079350177483E0,
-2.297640798062E0));
#1573=CARTESIAN_POINT('',(3.368238081067E0,-1.844705977754E0,
-2.499563926741E0));
#1574=CARTESIAN_POINT('',(3.385037514732E0,-1.451548671770E0,
-2.746590471822E0));
#1575=CARTESIAN_POINT('',(3.401836255162E0,-1.025983065816E0,
-2.932252791555E0));
#1576=CARTESIAN_POINT('',(3.418634498211E0,-5.775129644140E-1,
-3.052412677029E0));
#1577=CARTESIAN_POINT('',(3.435432469031E0,-1.161509678915E-1,
-3.104392359255E0));
#1578=CARTESIAN_POINT('',(3.452230384489E0,3.478038059676E-1,
-3.087033524687E0));
#1579=CARTESIAN_POINT('',(3.469028465290E0,8.039946656402E-1,
-3.000722957761E0));
#1580=CARTESIAN_POINT('',(3.485826925075E0,1.242237348520E0,-2.847384183831E0));
#1581=CARTESIAN_POINT('',(3.502626001909E0,1.652746702876E0,-2.630434085320E0));
#1582=CARTESIAN_POINT('',(3.519425843218E0,2.026352893574E0,-2.354710345323E0));
#1583=CARTESIAN_POINT('',(3.536226934558E0,2.354710345323E0,-2.026352893574E0));
#1584=CARTESIAN_POINT('',(3.553026775868E0,2.630434085320E0,-1.652746702876E0));
#1585=CARTESIAN_POINT('',(3.569825852702E0,2.847384183831E0,-1.242237348520E0));
#1586=CARTESIAN_POINT('',(3.586624312486E0,3.000722957761E0,
-8.039946656402E-1));
#1587=CARTESIAN_POINT('',(3.603422393288E0,3.087033524687E0,
-3.478038059676E-1));
#1588=CARTESIAN_POINT('',(3.620220308746E0,3.104392359255E0,1.161509678915E-1));
#1589=CARTESIAN_POINT('',(3.637018279566E0,3.052412677029E0,5.775129644140E-1));
#1590=CARTESIAN_POINT('',(3.653816522615E0,2.932252791555E0,1.025983065816E0));
#1591=CARTESIAN_POINT('',(3.670615263045E0,2.746590471822E0,1.451548671770E0));
#1592=CARTESIAN_POINT('',(3.687414696710E0,2.499563926741E0,1.844705977754E0));
#1593=CARTESIAN_POINT('',(3.698614984487E0,2.297640798062E0,2.079350177483E0));
#1594=CARTESIAN_POINT('',(3.704215277777E0,2.188495487772E0,2.188495487772E0));
#1596=DIRECTION('',(1.E0,-4.026054692348E-14,4.026054692348E-14));
#1597=VECTOR('',#1596,8.824305555394E-2);
#1598=CARTESIAN_POINT('',(3.615972222223E0,2.188495487772E0,2.188495487772E0));
#1599=LINE('',#1598,#1597);
#1600=CARTESIAN_POINT('',(1.765E1,0.E0,0.E0));
#1601=DIRECTION('',(-1.E0,0.E0,0.E0));
#1602=DIRECTION('',(0.E0,-1.E0,0.E0));
#1603=AXIS2_PLACEMENT_3D('',#1600,#1601,#1602);
#1605=DIRECTION('',(-1.E0,-1.278827559148E-10,1.619062505133E-10));
#1606=VECTOR('',#1605,4.850000000620E0);
#1607=CARTESIAN_POINT('',(1.765000000062E1,-3.849999993798E-1,
-7.852453782728E-10));
#1608=LINE('',#1607,#1606);
#1609=CARTESIAN_POINT('',(1.765E1,0.E0,0.E0));
#1610=DIRECTION('',(-1.E0,0.E0,0.E0));
#1611=DIRECTION('',(0.E0,1.E0,0.E0));
#1612=AXIS2_PLACEMENT_3D('',#1609,#1610,#1611);
#1614=DIRECTION('',(-1.E0,1.278826872412E-10,-1.619062513889E-10));
#1615=VECTOR('',#1614,4.850000000620E0);
#1616=CARTESIAN_POINT('',(1.765000000062E1,3.849999993798E-1,
7.852453664856E-10));
#1617=LINE('',#1616,#1615);
#1618=DIRECTION('',(7.071067811866E-1,-7.071067811865E-1,-7.211047532256E-11));
#1619=VECTOR('',#1618,1.414213562259E-1);
#1620=CARTESIAN_POINT('',(1.765000000062E1,3.849999993798E-1,
7.852453664856E-10));
#1621=LINE('',#1620,#1619);
#1622=DIRECTION('',(7.071067811866E-1,7.071067811865E-1,7.211062556391E-11));
#1623=VECTOR('',#1622,1.414213562259E-1);
#1624=CARTESIAN_POINT('',(1.765000000062E1,-3.849999993798E-1,
-7.852453782728E-10));
#1625=LINE('',#1624,#1623);
#1626=CARTESIAN_POINT('',(1.775E1,0.E0,0.E0));
#1627=DIRECTION('',(-1.E0,0.E0,0.E0));
#1628=DIRECTION('',(0.E0,1.E0,0.E0));
#1629=AXIS2_PLACEMENT_3D('',#1626,#1627,#1628);
#1631=CARTESIAN_POINT('',(1.775E1,0.E0,0.E0));
#1632=DIRECTION('',(-1.E0,0.E0,0.E0));
#1633=DIRECTION('',(0.E0,-1.E0,0.E0));
#1634=AXIS2_PLACEMENT_3D('',#1631,#1632,#1633);
#1636=CARTESIAN_POINT('',(1.28E1,-3.9E-1,4.733962399513E0));
#1637=CARTESIAN_POINT('',(1.28E1,-3.9E-1,3.45E0));
#1638=VERTEX_POINT('',#1636);
#1639=VERTEX_POINT('',#1637);
#1640=CARTESIAN_POINT('',(1.28E1,-3.9E-1,-3.45E0));
#1641=CARTESIAN_POINT('',(1.28E1,-3.9E-1,-4.733962399513E0));
#1642=VERTEX_POINT('',#1640);
#1643=VERTEX_POINT('',#1641);
#1644=CARTESIAN_POINT('',(6.6E0,-3.9E-1,4.733962399513E0));
#1645=CARTESIAN_POINT('',(6.6E0,-3.9E-1,3.45E0));
#1646=VERTEX_POINT('',#1644);
#1647=VERTEX_POINT('',#1645);
#1648=CARTESIAN_POINT('',(6.6E0,-3.9E-1,-3.45E0));
#1649=CARTESIAN_POINT('',(6.6E0,-3.9E-1,-4.733962399513E0));
#1650=VERTEX_POINT('',#1648);
#1651=VERTEX_POINT('',#1649);
#1652=CARTESIAN_POINT('',(5.1E0,2.451E0,0.E0));
#1653=CARTESIAN_POINT('',(6.6E0,2.451E0,0.E0));
#1654=VERTEX_POINT('',#1652);
#1655=VERTEX_POINT('',#1653);
#1656=CARTESIAN_POINT('',(5.1E0,-2.451E0,0.E0));
#1657=CARTESIAN_POINT('',(6.6E0,-2.451E0,0.E0));
#1658=VERTEX_POINT('',#1656);
#1659=VERTEX_POINT('',#1657);
#1660=CARTESIAN_POINT('',(8.E-1,2.665E0,0.E0));
#1661=CARTESIAN_POINT('',(8.E-1,-2.665E0,0.E0));
#1662=VERTEX_POINT('',#1660);
#1663=VERTEX_POINT('',#1661);
#1664=CARTESIAN_POINT('',(0.E0,-2.563E0,0.E0));
#1665=CARTESIAN_POINT('',(0.E0,2.563E0,0.E0));
#1666=VERTEX_POINT('',#1664);
#1667=VERTEX_POINT('',#1665);
#1668=CARTESIAN_POINT('',(1.02E-1,-2.665E0,0.E0));
#1669=CARTESIAN_POINT('',(1.02E-1,2.665E0,0.E0));
#1670=VERTEX_POINT('',#1668);
#1671=VERTEX_POINT('',#1669);
#1672=CARTESIAN_POINT('',(1.566465006453E0,7.922183279615E-1,
-2.613048099604E0));
#1673=CARTESIAN_POINT('',(1.762889160214E0,7.922183279615E-1,
-2.613048099604E0));
#1674=VERTEX_POINT('',#1672);
#1675=VERTEX_POINT('',#1673);
#1676=CARTESIAN_POINT('',(3.539798339786E0,-2.270796737478E0,
-1.516282436441E0));
#1677=CARTESIAN_POINT('',(3.736222493547E0,-2.270796737478E0,
-1.516282436441E0));
#1678=VERTEX_POINT('',#1676);
#1679=VERTEX_POINT('',#1677);
#1680=VERTEX_POINT('',#597);
#1681=VERTEX_POINT('',#620);
#1682=VERTEX_POINT('',#429);
#1683=VERTEX_POINT('',#452);
#1684=VERTEX_POINT('',#1428);
#1685=VERTEX_POINT('',#1451);
#1686=VERTEX_POINT('',#253);
#1687=VERTEX_POINT('',#275);
#1688=VERTEX_POINT('',#622);
#1689=VERTEX_POINT('',#645);
#1690=VERTEX_POINT('',#454);
#1691=VERTEX_POINT('',#477);
#1692=VERTEX_POINT('',#1453);
#1693=VERTEX_POINT('',#1475);
#1694=VERTEX_POINT('',#307);
#1695=VERTEX_POINT('',#1482);
#1696=VERTEX_POINT('',#277);
#1697=VERTEX_POINT('',#300);
#1698=VERTEX_POINT('',#686);
#1699=VERTEX_POINT('',#489);
#1700=VERTEX_POINT('',#664);
#1701=VERTEX_POINT('',#1110);
#1702=VERTEX_POINT('',#1133);
#1703=VERTEX_POINT('',#706);
#1704=VERTEX_POINT('',#749);
#1705=VERTEX_POINT('',#734);
#1706=CARTESIAN_POINT('',(4.456E0,1.129907442823E0,2.881377130931E0));
#1707=CARTESIAN_POINT('',(4.456E0,-1.239703848224E0,2.835870125499E0));
#1708=VERTEX_POINT('',#1706);
#1709=VERTEX_POINT('',#1707);
#1710=CARTESIAN_POINT('',(4.762139288350E0,2.788860711650E0,0.E0));
#1711=VERTEX_POINT('',#1710);
#1712=CARTESIAN_POINT('',(4.538487139129E0,-3.012512860871E0,0.E0));
#1713=VERTEX_POINT('',#1712);
#1714=VERTEX_POINT('',#1067);
#1715=VERTEX_POINT('',#997);
#1716=CARTESIAN_POINT('',(1.93E0,2.325E0,0.E0));
#1717=CARTESIAN_POINT('',(1.93E0,-2.325E0,0.E0));
#1718=VERTEX_POINT('',#1716);
#1719=VERTEX_POINT('',#1717);
#1720=CARTESIAN_POINT('',(1.93E0,-2.15E0,0.E0));
#1721=CARTESIAN_POINT('',(1.93E0,2.15E0,0.E0));
#1722=VERTEX_POINT('',#1720);
#1723=VERTEX_POINT('',#1721);
#1724=CARTESIAN_POINT('',(0.E0,2.425E0,0.E0));
#1725=CARTESIAN_POINT('',(0.E0,-2.425E0,0.E0));
#1726=VERTEX_POINT('',#1724);
#1727=VERTEX_POINT('',#1725);
#1728=CARTESIAN_POINT('',(1.E-1,2.325E0,0.E0));
#1729=CARTESIAN_POINT('',(1.E-1,-2.325E0,0.E0));
#1730=VERTEX_POINT('',#1728);
#1731=VERTEX_POINT('',#1729);
#1732=CARTESIAN_POINT('',(1.28E1,-3.264965543463E0,-3.45E0));
#1733=CARTESIAN_POINT('',(1.28E1,-3.264965543463E0,3.45E0));
#1734=VERTEX_POINT('',#1732);
#1735=VERTEX_POINT('',#1733);
#1736=CARTESIAN_POINT('',(6.6E0,-3.264965543463E0,3.45E0));
#1737=VERTEX_POINT('',#1736);
#1738=CARTESIAN_POINT('',(6.6E0,-3.264965543463E0,-3.45E0));
#1739=VERTEX_POINT('',#1738);
#1740=CARTESIAN_POINT('',(1.28E1,3.435034456537E0,3.280706979052E0));
#1741=CARTESIAN_POINT('',(1.28E1,3.435034456537E0,-3.280706979052E0));
#1742=VERTEX_POINT('',#1740);
#1743=VERTEX_POINT('',#1741);
#1744=CARTESIAN_POINT('',(6.6E0,3.435034456537E0,-3.280706979052E0));
#1745=VERTEX_POINT('',#1744);
#1746=CARTESIAN_POINT('',(6.6E0,3.435034456537E0,3.280706979052E0));
#1747=VERTEX_POINT('',#1746);
#1748=CARTESIAN_POINT('',(2.03E0,-2.05E0,0.E0));
#1749=CARTESIAN_POINT('',(2.03E0,2.05E0,0.E0));
#1750=VERTEX_POINT('',#1748);
#1751=VERTEX_POINT('',#1749);
#1752=CARTESIAN_POINT('',(5.515408794038E0,0.E0,0.E0));
#1753=CARTESIAN_POINT('',(5.23E0,4.75E-1,0.E0));
#1754=VERTEX_POINT('',#1752);
#1755=VERTEX_POINT('',#1753);
#1756=CARTESIAN_POINT('',(5.23E0,-4.75E-1,0.E0));
#1757=VERTEX_POINT('',#1756);
#1758=CARTESIAN_POINT('',(2.130000000979E0,4.749999990211E-1,
5.944954571019E-9));
#1759=VERTEX_POINT('',#1758);
#1760=CARTESIAN_POINT('',(2.130000000979E0,-4.749999990211E-1,
-5.944954514562E-9));
#1761=VERTEX_POINT('',#1760);
#1762=CARTESIAN_POINT('',(4.23E0,1.25E-1,-4.582575694956E-1));
#1763=CARTESIAN_POINT('',(4.23E0,-1.25E-1,-4.582575694956E-1));
#1764=VERTEX_POINT('',#1762);
#1765=VERTEX_POINT('',#1763);
#1766=CARTESIAN_POINT('',(2.13E0,1.25E-1,-4.582575694956E-1));
#1767=VERTEX_POINT('',#1766);
#1768=CARTESIAN_POINT('',(2.13E0,-1.25E-1,-4.582575694956E-1));
#1769=VERTEX_POINT('',#1768);
#1770=CARTESIAN_POINT('',(4.23E0,-1.25E-1,4.582575694956E-1));
#1771=CARTESIAN_POINT('',(4.23E0,1.25E-1,4.582575694956E-1));
#1772=VERTEX_POINT('',#1770);
#1773=VERTEX_POINT('',#1771);
#1774=CARTESIAN_POINT('',(2.13E0,1.25E-1,4.582575694956E-1));
#1775=VERTEX_POINT('',#1774);
#1776=CARTESIAN_POINT('',(2.13E0,-1.25E-1,4.582575694956E-1));
#1777=VERTEX_POINT('',#1776);
#1778=VERTEX_POINT('',#1309);
#1779=VERTEX_POINT('',#1349);
#1780=VERTEX_POINT('',#1297);
#1781=VERTEX_POINT('',#1342);
#1782=CARTESIAN_POINT('',(1.765E1,3.85E-1,0.E0));
#1783=CARTESIAN_POINT('',(1.765E1,-3.85E-1,0.E0));
#1784=VERTEX_POINT('',#1782);
#1785=VERTEX_POINT('',#1783);
#1786=CARTESIAN_POINT('',(1.775E1,2.85E-1,0.E0));
#1787=CARTESIAN_POINT('',(1.775E1,-2.85E-1,0.E0));
#1788=VERTEX_POINT('',#1786);
#1789=VERTEX_POINT('',#1787);
#1790=CARTESIAN_POINT('',(1.28E1,3.85E-1,0.E0));
#1791=CARTESIAN_POINT('',(1.28E1,-3.85E-1,0.E0));
#1792=VERTEX_POINT('',#1790);
#1793=VERTEX_POINT('',#1791);
#1794=CARTESIAN_POINT('',(4.23E0,1.25E-1,-6.123724356958E-1));
#1795=CARTESIAN_POINT('',(4.23E0,-1.25E-1,-6.123724356958E-1));
#1796=VERTEX_POINT('',#1794);
#1797=VERTEX_POINT('',#1795);
#1798=CARTESIAN_POINT('',(2.03E0,1.25E-1,-6.123724356958E-1));
#1799=VERTEX_POINT('',#1798);
#1800=CARTESIAN_POINT('',(2.03E0,-1.25E-1,-6.123724356958E-1));
#1801=VERTEX_POINT('',#1800);
#1802=CARTESIAN_POINT('',(4.23E0,-1.25E-1,6.123724356958E-1));
#1803=CARTESIAN_POINT('',(4.23E0,1.25E-1,6.123724356958E-1));
#1804=VERTEX_POINT('',#1802);
#1805=VERTEX_POINT('',#1803);
#1806=CARTESIAN_POINT('',(2.03E0,1.25E-1,6.123724356958E-1));
#1807=VERTEX_POINT('',#1806);
#1808=CARTESIAN_POINT('',(2.03E0,-1.25E-1,6.123724356958E-1));
#1809=VERTEX_POINT('',#1808);
#1810=CARTESIAN_POINT('',(1.28E1,0.E0,0.E0));
#1811=DIRECTION('',(1.E0,0.E0,0.E0));
#1812=DIRECTION('',(0.E0,-1.E0,0.E0));
#1813=AXIS2_PLACEMENT_3D('',#1810,#1811,#1812);
#1814=PLANE('',#1813);
#1816=ORIENTED_EDGE('',*,*,#1815,.T.);
#1818=ORIENTED_EDGE('',*,*,#1817,.F.);
#1820=ORIENTED_EDGE('',*,*,#1819,.F.);
#1822=ORIENTED_EDGE('',*,*,#1821,.F.);
#1824=ORIENTED_EDGE('',*,*,#1823,.T.);
#1826=ORIENTED_EDGE('',*,*,#1825,.F.);
#1828=ORIENTED_EDGE('',*,*,#1827,.F.);
#1830=ORIENTED_EDGE('',*,*,#1829,.F.);
#1831=EDGE_LOOP('',(#1816,#1818,#1820,#1822,#1824,#1826,#1828,#1830));
#1832=FACE_OUTER_BOUND('',#1831,.F.);
#1834=ORIENTED_EDGE('',*,*,#1833,.T.);
#1836=ORIENTED_EDGE('',*,*,#1835,.T.);
#1837=EDGE_LOOP('',(#1834,#1836));
#1838=FACE_BOUND('',#1837,.F.);
#1839=ADVANCED_FACE('',(#1832,#1838),#1814,.T.);
#1840=CARTESIAN_POINT('',(1.28E1,3.435034456537E0,3.280706979052E0));
#1841=DIRECTION('',(0.E0,-1.E0,0.E0));
#1842=DIRECTION('',(0.E0,0.E0,-1.E0));
#1843=AXIS2_PLACEMENT_3D('',#1840,#1841,#1842);
#1844=PLANE('',#1843);
#1846=ORIENTED_EDGE('',*,*,#1845,.T.);
#1848=ORIENTED_EDGE('',*,*,#1847,.T.);
#1849=ORIENTED_EDGE('',*,*,#1815,.F.);
#1851=ORIENTED_EDGE('',*,*,#1850,.F.);
#1852=EDGE_LOOP('',(#1846,#1848,#1849,#1851));
#1853=FACE_OUTER_BOUND('',#1852,.F.);
#1854=ADVANCED_FACE('',(#1853),#1844,.F.);
#1855=CARTESIAN_POINT('',(6.6E0,0.E0,0.E0));
#1856=DIRECTION('',(1.E0,0.E0,0.E0));
#1857=DIRECTION('',(0.E0,-7.071067811865E-1,-7.071067811865E-1));
#1858=AXIS2_PLACEMENT_3D('',#1855,#1856,#1857);
#1859=PLANE('',#1858);
#1860=ORIENTED_EDGE('',*,*,#1845,.F.);
#1862=ORIENTED_EDGE('',*,*,#1861,.F.);
#1864=ORIENTED_EDGE('',*,*,#1863,.T.);
#1866=ORIENTED_EDGE('',*,*,#1865,.T.);
#1868=ORIENTED_EDGE('',*,*,#1867,.F.);
#1870=ORIENTED_EDGE('',*,*,#1869,.T.);
#1872=ORIENTED_EDGE('',*,*,#1871,.T.);
#1874=ORIENTED_EDGE('',*,*,#1873,.F.);
#1875=EDGE_LOOP('',(#1860,#1862,#1864,#1866,#1868,#1870,#1872,#1874));
#1876=FACE_OUTER_BOUND('',#1875,.F.);
#1878=ORIENTED_EDGE('',*,*,#1877,.T.);
#1880=ORIENTED_EDGE('',*,*,#1879,.F.);
#1881=EDGE_LOOP('',(#1878,#1880));
#1882=FACE_BOUND('',#1881,.F.);
#1883=ADVANCED_FACE('',(#1876,#1882),#1859,.F.);
#1884=CARTESIAN_POINT('',(-6.4E-1,0.E0,0.E0));
#1885=DIRECTION('',(1.E0,0.E0,0.E0));
#1886=DIRECTION('',(0.E0,-1.E0,0.E0));
#1887=AXIS2_PLACEMENT_3D('',#1884,#1885,#1886);
#1888=CYLINDRICAL_SURFACE('',#1887,4.75E0);
#1889=ORIENTED_EDGE('',*,*,#1850,.T.);
#1890=ORIENTED_EDGE('',*,*,#1829,.T.);
#1892=ORIENTED_EDGE('',*,*,#1891,.F.);
#1893=ORIENTED_EDGE('',*,*,#1861,.T.);
#1894=EDGE_LOOP('',(#1889,#1890,#1892,#1893));
#1895=FACE_OUTER_BOUND('',#1894,.F.);
#1896=ADVANCED_FACE('',(#1895),#1888,.T.);
#1897=CARTESIAN_POINT('',(0.E0,-3.9E-1,4.733962399513E0));
#1898=DIRECTION('',(0.E0,1.E0,0.E0));
#1899=DIRECTION('',(0.E0,0.E0,-1.E0));
#1900=AXIS2_PLACEMENT_3D('',#1897,#1898,#1899);
#1901=PLANE('',#1900);
#1902=ORIENTED_EDGE('',*,*,#1863,.F.);
#1903=ORIENTED_EDGE('',*,*,#1891,.T.);
#1904=ORIENTED_EDGE('',*,*,#1827,.T.);
#1906=ORIENTED_EDGE('',*,*,#1905,.F.);
#1907=EDGE_LOOP('',(#1902,#1903,#1904,#1906));
#1908=FACE_OUTER_BOUND('',#1907,.F.);
#1909=ADVANCED_FACE('',(#1908),#1901,.F.);
#1910=CARTESIAN_POINT('',(0.E0,-3.9E-1,3.45E0));
#1911=DIRECTION('',(0.E0,0.E0,-1.E0));
#1912=DIRECTION('',(0.E0,-1.E0,0.E0));
#1913=AXIS2_PLACEMENT_3D('',#1910,#1911,#1912);
#1914=PLANE('',#1913);
#1916=ORIENTED_EDGE('',*,*,#1915,.F.);
#1917=ORIENTED_EDGE('',*,*,#1865,.F.);
#1918=ORIENTED_EDGE('',*,*,#1905,.T.);
#1919=ORIENTED_EDGE('',*,*,#1825,.T.);
#1920=EDGE_LOOP('',(#1916,#1917,#1918,#1919));
#1921=FACE_OUTER_BOUND('',#1920,.F.);
#1922=ADVANCED_FACE('',(#1921),#1914,.F.);
#1923=CARTESIAN_POINT('',(1.28E1,-3.264965543463E0,-3.45E0));
#1924=DIRECTION('',(0.E0,1.E0,0.E0));
#1925=DIRECTION('',(0.E0,0.E0,1.E0));
#1926=AXIS2_PLACEMENT_3D('',#1923,#1924,#1925);
#1927=PLANE('',#1926);
#1928=ORIENTED_EDGE('',*,*,#1867,.T.);
#1929=ORIENTED_EDGE('',*,*,#1915,.T.);
#1930=ORIENTED_EDGE('',*,*,#1823,.F.);
#1932=ORIENTED_EDGE('',*,*,#1931,.F.);
#1933=EDGE_LOOP('',(#1928,#1929,#1930,#1932));
#1934=FACE_OUTER_BOUND('',#1933,.F.);
#1935=ADVANCED_FACE('',(#1934),#1927,.F.);
#1936=CARTESIAN_POINT('',(0.E0,-3.264965543463E0,-3.45E0));
#1937=DIRECTION('',(0.E0,0.E0,1.E0));
#1938=DIRECTION('',(0.E0,1.E0,0.E0));
#1939=AXIS2_PLACEMENT_3D('',#1936,#1937,#1938);
#1940=PLANE('',#1939);
#1941=ORIENTED_EDGE('',*,*,#1931,.T.);
#1942=ORIENTED_EDGE('',*,*,#1821,.T.);
#1944=ORIENTED_EDGE('',*,*,#1943,.F.);
#1945=ORIENTED_EDGE('',*,*,#1869,.F.);
#1946=EDGE_LOOP('',(#1941,#1942,#1944,#1945));
#1947=FACE_OUTER_BOUND('',#1946,.F.);
#1948=ADVANCED_FACE('',(#1947),#1940,.F.);
#1949=CARTESIAN_POINT('',(0.E0,-3.9E-1,-3.45E0));
#1950=DIRECTION('',(0.E0,1.E0,0.E0));
#1951=DIRECTION('',(0.E0,0.E0,-1.E0));
#1952=AXIS2_PLACEMENT_3D('',#1949,#1950,#1951);
#1953=PLANE('',#1952);
#1954=ORIENTED_EDGE('',*,*,#1871,.F.);
#1955=ORIENTED_EDGE('',*,*,#1943,.T.);
#1956=ORIENTED_EDGE('',*,*,#1819,.T.);
#1958=ORIENTED_EDGE('',*,*,#1957,.F.);
#1959=EDGE_LOOP('',(#1954,#1955,#1956,#1958));
#1960=FACE_OUTER_BOUND('',#1959,.F.);
#1961=ADVANCED_FACE('',(#1960),#1953,.F.);
#1962=CARTESIAN_POINT('',(-6.4E-1,0.E0,0.E0));
#1963=DIRECTION('',(1.E0,0.E0,0.E0));
#1964=DIRECTION('',(0.E0,-1.E0,0.E0));
#1965=AXIS2_PLACEMENT_3D('',#1962,#1963,#1964);
#1966=CYLINDRICAL_SURFACE('',#1965,4.75E0);
#1967=ORIENTED_EDGE('',*,*,#1847,.F.);
#1968=ORIENTED_EDGE('',*,*,#1873,.T.);
#1969=ORIENTED_EDGE('',*,*,#1957,.T.);
#1970=ORIENTED_EDGE('',*,*,#1817,.T.);
#1971=EDGE_LOOP('',(#1967,#1968,#1969,#1970));
#1972=FACE_OUTER_BOUND('',#1971,.F.);
#1973=ADVANCED_FACE('',(#1972),#1966,.T.);
#1974=CARTESIAN_POINT('',(4.3488E0,0.E0,0.E0));
#1975=DIRECTION('',(1.E0,0.E0,0.E0));
#1976=DIRECTION('',(0.E0,-1.E0,0.E0));
#1977=AXIS2_PLACEMENT_3D('',#1974,#1975,#1976);
#1978=CYLINDRICAL_SURFACE('',#1977,2.451E0);
#1980=ORIENTED_EDGE('',*,*,#1979,.F.);
#1982=ORIENTED_EDGE('',*,*,#1981,.T.);
#1984=ORIENTED_EDGE('',*,*,#1983,.T.);
#1985=ORIENTED_EDGE('',*,*,#1877,.F.);
#1986=EDGE_LOOP('',(#1980,#1982,#1984,#1985));
#1987=FACE_OUTER_BOUND('',#1986,.F.);
#1988=ADVANCED_FACE('',(#1987),#1978,.T.);
#1989=CARTESIAN_POINT('',(4.3488E0,0.E0,0.E0));
#1990=DIRECTION('',(1.E0,0.E0,0.E0));
#1991=DIRECTION('',(0.E0,-1.E0,0.E0));
#1992=AXIS2_PLACEMENT_3D('',#1989,#1990,#1991);
#1993=CYLINDRICAL_SURFACE('',#1992,2.451E0);
#1994=ORIENTED_EDGE('',*,*,#1979,.T.);
#1995=ORIENTED_EDGE('',*,*,#1879,.T.);
#1996=ORIENTED_EDGE('',*,*,#1983,.F.);
#1998=ORIENTED_EDGE('',*,*,#1997,.F.);
#1999=EDGE_LOOP('',(#1994,#1995,#1996,#1998));
#2000=FACE_OUTER_BOUND('',#1999,.F.);
#2001=ADVANCED_FACE('',(#2000),#1993,.T.);
#2002=CARTESIAN_POINT('',(4.778E0,0.E0,0.E0));
#2003=DIRECTION('',(-1.E0,0.E0,0.E0));
#2004=DIRECTION('',(0.E0,1.E0,0.E0));
#2005=AXIS2_PLACEMENT_3D('',#2002,#2003,#2004);
#2006=CONICAL_SURFACE('',#2005,2.773E0,4.5E1);
#2008=ORIENTED_EDGE('',*,*,#2007,.F.);
#2010=ORIENTED_EDGE('',*,*,#2009,.F.);
#2012=ORIENTED_EDGE('',*,*,#2011,.F.);
#2014=ORIENTED_EDGE('',*,*,#2013,.F.);
#2016=ORIENTED_EDGE('',*,*,#2015,.T.);
#2017=ORIENTED_EDGE('',*,*,#1997,.T.);
#2019=ORIENTED_EDGE('',*,*,#2018,.F.);
#2021=ORIENTED_EDGE('',*,*,#2020,.F.);
#2022=EDGE_LOOP('',(#2008,#2010,#2012,#2014,#2016,#2017,#2019,#2021));
#2023=FACE_OUTER_BOUND('',#2022,.F.);
#2024=ADVANCED_FACE('',(#2023),#2006,.T.);
#2025=CARTESIAN_POINT('',(-3.3E-1,0.E0,0.E0));
#2026=DIRECTION('',(1.E0,0.E0,0.E0));
#2027=DIRECTION('',(0.E0,-7.071067811865E-1,-7.071067811865E-1));
#2028=AXIS2_PLACEMENT_3D('',#2025,#2026,#2027);
#2029=CYLINDRICAL_SURFACE('',#2028,3.095E0);
#2031=ORIENTED_EDGE('',*,*,#2030,.T.);
#2032=ORIENTED_EDGE('',*,*,#2007,.T.);
#2034=ORIENTED_EDGE('',*,*,#2033,.T.);
#2036=ORIENTED_EDGE('',*,*,#2035,.T.);
#2037=EDGE_LOOP('',(#2031,#2032,#2034,#2036));
#2038=FACE_OUTER_BOUND('',#2037,.F.);
#2039=ADVANCED_FACE('',(#2038),#2029,.T.);
#2040=CARTESIAN_POINT('',(3.293355565294E0,-2.912733252021E0,
-1.098485581321E0));
#2041=CARTESIAN_POINT('',(3.307229833280E0,-2.777010364093E0,
-1.458367017592E0));
#2042=CARTESIAN_POINT('',(3.334978369251E0,-2.370685570256E0,
-2.127110872307E0));
#2043=CARTESIAN_POINT('',(3.376601173208E0,-1.439159014936E0,
-2.841414771740E0));
#2044=CARTESIAN_POINT('',(3.418223977165E0,-3.121682524045E-1,
-3.169753590233E0));
#2045=CARTESIAN_POINT('',(3.459846781122E0,8.572258035780E-1,
-3.067565954925E0));
#2046=CARTESIAN_POINT('',(3.501469585080E0,1.910185820853E0,-2.548722066656E0));
#2047=CARTESIAN_POINT('',(3.543092389037E0,2.703693745194E0,-1.683696798257E0));
#2048=CARTESIAN_POINT('',(3.584715192994E0,3.129970562570E0,
-5.899821161841E-1));
#2049=CARTESIAN_POINT('',(3.626337996951E0,3.131117001597E0,5.838672517945E-1));
#2050=CARTESIAN_POINT('',(3.667960800908E0,2.706977327934E0,1.678412461219E0));
#2051=CARTESIAN_POINT('',(3.709583604865E0,1.915160607866E0,2.544986147097E0));
#2052=CARTESIAN_POINT('',(3.751206408822E0,8.632158877650E-1,3.065885349226E0));
#2053=CARTESIAN_POINT('',(3.792829212779E0,-3.059757207556E-1,
3.170358576179E0));
#2054=CARTESIAN_POINT('',(3.834452016736E0,-1.433607967702E0,2.844215680686E0));
#2055=CARTESIAN_POINT('',(3.876074820693E0,-2.366519431677E0,2.131755244579E0));
#2056=CARTESIAN_POINT('',(3.917697624650E0,-2.977996774875E0,1.129747694016E0));
#2057=CARTESIAN_POINT('',(3.959320428607E0,-3.184985668834E0,
-2.570860996424E-2));
#2058=CARTESIAN_POINT('',(4.000943232564E0,-2.959371705427E0,
-1.177673024409E0));
#2059=CARTESIAN_POINT('',(4.042566036521E0,-2.331799055581E0,
-2.169679194648E0));
#2060=CARTESIAN_POINT('',(4.084188840479E0,-1.387508203794E0,
-2.866987203969E0));
#2061=CARTESIAN_POINT('',(4.125811644436E0,-2.547581010069E-1,
-3.174884714948E0));
#2062=CARTESIAN_POINT('',(4.167434448393E0,9.125946951137E-1,
-3.051551337588E0));
#2063=CARTESIAN_POINT('',(4.209057252350E0,1.955993692523E0,-2.513738911989E0));
#2064=CARTESIAN_POINT('',(4.250680056307E0,2.733718508253E0,-1.634496179732E0));
#2065=CARTESIAN_POINT('',(4.292302860264E0,3.140134138424E0,
-5.332468828892E-1));
#2066=CARTESIAN_POINT('',(4.333925664221E0,3.120038897296E0,6.404310262083E-1));
#2067=CARTESIAN_POINT('',(4.375548468178E0,2.676162252426E0,1.727121991914E0));
#2068=CARTESIAN_POINT('',(4.417171272135E0,1.868793986768E0,2.579225286450E0));
#2069=CARTESIAN_POINT('',(4.458794076092E0,8.075956936444E-1,3.081004083370E0));
#2070=CARTESIAN_POINT('',(4.500416880049E0,-3.632955620287E-1,
3.164301372374E0));
#2071=CARTESIAN_POINT('',(4.542039684006E0,-1.484839243818E0,2.817812803460E0));
#2072=CARTESIAN_POINT('',(4.583662487963E0,-2.404713717084E0,2.088564740431E0));
#2073=CARTESIAN_POINT('',(4.611411023935E0,-2.800190319022E0,1.413348894481E0));
#2074=CARTESIAN_POINT('',(4.625285291920E0,-2.930086109199E0,1.051323433812E0));
#2075=CARTESIAN_POINT('',(3.370426668446E0,-2.787829448018E0,
-1.051380331414E0));
#2076=CARTESIAN_POINT('',(3.384300936432E0,-2.657926627884E0,
-1.395829334815E0));
#2077=CARTESIAN_POINT('',(3.412049472403E0,-2.269025850604E0,
-2.035896120904E0));
#2078=CARTESIAN_POINT('',(3.453672276360E0,-1.377445009575E0,
-2.719569246237E0));
#2079=CARTESIAN_POINT('',(3.495295080318E0,-2.987818559031E-1,
-3.033828242144E0));
#2080=CARTESIAN_POINT('',(3.536917884275E0,8.204662535292E-1,
-2.936022616196E0));
#2081=CARTESIAN_POINT('',(3.578540688232E0,1.828273247770E0,-2.439427787391E0));
#2082=CARTESIAN_POINT('',(3.620163492189E0,2.587753971650E0,-1.611496525629E0));
#2083=CARTESIAN_POINT('',(3.661786296146E0,2.995751189955E0,
-5.646825077996E-1));
#2084=CARTESIAN_POINT('',(3.703409100103E0,2.996848467393E0,5.588298609754E-1));
#2085=CARTESIAN_POINT('',(3.745031904060E0,2.590896747821E0,1.606438791489E0));
#2086=CARTESIAN_POINT('',(3.786654708017E0,1.833034706007E0,2.435852071505E0));
#2087=CARTESIAN_POINT('',(3.828277511974E0,8.261994709745E-1,2.934414078216E0));
#2088=CARTESIAN_POINT('',(3.869900315931E0,-2.928548723464E-1,
3.034407285087E0));
#2089=CARTESIAN_POINT('',(3.911523119888E0,-1.372132002304E0,2.722250046629E0));
#2090=CARTESIAN_POINT('',(3.953145923846E0,-2.265038364347E0,2.040341333242E0));
#2091=CARTESIAN_POINT('',(3.994768727803E0,-2.850294341007E0,1.081301862444E0));
#2092=CARTESIAN_POINT('',(4.036391531760E0,-3.048407138872E0,
-2.460617355673E-2));
#2093=CARTESIAN_POINT('',(4.078014335717E0,-2.832467951639E0,
-1.127172059200E0));
#2094=CARTESIAN_POINT('',(4.119637139674E0,-2.231806867141E0,
-2.076639028786E0));
#2095=CARTESIAN_POINT('',(4.161259943631E0,-1.328009088104E0,
-2.744045081632E0));
#2096=CARTESIAN_POINT('',(4.202882747588E0,-2.438335661594E-1,
-3.038739334010E0));
#2097=CARTESIAN_POINT('',(4.244505551545E0,8.734608167001E-1,
-2.920694737551E0));
#2098=CARTESIAN_POINT('',(4.286128355502E0,1.872116786653E0,-2.405944780083E0));
#2099=CARTESIAN_POINT('',(4.327751159459E0,2.616491213059E0,-1.564405727634E0));
#2100=CARTESIAN_POINT('',(4.369373963416E0,3.005478931430E0,
-5.103801943260E-1));
#2101=CARTESIAN_POINT('',(4.410996767373E0,2.986245414272E0,6.129680680664E-1));
#2102=CARTESIAN_POINT('',(4.452619571330E0,2.561403084135E0,1.653059560477E0));
#2103=CARTESIAN_POINT('',(4.494242375288E0,1.788656377984E0,2.468622968357E0));
#2104=CARTESIAN_POINT('',(4.535865179245E0,7.729643815741E-1,2.948884490923E0));
#2105=CARTESIAN_POINT('',(4.577487983202E0,-3.477167246436E-1,
3.028609826248E0));
#2106=CARTESIAN_POINT('',(4.619110787159E0,-1.421166379246E0,2.696979377374E0));
#2107=CARTESIAN_POINT('',(4.660733591116E0,-2.301594802712E0,1.999002923947E0));
#2108=CARTESIAN_POINT('',(4.688482127087E0,-2.680112580171E0,1.352741678501E0));
#2109=CARTESIAN_POINT('',(4.702356395073E0,-2.804438180113E0,1.006240590738E0));
#2110=CARTESIAN_POINT('',(3.447497771598E0,-2.662925644015E0,
-1.004275081507E0));
#2111=CARTESIAN_POINT('',(3.461372039584E0,-2.538842891675E0,
-1.333291652037E0));
#2112=CARTESIAN_POINT('',(3.489120575555E0,-2.167366130953E0,
-1.944681369501E0));
#2113=CARTESIAN_POINT('',(3.530743379512E0,-1.315731004214E0,
-2.597723720735E0));
#2114=CARTESIAN_POINT('',(3.572366183469E0,-2.853954594015E-1,
-2.897902894055E0));
#2115=CARTESIAN_POINT('',(3.613988987425E0,7.837067034809E-1,
-2.804479277466E0));
#2116=CARTESIAN_POINT('',(3.655611791382E0,1.746360674688E0,-2.330133508125E0));
#2117=CARTESIAN_POINT('',(3.697234595339E0,2.471814198106E0,-1.539296252999E0));
#2118=CARTESIAN_POINT('',(3.738857399296E0,2.861531817340E0,
-5.393828994134E-1));
#2119=CARTESIAN_POINT('',(3.780480203252E0,2.862579933188E0,5.337924701587E-1));
#2120=CARTESIAN_POINT('',(3.822103007209E0,2.474816167707E0,1.534465121762E0));
#2121=CARTESIAN_POINT('',(3.863725811166E0,1.750908804145E0,2.326717995914E0));
#2122=CARTESIAN_POINT('',(3.905348615123E0,7.891830541798E-1,2.802942807208E0));
#2123=CARTESIAN_POINT('',(3.946971419080E0,-2.797340239422E-1,
2.898455993995E0));
#2124=CARTESIAN_POINT('',(3.988594223037E0,-1.310656036910E0,2.600284412569E0));
#2125=CARTESIAN_POINT('',(4.030217026994E0,-2.163557297021E0,1.948927421900E0));
#2126=CARTESIAN_POINT('',(4.071839830951E0,-2.722591907142E0,1.032856030864E0));
#2127=CARTESIAN_POINT('',(4.113462634907E0,-2.911828608910E0,
-2.350373715745E-2));
#2128=CARTESIAN_POINT('',(4.155085438864E0,-2.705564197847E0,-1.076671094E0));
#2129=CARTESIAN_POINT('',(4.196708242821E0,-2.131814678695E0,
-1.983598862932E0));
#2130=CARTESIAN_POINT('',(4.238331046778E0,-1.268509972404E0,
-2.621102959300E0));
#2131=CARTESIAN_POINT('',(4.279953850735E0,-2.329090313005E-1,
-2.902593953073E0));
#2132=CARTESIAN_POINT('',(4.321576654692E0,8.343269382983E-1,
-2.789838137511E0));
#2133=CARTESIAN_POINT('',(4.363199458649E0,1.788239880793E0,-2.298150648169E0));
#2134=CARTESIAN_POINT('',(4.404822262606E0,2.499263917872E0,-1.494315275525E0));
#2135=CARTESIAN_POINT('',(4.446445066563E0,2.870823724439E0,
-4.875135057487E-1));
#2136=CARTESIAN_POINT('',(4.488067870520E0,2.852451931244E0,5.855051099391E-1));
#2137=CARTESIAN_POINT('',(4.529690674477E0,2.446643915836E0,1.578997129054E0));
#2138=CARTESIAN_POINT('',(4.571313478434E0,1.708518769188E0,2.358020650273E0));
#2139=CARTESIAN_POINT('',(4.612936282392E0,7.383330694880E-1,2.816764898481E0));
#2140=CARTESIAN_POINT('',(4.654559086349E0,-3.321378872751E-1,
2.892918280120E0));
#2141=CARTESIAN_POINT('',(4.696181890306E0,-1.357493514690E0,2.576145951279E0));
#2142=CARTESIAN_POINT('',(4.737804694263E0,-2.198475888351E0,1.909441107451E0));
#2143=CARTESIAN_POINT('',(4.765553230234E0,-2.560034841327E0,1.292134462505E0));
#2144=CARTESIAN_POINT('',(4.779427498220E0,-2.678790251032E0,
9.611577476486E-1));
#2145=CARTESIAN_POINT('',(3.524568874750E0,-2.538021840013E0,
-9.571698315994E-1));
#2146=CARTESIAN_POINT('',(3.538443142736E0,-2.419759155466E0,
-1.270753969260E0));
#2147=CARTESIAN_POINT('',(3.566191678707E0,-2.065706411302E0,
-1.853466618098E0));
#2148=CARTESIAN_POINT('',(3.607814482664E0,-1.254016998853E0,
-2.475878195233E0));
#2149=CARTESIAN_POINT('',(3.649437286621E0,-2.720090629002E-1,
-2.761977545965E0));
#2150=CARTESIAN_POINT('',(3.691060090577E0,7.469471534321E-1,
-2.672935938736E0));
#2151=CARTESIAN_POINT('',(3.732682894534E0,1.664448101605E0,-2.220839228860E0));
#2152=CARTESIAN_POINT('',(3.774305698491E0,2.355874424562E0,-1.467095980371E0));
#2153=CARTESIAN_POINT('',(3.815928502448E0,2.727312444724E0,
-5.140832910289E-1));
#2154=CARTESIAN_POINT('',(3.857551306405E0,2.728311398984E0,5.087550793396E-1));
#2155=CARTESIAN_POINT('',(3.899174110362E0,2.358735587595E0,1.462491452032E0));
#2156=CARTESIAN_POINT('',(3.940796914318E0,1.668782902285E0,2.217583920321E0));
#2157=CARTESIAN_POINT('',(3.982419718275E0,7.521666373894E-1,2.671471536198E0));
#2158=CARTESIAN_POINT('',(4.024042522232E0,-2.666131755329E-1,
2.762504702904E0));
#2159=CARTESIAN_POINT('',(4.065665326189E0,-1.249180071512E0,2.478318778513E0));
#2160=CARTESIAN_POINT('',(4.107288130146E0,-2.062076229690E0,1.857513510562E0));
#2161=CARTESIAN_POINT('',(4.148910934103E0,-2.594889473274E0,
9.844101992909E-1));
#2162=CARTESIAN_POINT('',(4.190533738060E0,-2.775250078948E0,
-2.240130074976E-2));
#2163=CARTESIAN_POINT('',(4.232156542017E0,-2.578660444059E0,
-1.026170128791E0));
#2164=CARTESIAN_POINT('',(4.273779345974E0,-2.031822490255E0,
-1.890558697070E0));
#2165=CARTESIAN_POINT('',(4.315402149931E0,-1.209010856714E0,
-2.498160836963E0));
#2166=CARTESIAN_POINT('',(4.357024953888E0,-2.219844964532E-1,
-2.766448572135E0));
#2167=CARTESIAN_POINT('',(4.398647757845E0,7.951930598845E-1,
-2.658981537474E0));
#2168=CARTESIAN_POINT('',(4.440270561802E0,1.704362974923E0,-2.190356516264E0));
#2169=CARTESIAN_POINT('',(4.481893365759E0,2.382036622678E0,-1.424224823428E0));
#2170=CARTESIAN_POINT('',(4.523516169716E0,2.736168517445E0,
-4.646468171858E-1));
#2171=CARTESIAN_POINT('',(4.565138973673E0,2.718658448220E0,5.580421517968E-1));
#2172=CARTESIAN_POINT('',(4.606761777630E0,2.331884747545E0,1.504934697617E0));
#2173=CARTESIAN_POINT('',(4.648384581587E0,1.628381160404E0,2.247418332180E0));
#2174=CARTESIAN_POINT('',(4.690007385544E0,7.037017574181E-1,2.684645306034E0));
#2175=CARTESIAN_POINT('',(4.731630189501E0,-3.165590498897E-1,
2.757226733993E0));
#2176=CARTESIAN_POINT('',(4.773252993458E0,-1.293820650117E0,2.455312525193E0));
#2177=CARTESIAN_POINT('',(4.814875797415E0,-2.095356973978E0,1.819879290968E0));
#2178=CARTESIAN_POINT('',(4.842624333387E0,-2.439957102476E0,1.231527246524E0));
#2179=CARTESIAN_POINT('',(4.856498601373E0,-2.553142321946E0,
9.160749045753E-1));
#2180=B_SPLINE_SURFACE_WITH_KNOTS('',3,3,((#2040,#2041,#2042,#2043,#2044,#2045,
#2046,#2047,#2048,#2049,#2050,#2051,#2052,#2053,#2054,#2055,#2056,#2057,#2058,
#2059,#2060,#2061,#2062,#2063,#2064,#2065,#2066,#2067,#2068,#2069,#2070,#2071,
#2072,#2073,#2074),(#2075,#2076,#2077,#2078,#2079,#2080,#2081,#2082,#2083,#2084,
#2085,#2086,#2087,#2088,#2089,#2090,#2091,#2092,#2093,#2094,#2095,#2096,#2097,
#2098,#2099,#2100,#2101,#2102,#2103,#2104,#2105,#2106,#2107,#2108,#2109),(#2110,
#2111,#2112,#2113,#2114,#2115,#2116,#2117,#2118,#2119,#2120,#2121,#2122,#2123,
#2124,#2125,#2126,#2127,#2128,#2129,#2130,#2131,#2132,#2133,#2134,#2135,#2136,
#2137,#2138,#2139,#2140,#2141,#2142,#2143,#2144),(#2145,#2146,#2147,#2148,#2149,
#2150,#2151,#2152,#2153,#2154,#2155,#2156,#2157,#2158,#2159,#2160,#2161,#2162,
#2163,#2164,#2165,#2166,#2167,#2168,#2169,#2170,#2171,#2172,#2173,#2174,#2175,
#2176,#2177,#2178,#2179)),.UNSPECIFIED.,.F.,.F.,.F.,(4,4),(4,1,1,1,1,1,1,1,1,1,
1,1,1,1,1,1,1,1,1,1,1,1,1,1,1,1,1,1,1,1,1,1,4),(-4.934595248830E-2,
1.049345952488E0),(-1.298008439406E-2,8.112552746351E-3,2.920518988676E-2,
5.029782702717E-2,7.139046416757E-2,9.248310130798E-2,1.135757384484E-1,
1.346683755888E-1,1.557610127292E-1,1.768536498696E-1,1.979462870100E-1,
2.190389241504E-1,2.401315612908E-1,2.612241984312E-1,2.823168355716E-1,
3.034094727121E-1,3.245021098525E-1,3.455947469929E-1,3.666873841333E-1,
3.877800212737E-1,4.088726584141E-1,4.299652955545E-1,4.510579326949E-1,
4.721505698353E-1,4.932432069757E-1,5.143358441161E-1,5.354284812565E-1,
5.565211183969E-1,5.776137555373E-1,5.987063926777E-1,6.197990298182E-1,
6.408916669586E-1,6.619843040990E-1),.UNSPECIFIED.);
#2181=ORIENTED_EDGE('',*,*,#2030,.F.);
#2183=ORIENTED_EDGE('',*,*,#2182,.F.);
#2185=ORIENTED_EDGE('',*,*,#2184,.F.);
#2187=ORIENTED_EDGE('',*,*,#2186,.F.);
#2189=ORIENTED_EDGE('',*,*,#2188,.T.);
#2191=ORIENTED_EDGE('',*,*,#2190,.T.);
#2192=ORIENTED_EDGE('',*,*,#2009,.T.);
#2193=EDGE_LOOP('',(#2181,#2183,#2185,#2187,#2189,#2191,#2192));
#2194=FACE_OUTER_BOUND('',#2193,.F.);
#2195=ADVANCED_FACE('',(#2194),#2180,.F.);
#2196=CARTESIAN_POINT('',(-3.3E-1,0.E0,0.E0));
#2197=DIRECTION('',(1.E0,0.E0,0.E0));
#2198=DIRECTION('',(0.E0,-7.071067811865E-1,-7.071067811865E-1));
#2199=AXIS2_PLACEMENT_3D('',#2196,#2197,#2198);
#2200=CYLINDRICAL_SURFACE('',#2199,3.095E0);
#2202=ORIENTED_EDGE('',*,*,#2201,.F.);
#2204=ORIENTED_EDGE('',*,*,#2203,.T.);
#2205=ORIENTED_EDGE('',*,*,#2182,.T.);
#2206=ORIENTED_EDGE('',*,*,#2035,.F.);
#2208=ORIENTED_EDGE('',*,*,#2207,.F.);
#2209=EDGE_LOOP('',(#2202,#2204,#2205,#2206,#2208));
#2210=FACE_OUTER_BOUND('',#2209,.F.);
#2211=ADVANCED_FACE('',(#2210),#2200,.T.);
#2212=CARTESIAN_POINT('',(1.713037925379E0,-1.547810845503E-1,
-2.708093750735E0));
#2213=CARTESIAN_POINT('',(1.734415703157E0,3.607737998649E-1,
-2.737560287532E0));
#2214=CARTESIAN_POINT('',(1.777171258712E0,1.408077517690E0,-2.493895808044E0));
#2215=CARTESIAN_POINT('',(1.841304592045E0,2.532923485501E0,-1.336846585779E0));
#2216=CARTESIAN_POINT('',(1.905437925378E0,2.853557351870E0,2.445507612259E-1));
#2217=CARTESIAN_POINT('',(1.969571258712E0,2.268488933569E0,1.748320568691E0));
#2218=CARTESIAN_POINT('',(2.033704592045E0,9.633517380928E-1,2.697147898657E0));
#2219=CARTESIAN_POINT('',(2.097837925378E0,-6.475635653296E-1,
2.789859438426E0));
#2220=CARTESIAN_POINT('',(2.161971258712E0,-2.052933551123E0,1.997027454894E0));
#2221=CARTESIAN_POINT('',(2.226104592045E0,-2.806671062897E0,
5.703087295428E-1));
#2222=CARTESIAN_POINT('',(2.290237925378E0,-2.669528804342E0,
-1.037434609155E0));
#2223=CARTESIAN_POINT('',(2.354371258712E0,-1.685037697885E0,
-2.315880510420E0));
#2224=CARTESIAN_POINT('',(2.418504592045E0,-1.656901417186E-1,
-2.859230903937E0));
#2225=CARTESIAN_POINT('',(2.482637925379E0,1.406249973495E0,-2.495018155719E0));
#2226=CARTESIAN_POINT('',(2.546771258712E0,2.531825073697E0,-1.338848901551E0));
#2227=CARTESIAN_POINT('',(2.610904592046E0,2.853760595526E0,2.422912473532E-1));
#2228=CARTESIAN_POINT('',(2.675037925379E0,2.269869334140E0,1.746524489097E0));
#2229=CARTESIAN_POINT('',(2.739171258712E0,9.654872087355E-1,2.696384437513E0));
#2230=CARTESIAN_POINT('',(2.803304592046E0,-6.453551620967E-1,
2.790371175998E0));
#2231=CARTESIAN_POINT('',(2.867437925379E0,-2.051352041898E0,1.998651891982E0));
#2232=CARTESIAN_POINT('',(2.931571258713E0,-2.806218751818E0,
5.725302628950E-1));
#2233=CARTESIAN_POINT('',(2.995704592046E0,-2.670349179026E0,
-1.035321132500E0));
#2234=CARTESIAN_POINT('',(3.059837925380E0,-1.686870380849E0,
-2.314545938906E0));
#2235=CARTESIAN_POINT('',(3.123971258713E0,-1.679534070053E-1,
-2.859098850148E0));
#2236=CARTESIAN_POINT('',(3.188104592046E0,1.404274523744E0,-2.496130538945E0));
#2237=CARTESIAN_POINT('',(3.252237925380E0,2.530764459582E0,-1.340852621438E0));
#2238=CARTESIAN_POINT('',(3.316371258713E0,2.853951538922E0,2.400321528837E-1));
#2239=CARTESIAN_POINT('',(3.380504592046E0,2.271250976600E0,1.744727273420E0));
#2240=CARTESIAN_POINT('',(3.444637925380E0,9.676219296131E-1,2.695618882531E0));
#2241=CARTESIAN_POINT('',(3.508771258713E0,-6.431484396778E-1,
2.790882823978E0));
#2242=CARTESIAN_POINT('',(3.572904592046E0,-2.049760761886E0,2.000268845498E0));
#2243=CARTESIAN_POINT('',(3.637037925379E0,-2.805796538899E0,
5.747747033580E-1));
#2244=CARTESIAN_POINT('',(3.701171258712E0,-2.671048939729E0,
-1.033293839518E0));
#2245=CARTESIAN_POINT('',(3.743926814268E0,-2.016446921999E0,
-1.886355182171E0));
#2246=CARTESIAN_POINT('',(3.765304592045E0,-1.599365412436E0,
-2.190835280072E0));
#2247=CARTESIAN_POINT('',(1.790109028531E0,-1.623983343088E-1,
-2.841367312739E0));
#2248=CARTESIAN_POINT('',(1.811486806309E0,3.785285800946E-1,
-2.872283987781E0));
#2249=CARTESIAN_POINT('',(1.854242361864E0,1.477373311571E0,-2.616628035285E0));
#2250=CARTESIAN_POINT('',(1.918375695197E0,2.657576383912E0,-1.402636888013E0));
#2251=CARTESIAN_POINT('',(1.982509028530E0,2.993989621825E0,2.565858508644E-1));
#2252=CARTESIAN_POINT('',(2.046642361864E0,2.380128200290E0,1.834360761964E0));
#2253=CARTESIAN_POINT('',(2.110775695197E0,1.010761218493E0,2.829882781860E0));
#2254=CARTESIAN_POINT('',(2.174909028530E0,-6.794321455634E-1,
2.927156939574E0));
#2255=CARTESIAN_POINT('',(2.239042361864E0,-2.153964679327E0,2.095307273405E0));
#2256=CARTESIAN_POINT('',(2.303175695197E0,-2.944795915415E0,
5.983753634278E-1));
#2257=CARTESIAN_POINT('',(2.367309028530E0,-2.800904467585E0,
-1.088489933836E0));
#2258=CARTESIAN_POINT('',(2.431442361864E0,-1.767963547866E0,
-2.429852061338E0));
#2259=CARTESIAN_POINT('',(2.495575695197E0,-1.738442594886E-1,
-2.999942386712E0));
#2260=CARTESIAN_POINT('',(2.559709028531E0,1.475455828346E0,-2.617805617116E0));
#2261=CARTESIAN_POINT('',(2.623842361864E0,2.656423915909E0,-1.404737743858E0));
#2262=CARTESIAN_POINT('',(2.687975695198E0,2.994202867722E0,2.542151394152E-1));
#2263=CARTESIAN_POINT('',(2.752109028531E0,2.381576534588E0,1.832476291809E0));
#2264=CARTESIAN_POINT('',(2.816242361864E0,1.013001782167E0,2.829081748462E0));
#2265=CARTESIAN_POINT('',(2.880375695198E0,-6.771150600646E-1,
2.927693861314E0));
#2266=CARTESIAN_POINT('',(2.944509028531E0,-2.152305339203E0,2.097011654002E0));
#2267=CARTESIAN_POINT('',(3.008642361865E0,-2.944321344728E0,
6.007062252191E-1));
#2268=CARTESIAN_POINT('',(3.072775695198E0,-2.801765215412E0,
-1.086272446541E0));
#2269=CARTESIAN_POINT('',(3.136909028532E0,-1.769886422754E0,
-2.428451811485E0));
#2270=CARTESIAN_POINT('',(3.201042361865E0,-1.762189069704E-1,
-2.999803834153E0));
#2271=CARTESIAN_POINT('',(3.265175695198E0,1.473383160681E0,-2.618972744117E0));
#2272=CARTESIAN_POINT('',(3.329309028532E0,2.655311105735E0,-1.406840072919E0));
#2273=CARTESIAN_POINT('',(3.393442361865E0,2.994403208026E0,2.518448680092E-1));
#2274=CARTESIAN_POINT('',(3.457575695198E0,2.383026171891E0,1.830590629662E0));
#2275=CARTESIAN_POINT('',(3.521709028532E0,1.015241559176E0,2.828278518182E0));
#2276=CARTESIAN_POINT('',(3.585842361865E0,-6.747997380977E-1,
2.928230689054E0));
#2277=CARTESIAN_POINT('',(3.649975695198E0,-2.150635747443E0,2.098708182737E0));
#2278=CARTESIAN_POINT('',(3.714109028531E0,-2.943878353421E0,
6.030611214503E-1));
#2279=CARTESIAN_POINT('',(3.778242361864E0,-2.802499413476E0,
-1.084145384281E0));
#2280=CARTESIAN_POINT('',(3.820997917420E0,-2.115682431779E0,
-1.979188480230E0));
#2281=CARTESIAN_POINT('',(3.842375695197E0,-1.678075067670E0,
-2.298652973408E0));
#2282=CARTESIAN_POINT('',(1.867180131683E0,-1.700155840674E-1,
-2.974640874744E0));
#2283=CARTESIAN_POINT('',(1.888557909461E0,3.962833603244E-1,
-3.007007688030E0));
#2284=CARTESIAN_POINT('',(1.931313465016E0,1.546669105452E0,-2.739360262527E0));
#2285=CARTESIAN_POINT('',(1.995446798350E0,2.782229282322E0,-1.468427190248E0));
#2286=CARTESIAN_POINT('',(2.059580131683E0,3.134421891780E0,2.686209405028E-1));
#2287=CARTESIAN_POINT('',(2.123713465016E0,2.491767467011E0,1.920400955237E0));
#2288=CARTESIAN_POINT('',(2.187846798350E0,1.058170698894E0,2.962617665063E0));
#2289=CARTESIAN_POINT('',(2.251980131683E0,-7.113007257968E-1,
3.064454440722E0));
#2290=CARTESIAN_POINT('',(2.316113465016E0,-2.254995807529E0,2.193587091917E0));
#2291=CARTESIAN_POINT('',(2.380246798350E0,-3.082920767934E0,
6.264419973134E-1));
#2292=CARTESIAN_POINT('',(2.444380131683E0,-2.932280130829E0,
-1.139545258515E0));
#2293=CARTESIAN_POINT('',(2.508513465016E0,-1.850889397848E0,
-2.543823612254E0));
#2294=CARTESIAN_POINT('',(2.572646798350E0,-1.819983772595E-1,
-3.140653869487E0));
#2295=CARTESIAN_POINT('',(2.636780131683E0,1.544661683196E0,-2.740593078514E0));
#2296=CARTESIAN_POINT('',(2.700913465016E0,2.781022758121E0,-1.470626586166E0));
#2297=CARTESIAN_POINT('',(2.765046798349E0,3.134645139918E0,2.661390314759E-1));
#2298=CARTESIAN_POINT('',(2.829180131683E0,2.493283735036E0,1.918428094521E0));
#2299=CARTESIAN_POINT('',(2.893313465016E0,1.060516355599E0,2.961779059410E0));
#2300=CARTESIAN_POINT('',(2.957446798349E0,-7.088749580309E-1,
3.065016546631E0));
#2301=CARTESIAN_POINT('',(3.021580131683E0,-2.253258636507E0,2.195371416024E0));
#2302=CARTESIAN_POINT('',(3.085713465016E0,-3.082423937637E0,
6.288821875450E-1));
#2303=CARTESIAN_POINT('',(3.149846798349E0,-2.933181251799E0,
-1.137223760581E0));
#2304=CARTESIAN_POINT('',(3.213980131683E0,-1.852902464661E0,
-2.542357684062E0));
#2305=CARTESIAN_POINT('',(3.278113465016E0,-1.844844069371E-1,
-3.140508818158E0));
#2306=CARTESIAN_POINT('',(3.342246798349E0,1.542491797617E0,-2.741814949289E0));
#2307=CARTESIAN_POINT('',(3.406380131683E0,2.779857751887E0,-1.472827524401E0));
#2308=CARTESIAN_POINT('',(3.470513465016E0,3.134854877129E0,2.636575831333E-1));
#2309=CARTESIAN_POINT('',(3.534646798349E0,2.494801367184E0,1.916453985902E0));
#2310=CARTESIAN_POINT('',(3.598780131683E0,1.062861188741E0,2.960938153832E0));
#2311=CARTESIAN_POINT('',(3.662913465016E0,-7.064510365166E-1,
3.065578554130E0));
#2312=CARTESIAN_POINT('',(3.727046798349E0,-2.251510733E0,2.197147519978E0));
#2313=CARTESIAN_POINT('',(3.791180131683E0,-3.081960167944E0,
6.313475395430E-1));
#2314=CARTESIAN_POINT('',(3.855313465016E0,-2.933949887223E0,
-1.134996929045E0));
#2315=CARTESIAN_POINT('',(3.898069020572E0,-2.214917941560E0,
-2.072021778289E0));
#2316=CARTESIAN_POINT('',(3.919446798349E0,-1.756784722903E0,
-2.406470666743E0));
#2317=CARTESIAN_POINT('',(1.944251234835E0,-1.776328338259E-1,
-3.107914436748E0));
#2318=CARTESIAN_POINT('',(1.965629012613E0,4.140381405541E-1,
-3.141731388280E0));
#2319=CARTESIAN_POINT('',(2.008384568168E0,1.615964899332E0,-2.862092489768E0));
#2320=CARTESIAN_POINT('',(2.072517901502E0,2.906882180733E0,-1.534217492482E0));
#2321=CARTESIAN_POINT('',(2.136651234835E0,3.274854161736E0,2.806560301412E-1));
#2322=CARTESIAN_POINT('',(2.200784568168E0,2.603406733732E0,2.006441148510E0));
#2323=CARTESIAN_POINT('',(2.264917901502E0,1.105580179295E0,3.095352548266E0));
#2324=CARTESIAN_POINT('',(2.329051234835E0,-7.431693060305E-1,
3.201751941870E0));
#2325=CARTESIAN_POINT('',(2.393184568168E0,-2.356026935732E0,2.291866910428E0));
#2326=CARTESIAN_POINT('',(2.457317901502E0,-3.221045620452E0,
6.545086311984E-1));
#2327=CARTESIAN_POINT('',(2.521451234835E0,-3.063655794072E0,
-1.190600583196E0));
#2328=CARTESIAN_POINT('',(2.585584568168E0,-1.933815247829E0,
-2.657795163171E0));
#2329=CARTESIAN_POINT('',(2.649717901502E0,-1.901524950295E-1,
-3.281365352263E0));
#2330=CARTESIAN_POINT('',(2.713851234835E0,1.613867538047E0,-2.863380539911E0));
#2331=CARTESIAN_POINT('',(2.777984568168E0,2.905621600333E0,-1.536515428473E0));
#2332=CARTESIAN_POINT('',(2.842117901501E0,3.275087412114E0,2.780629235379E-1));
#2333=CARTESIAN_POINT('',(2.906251234835E0,2.604990935484E0,2.004379897233E0));
#2334=CARTESIAN_POINT('',(2.970384568168E0,1.108030929030E0,3.094476370359E0));
#2335=CARTESIAN_POINT('',(3.034517901501E0,-7.406348559988E-1,
3.202339231947E0));
#2336=CARTESIAN_POINT('',(3.098651234835E0,-2.354211933813E0,2.293731178044E0));
#2337=CARTESIAN_POINT('',(3.162784568168E0,-3.220526530546E0,
6.570581498691E-1));
#2338=CARTESIAN_POINT('',(3.226917901501E0,-3.064597288185E0,
-1.188175074622E0));
#2339=CARTESIAN_POINT('',(3.291051234835E0,-1.935918506567E0,
-2.656263556640E0));
#2340=CARTESIAN_POINT('',(3.355184568168E0,-1.927499069022E-1,
-3.281213802163E0));
#2341=CARTESIAN_POINT('',(3.419317901501E0,1.611600434554E0,-2.864657154461E0));
#2342=CARTESIAN_POINT('',(3.483451234835E0,2.904404398040E0,-1.538814975881E0));
#2343=CARTESIAN_POINT('',(3.547584568168E0,3.275306546233E0,2.754702982588E-1));
#2344=CARTESIAN_POINT('',(3.611717901501E0,2.606576562476E0,2.002317342144E0));
#2345=CARTESIAN_POINT('',(3.675851234835E0,1.110480818304E0,3.093597789483E0));
#2346=CARTESIAN_POINT('',(3.739984568168E0,-7.381023349365E-1,
3.202926419206E0));
#2347=CARTESIAN_POINT('',(3.804117901501E0,-2.352385718557E0,2.295586857218E0));
#2348=CARTESIAN_POINT('',(3.868251234835E0,-3.220041982466E0,
6.596339576353E-1));
#2349=CARTESIAN_POINT('',(3.932384568168E0,-3.065400360970E0,
-1.185848473809E0));
#2350=CARTESIAN_POINT('',(3.975140123724E0,-2.314153451340E0,
-2.164855076348E0));
#2351=CARTESIAN_POINT('',(3.996517901501E0,-1.835494378138E0,
-2.514288360078E0));
#2352=B_SPLINE_SURFACE_WITH_KNOTS('',3,3,((#2212,#2213,#2214,#2215,#2216,#2217,
#2218,#2219,#2220,#2221,#2222,#2223,#2224,#2225,#2226,#2227,#2228,#2229,#2230,
#2231,#2232,#2233,#2234,#2235,#2236,#2237,#2238,#2239,#2240,#2241,#2242,#2243,
#2244,#2245,#2246),(#2247,#2248,#2249,#2250,#2251,#2252,#2253,#2254,#2255,#2256,
#2257,#2258,#2259,#2260,#2261,#2262,#2263,#2264,#2265,#2266,#2267,#2268,#2269,
#2270,#2271,#2272,#2273,#2274,#2275,#2276,#2277,#2278,#2279,#2280,#2281),(#2282,
#2283,#2284,#2285,#2286,#2287,#2288,#2289,#2290,#2291,#2292,#2293,#2294,#2295,
#2296,#2297,#2298,#2299,#2300,#2301,#2302,#2303,#2304,#2305,#2306,#2307,#2308,
#2309,#2310,#2311,#2312,#2313,#2314,#2315,#2316),(#2317,#2318,#2319,#2320,#2321,
#2322,#2323,#2324,#2325,#2326,#2327,#2328,#2329,#2330,#2331,#2332,#2333,#2334,
#2335,#2336,#2337,#2338,#2339,#2340,#2341,#2342,#2343,#2344,#2345,#2346,#2347,
#2348,#2349,#2350,#2351)),.UNSPECIFIED.,.F.,.F.,.F.,(4,4),(4,1,1,1,1,1,1,1,1,1,
1,1,1,1,1,1,1,1,1,1,1,1,1,1,1,1,1,1,1,1,1,1,4),(-4.934595248830E-2,
1.049345952488E0),(-2.E-2,1.25E-2,4.5E-2,7.749999999999E-2,1.1E-1,1.425E-1,
1.75E-1,2.075E-1,2.4E-1,2.725E-1,3.05E-1,3.375E-1,3.7E-1,4.025E-1,4.35E-1,
4.675E-1,5.E-1,5.325E-1,5.65E-1,5.975E-1,6.3E-1,6.625E-1,6.95E-1,7.275E-1,
7.6E-1,7.925E-1,8.25E-1,8.575E-1,8.899999999999E-1,9.224999999999E-1,
9.549999999999E-1,9.874999999999E-1,1.02E0),.UNSPECIFIED.);
#2354=ORIENTED_EDGE('',*,*,#2353,.T.);
#2356=ORIENTED_EDGE('',*,*,#2355,.T.);
#2358=ORIENTED_EDGE('',*,*,#2357,.T.);
#2360=ORIENTED_EDGE('',*,*,#2359,.T.);
#2361=ORIENTED_EDGE('',*,*,#2201,.T.);
#2363=ORIENTED_EDGE('',*,*,#2362,.F.);
#2365=ORIENTED_EDGE('',*,*,#2364,.F.);
#2367=ORIENTED_EDGE('',*,*,#2366,.T.);
#2369=ORIENTED_EDGE('',*,*,#2368,.T.);
#2370=EDGE_LOOP('',(#2354,#2356,#2358,#2360,#2361,#2363,#2365,#2367,#2369));
#2371=FACE_OUTER_BOUND('',#2370,.F.);
#2372=ADVANCED_FACE('',(#2371),#2352,.F.);
#2373=CARTESIAN_POINT('',(-3.3E-1,0.E0,0.E0));
#2374=DIRECTION('',(1.E0,0.E0,0.E0));
#2375=DIRECTION('',(0.E0,-7.071067811865E-1,-7.071067811865E-1));
#2376=AXIS2_PLACEMENT_3D('',#2373,#2374,#2375);
#2377=CYLINDRICAL_SURFACE('',#2376,3.095E0);
#2378=ORIENTED_EDGE('',*,*,#2353,.F.);
#2380=ORIENTED_EDGE('',*,*,#2379,.T.);
#2382=ORIENTED_EDGE('',*,*,#2381,.T.);
#2384=ORIENTED_EDGE('',*,*,#2383,.F.);
#2385=EDGE_LOOP('',(#2378,#2380,#2382,#2384));
#2386=FACE_OUTER_BOUND('',#2385,.F.);
#2387=ADVANCED_FACE('',(#2386),#2377,.T.);
#2388=CARTESIAN_POINT('',(-3.3E-1,0.E0,0.E0));
#2389=DIRECTION('',(1.E0,0.E0,0.E0));
#2390=DIRECTION('',(0.E0,-7.071067811865E-1,-7.071067811865E-1));
#2391=AXIS2_PLACEMENT_3D('',#2388,#2389,#2390);
#2392=CYLINDRICAL_SURFACE('',#2391,3.095E0);
#2394=ORIENTED_EDGE('',*,*,#2393,.F.);
#2396=ORIENTED_EDGE('',*,*,#2395,.T.);
#2398=ORIENTED_EDGE('',*,*,#2397,.T.);
#2399=ORIENTED_EDGE('',*,*,#2379,.F.);
#2400=ORIENTED_EDGE('',*,*,#2368,.F.);
#2401=EDGE_LOOP('',(#2394,#2396,#2398,#2399,#2400));
#2402=FACE_OUTER_BOUND('',#2401,.F.);
#2403=ADVANCED_FACE('',(#2402),#2392,.T.);
#2404=CARTESIAN_POINT('',(8.371676486276E-1,-2.712501189273E0,
8.139109053404E-3));
#2405=CARTESIAN_POINT('',(8.566110804322E-1,-2.713910473013E0,
-4.615294745749E-1));
#2406=CARTESIAN_POINT('',(8.954979440414E-1,-2.467224467996E0,
-1.400935742618E0));
#2407=CARTESIAN_POINT('',(9.538282394552E-1,-1.446308079633E0,
-2.440980586273E0));
#2408=CARTESIAN_POINT('',(1.012158534869E0,-4.383460457021E-2,
-2.836920058032E0));
#2409=CARTESIAN_POINT('',(1.070488830283E0,1.370202950810E0,-2.484477115973E0));
#2410=CARTESIAN_POINT('',(1.128819125697E0,2.422761486497E0,-1.476583684923E0));
#2411=CARTESIAN_POINT('',(1.187149421111E0,2.836161033011E0,
-7.914914374164E-2));
#2412=CARTESIAN_POINT('',(1.245479716524E0,2.501340917661E0,1.339166791599E0));
#2413=CARTESIAN_POINT('',(1.303810011938E0,1.506631436151E0,2.404191258247E0));
#2414=CARTESIAN_POINT('',(1.362140307352E0,1.144511740848E-1,2.834955909858E0));
#2415=CARTESIAN_POINT('',(1.420470602766E0,-1.307923111212E0,2.517818724071E0));
#2416=CARTESIAN_POINT('',(1.478800898180E0,-2.385248006773E0,1.536445425396E0));
#2417=CARTESIAN_POINT('',(1.537131193594E0,-2.833312931379E0,
1.497347624451E-1));
#2418=CARTESIAN_POINT('',(1.595461489008E0,-2.533900530173E0,
-1.276473654806E0));
#2419=CARTESIAN_POINT('',(1.653791784422E0,-1.566042780162E0,
-2.365946595863E0));
#2420=CARTESIAN_POINT('',(1.712122079836E0,-1.849148976064E-1,
-2.831187738577E0));
#2421=CARTESIAN_POINT('',(1.751008943445E0,7.680462840938E-1,
-2.643562826362E0));
#2422=CARTESIAN_POINT('',(1.770452375250E0,1.190098127334E0,-2.437497773173E0));
#2423=CARTESIAN_POINT('',(9.142387517794E-1,-2.845991654785E0,
8.539659461900E-3));
#2424=CARTESIAN_POINT('',(9.336821835840E-1,-2.847470293681E0,
-4.842427491899E-1));
#2425=CARTESIAN_POINT('',(9.725690471932E-1,-2.588644117159E0,
-1.469880067940E0));
#2426=CARTESIAN_POINT('',(1.030899342607E0,-1.517485316196E0,
-2.561108693886E0));
#2427=CARTESIAN_POINT('',(1.089229638021E0,-4.599183930110E-2,
-2.976533555960E0));
#2428=CARTESIAN_POINT('',(1.147559933435E0,1.437634821612E0,-2.606745820621E0));
#2429=CARTESIAN_POINT('',(1.205890228849E0,2.541992976582E0,-1.549250876462E0));
#2430=CARTESIAN_POINT('',(1.264220524262E0,2.975737177E0,-8.304431476983E-2));
#2431=CARTESIAN_POINT('',(1.322550819676E0,2.624439541479E0,1.405071278245E0));
#2432=CARTESIAN_POINT('',(1.380881115090E0,1.580777369272E0,2.522508850700E0));
#2433=CARTESIAN_POINT('',(1.439211410504E0,1.200836658125E-1,2.974472746057E0));
#2434=CARTESIAN_POINT('',(1.497541705918E0,-1.372290000952E0,2.641728271053E0));
#2435=CARTESIAN_POINT('',(1.555872001332E0,-2.502633343982E0,1.612058595957E0));
#2436=CARTESIAN_POINT('',(1.614202296746E0,-2.972748911590E0,
1.571036672858E-1));
#2437=CARTESIAN_POINT('',(1.672532592160E0,-2.658601511935E0,
-1.339292820772E0));
#2438=CARTESIAN_POINT('',(1.730862887574E0,-1.643112526919E0,
-2.482382051710E0));
#2439=CARTESIAN_POINT('',(1.789193182988E0,-1.940151243121E-1,
-2.970519131561E0));
#2440=CARTESIAN_POINT('',(1.828080046597E0,8.058441867836E-1,
-2.773660624548E0));
#2441=CARTESIAN_POINT('',(1.847523478402E0,1.248666489866E0,-2.557454480919E0));
#2442=CARTESIAN_POINT('',(9.913098549336E-1,-2.979482120297E0,
8.940209856314E-3));
#2443=CARTESIAN_POINT('',(1.010753286738E0,-2.981030114347E0,
-5.069560238191E-1));
#2444=CARTESIAN_POINT('',(1.049640150347E0,-2.710063766315E0,
-1.538824393277E0));
#2445=CARTESIAN_POINT('',(1.107970445761E0,-1.588662552745E0,
-2.681236801507E0));
#2446=CARTESIAN_POINT('',(1.166300741175E0,-4.814907401580E-2,
-3.116147053887E0));
#2447=CARTESIAN_POINT('',(1.224631036589E0,1.505066692429E0,-2.729014525260E0));
#2448=CARTESIAN_POINT('',(1.282961332002E0,2.661224466676E0,-1.621918067987E0));
#2449=CARTESIAN_POINT('',(1.341291627416E0,3.115313320988E0,
-8.693948578189E-2));
#2450=CARTESIAN_POINT('',(1.399621922830E0,2.747538165290E0,1.470975764905E0));
#2451=CARTESIAN_POINT('',(1.457952218244E0,1.654923302380E0,2.640826443161E0));
#2452=CARTESIAN_POINT('',(1.516282513657E0,1.257161575261E-1,3.113989582256E0));
#2453=CARTESIAN_POINT('',(1.574612809071E0,-1.436656890702E0,2.765637818029E0));
#2454=CARTESIAN_POINT('',(1.632943104485E0,-2.620018681197E0,1.687671766508E0));
#2455=CARTESIAN_POINT('',(1.691273399899E0,-3.112184891801E0,
1.644725721170E-1));
#2456=CARTESIAN_POINT('',(1.749603695312E0,-2.783302493694E0,
-1.402111986745E0));
#2457=CARTESIAN_POINT('',(1.807933990726E0,-1.720182273672E0,
-2.598817507559E0));
#2458=CARTESIAN_POINT('',(1.866264286140E0,-2.031153510156E-1,
-3.109850524546E0));
#2459=CARTESIAN_POINT('',(1.905151149749E0,8.436420894735E-1,
-2.903758422733E0));
#2460=CARTESIAN_POINT('',(1.924594581554E0,1.307234852398E0,-2.677411188667E0));
#2461=CARTESIAN_POINT('',(1.068380958085E0,-3.112972585809E0,
9.340760264500E-3));
#2462=CARTESIAN_POINT('',(1.087824389890E0,-3.114589935014E0,
-5.296692984344E-1));
#2463=CARTESIAN_POINT('',(1.126711253499E0,-2.831483415478E0,
-1.607768718599E0));
#2464=CARTESIAN_POINT('',(1.185041548913E0,-1.659839789308E0,
-2.801364909120E0));
#2465=CARTESIAN_POINT('',(1.243371844327E0,-5.030630874633E-2,
-3.255760551815E0));
#2466=CARTESIAN_POINT('',(1.301702139740E0,1.572498563231E0,-2.851283229907E0));
#2467=CARTESIAN_POINT('',(1.360032435154E0,2.780455956761E0,-1.694585259525E0));
#2468=CARTESIAN_POINT('',(1.418362730568E0,3.254889464977E0,
-9.083465680973E-2));
#2469=CARTESIAN_POINT('',(1.476693025982E0,2.870636789107E0,1.536880251551E0));
#2470=CARTESIAN_POINT('',(1.535023321395E0,1.729069235500E0,2.759144035615E0));
#2471=CARTESIAN_POINT('',(1.593353616809E0,1.313486492535E-1,3.253506418454E0));
#2472=CARTESIAN_POINT('',(1.651683912223E0,-1.501023780441E0,2.889547365012E0));
#2473=CARTESIAN_POINT('',(1.710014207637E0,-2.737404018407E0,1.763284937069E0));
#2474=CARTESIAN_POINT('',(1.768344503051E0,-3.251620872013E0,
1.718414769575E-1));
#2475=CARTESIAN_POINT('',(1.826674798464E0,-2.908003475457E0,
-1.464931152711E0));
#2476=CARTESIAN_POINT('',(1.885005093878E0,-1.797252020429E0,
-2.715252963405E0));
#2477=CARTESIAN_POINT('',(1.943335389292E0,-2.122155777213E-1,
-3.249181917530E0));
#2478=CARTESIAN_POINT('',(1.982222252901E0,8.814399921634E-1,
-3.033856220919E0));
#2479=CARTESIAN_POINT('',(2.001665684706E0,1.365803214930E0,-2.797367896414E0));
#2480=B_SPLINE_SURFACE_WITH_KNOTS('',3,3,((#2404,#2405,#2406,#2407,#2408,#2409,
#2410,#2411,#2412,#2413,#2414,#2415,#2416,#2417,#2418,#2419,#2420,#2421,#2422),(
#2423,#2424,#2425,#2426,#2427,#2428,#2429,#2430,#2431,#2432,#2433,#2434,#2435,
#2436,#2437,#2438,#2439,#2440,#2441),(#2442,#2443,#2444,#2445,#2446,#2447,#2448,
#2449,#2450,#2451,#2452,#2453,#2454,#2455,#2456,#2457,#2458,#2459,#2460),(#2461,
#2462,#2463,#2464,#2465,#2466,#2467,#2468,#2469,#2470,#2471,#2472,#2473,#2474,
#2475,#2476,#2477,#2478,#2479)),.UNSPECIFIED.,.F.,.F.,.F.,(4,4),(4,1,1,1,1,1,1,
1,1,1,1,1,1,1,1,1,4),(-4.934595248830E-2,1.049345952488E0),(5.361468192150E-1,
5.657060905395E-1,5.952653618641E-1,6.248246331886E-1,6.543839045131E-1,
6.839431758377E-1,7.135024471622E-1,7.430617184867E-1,7.726209898113E-1,
8.021802611358E-1,8.317395324603E-1,8.612988037849E-1,8.908580751094E-1,
9.204173464339E-1,9.499766177585E-1,9.795358890830E-1,1.009095160408E0),
.UNSPECIFIED.);
#2482=ORIENTED_EDGE('',*,*,#2481,.T.);
#2483=ORIENTED_EDGE('',*,*,#2393,.T.);
#2484=ORIENTED_EDGE('',*,*,#2366,.F.);
#2486=ORIENTED_EDGE('',*,*,#2485,.F.);
#2488=ORIENTED_EDGE('',*,*,#2487,.T.);
#2490=ORIENTED_EDGE('',*,*,#2489,.T.);
#2491=EDGE_LOOP('',(#2482,#2483,#2484,#2486,#2488,#2490));
#2492=FACE_OUTER_BOUND('',#2491,.F.);
#2493=ADVANCED_FACE('',(#2492),#2480,.F.);
#2494=CARTESIAN_POINT('',(-3.3E-1,0.E0,0.E0));
#2495=DIRECTION('',(1.E0,0.E0,0.E0));
#2496=DIRECTION('',(0.E0,-7.071067811865E-1,-7.071067811865E-1));
#2497=AXIS2_PLACEMENT_3D('',#2494,#2495,#2496);
#2498=CYLINDRICAL_SURFACE('',#2497,3.095E0);
#2499=ORIENTED_EDGE('',*,*,#2481,.F.);
#2501=ORIENTED_EDGE('',*,*,#2500,.T.);
#2503=ORIENTED_EDGE('',*,*,#2502,.T.);
#2504=ORIENTED_EDGE('',*,*,#2395,.F.);
#2505=EDGE_LOOP('',(#2499,#2501,#2503,#2504));
#2506=FACE_OUTER_BOUND('',#2505,.F.);
#2507=ADVANCED_FACE('',(#2506),#2498,.T.);
#2508=CARTESIAN_POINT('',(-3.3E-1,0.E0,0.E0));
#2509=DIRECTION('',(1.E0,0.E0,0.E0));
#2510=DIRECTION('',(0.E0,-7.071067811865E-1,-7.071067811865E-1));
#2511=AXIS2_PLACEMENT_3D('',#2508,#2509,#2510);
#2512=CYLINDRICAL_SURFACE('',#2511,3.095E0);
#2514=ORIENTED_EDGE('',*,*,#2513,.T.);
#2516=ORIENTED_EDGE('',*,*,#2515,.T.);
#2518=ORIENTED_EDGE('',*,*,#2517,.T.);
#2519=ORIENTED_EDGE('',*,*,#2500,.F.);
#2520=ORIENTED_EDGE('',*,*,#2489,.F.);
#2521=EDGE_LOOP('',(#2514,#2516,#2518,#2519,#2520));
#2522=FACE_OUTER_BOUND('',#2521,.F.);
#2523=ADVANCED_FACE('',(#2522),#2512,.T.);
#2524=CARTESIAN_POINT('',(1.015E0,0.E0,0.E0));
#2525=DIRECTION('',(1.E0,0.E0,0.E0));
#2526=DIRECTION('',(0.E0,-1.E0,0.E0));
#2527=AXIS2_PLACEMENT_3D('',#2524,#2525,#2526);
#2528=CONICAL_SURFACE('',#2527,2.88E0,4.5E1);
#2529=ORIENTED_EDGE('',*,*,#2487,.F.);
#2531=ORIENTED_EDGE('',*,*,#2530,.F.);
#2533=ORIENTED_EDGE('',*,*,#2532,.F.);
#2535=ORIENTED_EDGE('',*,*,#2534,.F.);
#2537=ORIENTED_EDGE('',*,*,#2536,.T.);
#2539=ORIENTED_EDGE('',*,*,#2538,.T.);
#2541=ORIENTED_EDGE('',*,*,#2540,.F.);
#2542=ORIENTED_EDGE('',*,*,#2513,.F.);
#2543=EDGE_LOOP('',(#2529,#2531,#2533,#2535,#2537,#2539,#2541,#2542));
#2544=FACE_OUTER_BOUND('',#2543,.F.);
#2545=ADVANCED_FACE('',(#2544),#2528,.T.);
#2546=CARTESIAN_POINT('',(6.303589267020E-1,-2.730487707984E0,
8.193079255539E-3));
#2547=CARTESIAN_POINT('',(6.498023585065E-1,-2.731906336645E0,
-4.645898634745E-1));
#2548=CARTESIAN_POINT('',(6.886892221156E-1,-2.483584563702E0,
-1.410225307926E0));
#2549=CARTESIAN_POINT('',(7.470195175293E-1,-1.455898507625E0,
-2.457166659541E0));
#2550=CARTESIAN_POINT('',(8.053498129430E-1,-4.412527059412E-2,
-2.855731594745E0));
#2551=CARTESIAN_POINT('',(8.636801083567E-1,1.379288727844E0,
-2.500951613500E0));
#2552=CARTESIAN_POINT('',(9.220104037703E-1,2.438826749429E0,
-1.486374869598E0));
#2553=CARTESIAN_POINT('',(9.803406991840E-1,2.854967536650E0,
-7.967397947654E-2));
#2554=CARTESIAN_POINT('',(1.038670994598E0,2.517927238580E0,1.348046768739E0));
#2555=CARTESIAN_POINT('',(1.097001290011E0,1.516621866616E0,2.420133382520E0));
#2556=CARTESIAN_POINT('',(1.155331585425E0,1.152100965850E-1,2.853754422360E0));
#2557=CARTESIAN_POINT('',(1.213661880839E0,-1.316595912391E0,2.534514308858E0));
#2558=CARTESIAN_POINT('',(1.271992176252E0,-2.401064518881E0,1.546633551581E0));
#2559=CARTESIAN_POINT('',(1.330322471666E0,-2.852100549337E0,
1.507276494223E-1));
#2560=CARTESIAN_POINT('',(1.388652767080E0,-2.550702752962E0,
-1.284937915528E0));
#2561=CARTESIAN_POINT('',(1.446983062493E0,-1.576427165569E0,
-2.381635120861E0));
#2562=CARTESIAN_POINT('',(1.505313357907E0,-1.861410630654E-1,
-2.849961264441E0));
#2563=CARTESIAN_POINT('',(1.544200221516E0,7.731391772930E-1,
-2.661092216737E0));
#2564=CARTESIAN_POINT('',(1.563643653321E0,1.197989634375E0,-2.453660752005E0));
#2565=CARTESIAN_POINT('',(7.096797355141E-1,-2.730487707984E0,
8.193079255539E-3));
#2566=CARTESIAN_POINT('',(7.291231673187E-1,-2.731906336645E0,
-4.645898634745E-1));
#2567=CARTESIAN_POINT('',(7.680100309278E-1,-2.483584563702E0,
-1.410225307926E0));
#2568=CARTESIAN_POINT('',(8.263403263414E-1,-1.455898507625E0,
-2.457166659541E0));
#2569=CARTESIAN_POINT('',(8.846706217550E-1,-4.412527059412E-2,
-2.855731594745E0));
#2570=CARTESIAN_POINT('',(9.430009171687E-1,1.379288727844E0,
-2.500951613500E0));
#2571=CARTESIAN_POINT('',(1.001331212582E0,2.438826749429E0,-1.486374869598E0));
#2572=CARTESIAN_POINT('',(1.059661507996E0,2.854967536650E0,
-7.967397947654E-2));
#2573=CARTESIAN_POINT('',(1.117991803409E0,2.517927238580E0,1.348046768739E0));
#2574=CARTESIAN_POINT('',(1.176322098823E0,1.516621866616E0,2.420133382520E0));
#2575=CARTESIAN_POINT('',(1.234652394237E0,1.152100965850E-1,2.853754422360E0));
#2576=CARTESIAN_POINT('',(1.292982689650E0,-1.316595912391E0,2.534514308858E0));
#2577=CARTESIAN_POINT('',(1.351312985064E0,-2.401064518881E0,1.546633551581E0));
#2578=CARTESIAN_POINT('',(1.409643280477E0,-2.852100549337E0,
1.507276494223E-1));
#2579=CARTESIAN_POINT('',(1.467973575891E0,-2.550702752962E0,
-1.284937915528E0));
#2580=CARTESIAN_POINT('',(1.526303871305E0,-1.576427165569E0,
-2.381635120861E0));
#2581=CARTESIAN_POINT('',(1.584634166718E0,-1.861410630654E-1,
-2.849961264441E0));
#2582=CARTESIAN_POINT('',(1.623521030327E0,7.731391772930E-1,
-2.661092216737E0));
#2583=CARTESIAN_POINT('',(1.642964462132E0,1.197989634375E0,-2.453660752005E0));
#2584=CARTESIAN_POINT('',(7.890005443201E-1,-2.730487707984E0,
8.193079255539E-3));
#2585=CARTESIAN_POINT('',(8.084439761247E-1,-2.731906336645E0,
-4.645898634745E-1));
#2586=CARTESIAN_POINT('',(8.473308397339E-1,-2.483584563702E0,
-1.410225307926E0));
#2587=CARTESIAN_POINT('',(9.056611351478E-1,-1.455898507625E0,
-2.457166659541E0));
#2588=CARTESIAN_POINT('',(9.639914305617E-1,-4.412527059412E-2,
-2.855731594745E0));
#2589=CARTESIAN_POINT('',(1.022321725976E0,1.379288727844E0,-2.500951613500E0));
#2590=CARTESIAN_POINT('',(1.080652021389E0,2.438826749429E0,-1.486374869598E0));
#2591=CARTESIAN_POINT('',(1.138982316803E0,2.854967536650E0,
-7.967397947654E-2));
#2592=CARTESIAN_POINT('',(1.197312612217E0,2.517927238580E0,1.348046768739E0));
#2593=CARTESIAN_POINT('',(1.255642907631E0,1.516621866616E0,2.420133382520E0));
#2594=CARTESIAN_POINT('',(1.313973203045E0,1.152100965850E-1,2.853754422360E0));
#2595=CARTESIAN_POINT('',(1.372303498459E0,-1.316595912391E0,2.534514308858E0));
#2596=CARTESIAN_POINT('',(1.430633793873E0,-2.401064518881E0,1.546633551581E0));
#2597=CARTESIAN_POINT('',(1.488964089287E0,-2.852100549337E0,
1.507276494223E-1));
#2598=CARTESIAN_POINT('',(1.547294384701E0,-2.550702752962E0,
-1.284937915528E0));
#2599=CARTESIAN_POINT('',(1.605624680115E0,-1.576427165569E0,
-2.381635120861E0));
#2600=CARTESIAN_POINT('',(1.663954975529E0,-1.861410630654E-1,
-2.849961264441E0));
#2601=CARTESIAN_POINT('',(1.702841839139E0,7.731391772930E-1,
-2.661092216737E0));
#2602=CARTESIAN_POINT('',(1.722285270943E0,1.197989634375E0,-2.453660752005E0));
#2603=CARTESIAN_POINT('',(8.683213531323E-1,-2.730487707984E0,
8.193079255539E-3));
#2604=CARTESIAN_POINT('',(8.877647849369E-1,-2.731906336645E0,
-4.645898634745E-1));
#2605=CARTESIAN_POINT('',(9.266516485461E-1,-2.483584563702E0,
-1.410225307926E0));
#2606=CARTESIAN_POINT('',(9.849819439599E-1,-1.455898507625E0,
-2.457166659541E0));
#2607=CARTESIAN_POINT('',(1.043312239374E0,-4.412527059412E-2,
-2.855731594745E0));
#2608=CARTESIAN_POINT('',(1.101642534788E0,1.379288727844E0,-2.500951613500E0));
#2609=CARTESIAN_POINT('',(1.159972830201E0,2.438826749429E0,-1.486374869598E0));
#2610=CARTESIAN_POINT('',(1.218303125615E0,2.854967536650E0,
-7.967397947654E-2));
#2611=CARTESIAN_POINT('',(1.276633421029E0,2.517927238580E0,1.348046768739E0));
#2612=CARTESIAN_POINT('',(1.334963716443E0,1.516621866616E0,2.420133382520E0));
#2613=CARTESIAN_POINT('',(1.393294011857E0,1.152100965850E-1,2.853754422360E0));
#2614=CARTESIAN_POINT('',(1.451624307271E0,-1.316595912391E0,2.534514308858E0));
#2615=CARTESIAN_POINT('',(1.509954602685E0,-2.401064518881E0,1.546633551581E0));
#2616=CARTESIAN_POINT('',(1.568284898099E0,-2.852100549337E0,
1.507276494223E-1));
#2617=CARTESIAN_POINT('',(1.626615193513E0,-2.550702752962E0,
-1.284937915528E0));
#2618=CARTESIAN_POINT('',(1.684945488927E0,-1.576427165569E0,
-2.381635120861E0));
#2619=CARTESIAN_POINT('',(1.743275784340E0,-1.861410630654E-1,
-2.849961264441E0));
#2620=CARTESIAN_POINT('',(1.782162647950E0,7.731391772930E-1,
-2.661092216737E0));
#2621=CARTESIAN_POINT('',(1.801606079754E0,1.197989634375E0,-2.453660752005E0));
#2622=B_SPLINE_SURFACE_WITH_KNOTS('',3,3,((#2546,#2547,#2548,#2549,#2550,#2551,
#2552,#2553,#2554,#2555,#2556,#2557,#2558,#2559,#2560,#2561,#2562,#2563,#2564),(
#2565,#2566,#2567,#2568,#2569,#2570,#2571,#2572,#2573,#2574,#2575,#2576,#2577,
#2578,#2579,#2580,#2581,#2582,#2583),(#2584,#2585,#2586,#2587,#2588,#2589,#2590,
#2591,#2592,#2593,#2594,#2595,#2596,#2597,#2598,#2599,#2600,#2601,#2602),(#2603,
#2604,#2605,#2606,#2607,#2608,#2609,#2610,#2611,#2612,#2613,#2614,#2615,#2616,
#2617,#2618,#2619,#2620,#2621)),.UNSPECIFIED.,.F.,.F.,.F.,(4,4),(4,1,1,1,1,1,1,
1,1,1,1,1,1,1,1,1,4),(-1.057361629858E-1,1.105736162986E0),(5.361468192150E-1,
5.657060905395E-1,5.952653618641E-1,6.248246331886E-1,6.543839045131E-1,
6.839431758377E-1,7.135024471622E-1,7.430617184867E-1,7.726209898113E-1,
8.021802611358E-1,8.317395324603E-1,8.612988037849E-1,8.908580751094E-1,
9.204173464339E-1,9.499766177585E-1,9.795358890830E-1,1.009095160408E0),
.UNSPECIFIED.);
#2623=ORIENTED_EDGE('',*,*,#2530,.T.);
#2624=ORIENTED_EDGE('',*,*,#2485,.T.);
#2626=ORIENTED_EDGE('',*,*,#2625,.F.);
#2628=ORIENTED_EDGE('',*,*,#2627,.F.);
#2629=EDGE_LOOP('',(#2623,#2624,#2626,#2628));
#2630=FACE_OUTER_BOUND('',#2629,.F.);
#2631=ADVANCED_FACE('',(#2630),#2622,.F.);
#2632=CARTESIAN_POINT('',(1.506229203450E0,-1.558074335467E-1,
-2.726051043846E0));
#2633=CARTESIAN_POINT('',(1.527606981228E0,3.631660807337E-1,
-2.755712972415E0));
#2634=CARTESIAN_POINT('',(1.570362536783E0,1.417414439907E0,-2.510432760652E0));
#2635=CARTESIAN_POINT('',(1.634495870117E0,2.549719229534E0,-1.345711177700E0));
#2636=CARTESIAN_POINT('',(1.698629203450E0,2.872479210008E0,2.461723704108E-1));
#2637=CARTESIAN_POINT('',(1.762762536784E0,2.283531219563E0,1.759913632961E0));
#2638=CARTESIAN_POINT('',(1.826895870117E0,9.697396962367E-1,2.715032610132E0));
#2639=CARTESIAN_POINT('',(1.891029203450E0,-6.518575410265E-1,
2.808358917500E0));
#2640=CARTESIAN_POINT('',(1.955162536784E0,-2.066546495470E0,2.010269687497E0));
#2641=CARTESIAN_POINT('',(2.019295870117E0,-2.825282019378E0,
5.740904306073E-1));
#2642=CARTESIAN_POINT('',(2.083429203450E0,-2.687230374383E0,
-1.044313808723E0));
#2643=CARTESIAN_POINT('',(2.147562536784E0,-1.696211135228E0,
-2.331237048621E0));
#2644=CARTESIAN_POINT('',(2.211695870117E0,-1.667888283647E-1,
-2.878190383238E0));
#2645=CARTESIAN_POINT('',(2.275829203450E0,1.415574777318E0,-2.511562550582E0));
#2646=CARTESIAN_POINT('',(2.339962536783E0,2.548613534193E0,-1.347726770771E0));
#2647=CARTESIAN_POINT('',(2.404095870116E0,2.872683801367E0,2.438978737655E-1));
#2648=CARTESIAN_POINT('',(2.468229203450E0,2.284920773531E0,1.758105643615E0));
#2649=CARTESIAN_POINT('',(2.532362536783E0,9.718893271248E-1,2.714264086498E0));
#2650=CARTESIAN_POINT('',(2.596495870116E0,-6.496344939342E-1,
2.808874048390E0));
#2651=CARTESIAN_POINT('',(2.660629203449E0,-2.064954499301E0,2.011904896181E0));
#2652=CARTESIAN_POINT('',(2.724762536783E0,-2.824826709037E0,
5.763266948843E-1));
#2653=CARTESIAN_POINT('',(2.788895870116E0,-2.688056188948E0,
-1.042186317664E0));
#2654=CARTESIAN_POINT('',(2.853029203449E0,-1.698055970661E0,
-2.329893627601E0));
#2655=CARTESIAN_POINT('',(2.917162536782E0,-1.690671012995E-1,
-2.878057453804E0));
#2656=CARTESIAN_POINT('',(2.981295870116E0,1.413586228416E0,-2.512682309989E0));
#2657=CARTESIAN_POINT('',(3.045429203449E0,2.547545887175E0,-1.349743777269E0));
#2658=CARTESIAN_POINT('',(3.109562536782E0,2.872876010903E0,2.416237993045E-1));
#2659=CARTESIAN_POINT('',(3.173695870116E0,2.286311577623E0,1.756296510651E0));
#2660=CARTESIAN_POINT('',(3.237829203449E0,9.740382032762E-1,2.713493455143E0));
#2661=CARTESIAN_POINT('',(3.301962536782E0,-6.474131388013E-1,
2.809389089093E0));
#2662=CARTESIAN_POINT('',(3.366095870116E0,-2.063352667556E0,2.013532571670E0));
#2663=CARTESIAN_POINT('',(3.430229203449E0,-2.824401696436E0,
5.785860181685E-1));
#2664=CARTESIAN_POINT('',(3.494362536783E0,-2.688760589745E0,
-1.040145581759E0));
#2665=CARTESIAN_POINT('',(3.537118092339E0,-2.029817924539E0,
-1.898863550062E0));
#2666=CARTESIAN_POINT('',(3.558495870117E0,-1.609970759276E0,
-2.205362646885E0));
#2667=CARTESIAN_POINT('',(1.585550012261E0,-1.558074335467E-1,
-2.726051043846E0));
#2668=CARTESIAN_POINT('',(1.606927790039E0,3.631660807337E-1,
-2.755712972415E0));
#2669=CARTESIAN_POINT('',(1.649683345595E0,1.417414439907E0,-2.510432760652E0));
#2670=CARTESIAN_POINT('',(1.713816678928E0,2.549719229534E0,-1.345711177700E0));
#2671=CARTESIAN_POINT('',(1.777950012262E0,2.872479210008E0,2.461723704108E-1));
#2672=CARTESIAN_POINT('',(1.842083345595E0,2.283531219563E0,1.759913632961E0));
#2673=CARTESIAN_POINT('',(1.906216678929E0,9.697396962367E-1,2.715032610132E0));
#2674=CARTESIAN_POINT('',(1.970350012262E0,-6.518575410265E-1,
2.808358917500E0));
#2675=CARTESIAN_POINT('',(2.034483345595E0,-2.066546495470E0,2.010269687497E0));
#2676=CARTESIAN_POINT('',(2.098616678929E0,-2.825282019378E0,
5.740904306073E-1));
#2677=CARTESIAN_POINT('',(2.162750012262E0,-2.687230374383E0,
-1.044313808723E0));
#2678=CARTESIAN_POINT('',(2.226883345595E0,-1.696211135228E0,
-2.331237048621E0));
#2679=CARTESIAN_POINT('',(2.291016678928E0,-1.667888283647E-1,
-2.878190383238E0));
#2680=CARTESIAN_POINT('',(2.355150012261E0,1.415574777318E0,-2.511562550582E0));
#2681=CARTESIAN_POINT('',(2.419283345595E0,2.548613534193E0,-1.347726770771E0));
#2682=CARTESIAN_POINT('',(2.483416678928E0,2.872683801367E0,2.438978737655E-1));
#2683=CARTESIAN_POINT('',(2.547550012261E0,2.284920773531E0,1.758105643615E0));
#2684=CARTESIAN_POINT('',(2.611683345594E0,9.718893271248E-1,2.714264086498E0));
#2685=CARTESIAN_POINT('',(2.675816678927E0,-6.496344939342E-1,
2.808874048390E0));
#2686=CARTESIAN_POINT('',(2.739950012260E0,-2.064954499301E0,2.011904896181E0));
#2687=CARTESIAN_POINT('',(2.804083345593E0,-2.824826709037E0,
5.763266948843E-1));
#2688=CARTESIAN_POINT('',(2.868216678927E0,-2.688056188948E0,
-1.042186317664E0));
#2689=CARTESIAN_POINT('',(2.932350012260E0,-1.698055970661E0,
-2.329893627601E0));
#2690=CARTESIAN_POINT('',(2.996483345593E0,-1.690671012995E-1,
-2.878057453804E0));
#2691=CARTESIAN_POINT('',(3.060616678926E0,1.413586228416E0,-2.512682309989E0));
#2692=CARTESIAN_POINT('',(3.124750012260E0,2.547545887175E0,-1.349743777269E0));
#2693=CARTESIAN_POINT('',(3.188883345593E0,2.872876010903E0,2.416237993045E-1));
#2694=CARTESIAN_POINT('',(3.253016678926E0,2.286311577623E0,1.756296510651E0));
#2695=CARTESIAN_POINT('',(3.317150012260E0,9.740382032762E-1,2.713493455143E0));
#2696=CARTESIAN_POINT('',(3.381283345593E0,-6.474131388013E-1,
2.809389089093E0));
#2697=CARTESIAN_POINT('',(3.445416678927E0,-2.063352667556E0,2.013532571670E0));
#2698=CARTESIAN_POINT('',(3.509550012260E0,-2.824401696436E0,
5.785860181685E-1));
#2699=CARTESIAN_POINT('',(3.573683345594E0,-2.688760589745E0,
-1.040145581759E0));
#2700=CARTESIAN_POINT('',(3.616438901150E0,-2.029817924539E0,
-1.898863550062E0));
#2701=CARTESIAN_POINT('',(3.637816678928E0,-1.609970759276E0,
-2.205362646885E0));
#2702=CARTESIAN_POINT('',(1.664870821072E0,-1.558074335467E-1,
-2.726051043846E0));
#2703=CARTESIAN_POINT('',(1.686248598850E0,3.631660807337E-1,
-2.755712972415E0));
#2704=CARTESIAN_POINT('',(1.729004154405E0,1.417414439907E0,-2.510432760652E0));
#2705=CARTESIAN_POINT('',(1.793137487739E0,2.549719229534E0,-1.345711177700E0));
#2706=CARTESIAN_POINT('',(1.857270821072E0,2.872479210008E0,2.461723704108E-1));
#2707=CARTESIAN_POINT('',(1.921404154405E0,2.283531219563E0,1.759913632961E0));
#2708=CARTESIAN_POINT('',(1.985537487738E0,9.697396962367E-1,2.715032610132E0));
#2709=CARTESIAN_POINT('',(2.049670821071E0,-6.518575410265E-1,
2.808358917500E0));
#2710=CARTESIAN_POINT('',(2.113804154405E0,-2.066546495470E0,2.010269687497E0));
#2711=CARTESIAN_POINT('',(2.177937487738E0,-2.825282019378E0,
5.740904306073E-1));
#2712=CARTESIAN_POINT('',(2.242070821072E0,-2.687230374383E0,
-1.044313808723E0));
#2713=CARTESIAN_POINT('',(2.306204154405E0,-1.696211135228E0,
-2.331237048621E0));
#2714=CARTESIAN_POINT('',(2.370337487738E0,-1.667888283647E-1,
-2.878190383238E0));
#2715=CARTESIAN_POINT('',(2.434470821072E0,1.415574777318E0,-2.511562550582E0));
#2716=CARTESIAN_POINT('',(2.498604154405E0,2.548613534193E0,-1.347726770771E0));
#2717=CARTESIAN_POINT('',(2.562737487739E0,2.872683801367E0,2.438978737655E-1));
#2718=CARTESIAN_POINT('',(2.626870821072E0,2.284920773531E0,1.758105643615E0));
#2719=CARTESIAN_POINT('',(2.691004154406E0,9.718893271248E-1,2.714264086498E0));
#2720=CARTESIAN_POINT('',(2.755137487739E0,-6.496344939342E-1,
2.808874048390E0));
#2721=CARTESIAN_POINT('',(2.819270821073E0,-2.064954499301E0,2.011904896181E0));
#2722=CARTESIAN_POINT('',(2.883404154406E0,-2.824826709037E0,
5.763266948843E-1));
#2723=CARTESIAN_POINT('',(2.947537487740E0,-2.688056188948E0,
-1.042186317664E0));
#2724=CARTESIAN_POINT('',(3.011670821073E0,-1.698055970661E0,
-2.329893627601E0));
#2725=CARTESIAN_POINT('',(3.075804154407E0,-1.690671012995E-1,
-2.878057453804E0));
#2726=CARTESIAN_POINT('',(3.139937487740E0,1.413586228416E0,-2.512682309989E0));
#2727=CARTESIAN_POINT('',(3.204070821074E0,2.547545887175E0,-1.349743777269E0));
#2728=CARTESIAN_POINT('',(3.268204154407E0,2.872876010903E0,2.416237993045E-1));
#2729=CARTESIAN_POINT('',(3.332337487740E0,2.286311577623E0,1.756296510651E0));
#2730=CARTESIAN_POINT('',(3.396470821073E0,9.740382032762E-1,2.713493455143E0));
#2731=CARTESIAN_POINT('',(3.460604154407E0,-6.474131388013E-1,
2.809389089093E0));
#2732=CARTESIAN_POINT('',(3.524737487740E0,-2.063352667556E0,2.013532571670E0));
#2733=CARTESIAN_POINT('',(3.588870821073E0,-2.824401696436E0,
5.785860181685E-1));
#2734=CARTESIAN_POINT('',(3.653004154406E0,-2.688760589745E0,
-1.040145581759E0));
#2735=CARTESIAN_POINT('',(3.695759709961E0,-2.029817924539E0,
-1.898863550062E0));
#2736=CARTESIAN_POINT('',(3.717137487739E0,-1.609970759276E0,
-2.205362646885E0));
#2737=CARTESIAN_POINT('',(1.744191629884E0,-1.558074335467E-1,
-2.726051043846E0));
#2738=CARTESIAN_POINT('',(1.765569407661E0,3.631660807337E-1,
-2.755712972415E0));
#2739=CARTESIAN_POINT('',(1.808324963217E0,1.417414439907E0,-2.510432760652E0));
#2740=CARTESIAN_POINT('',(1.872458296550E0,2.549719229534E0,-1.345711177700E0));
#2741=CARTESIAN_POINT('',(1.936591629883E0,2.872479210008E0,2.461723704108E-1));
#2742=CARTESIAN_POINT('',(2.000724963216E0,2.283531219563E0,1.759913632961E0));
#2743=CARTESIAN_POINT('',(2.064858296550E0,9.697396962367E-1,2.715032610132E0));
#2744=CARTESIAN_POINT('',(2.128991629883E0,-6.518575410265E-1,
2.808358917500E0));
#2745=CARTESIAN_POINT('',(2.193124963216E0,-2.066546495470E0,2.010269687497E0));
#2746=CARTESIAN_POINT('',(2.257258296550E0,-2.825282019378E0,
5.740904306073E-1));
#2747=CARTESIAN_POINT('',(2.321391629883E0,-2.687230374383E0,
-1.044313808723E0));
#2748=CARTESIAN_POINT('',(2.385524963216E0,-1.696211135228E0,
-2.331237048621E0));
#2749=CARTESIAN_POINT('',(2.449658296550E0,-1.667888283647E-1,
-2.878190383238E0));
#2750=CARTESIAN_POINT('',(2.513791629883E0,1.415574777318E0,-2.511562550582E0));
#2751=CARTESIAN_POINT('',(2.577924963217E0,2.548613534193E0,-1.347726770771E0));
#2752=CARTESIAN_POINT('',(2.642058296550E0,2.872683801367E0,2.438978737655E-1));
#2753=CARTESIAN_POINT('',(2.706191629884E0,2.284920773531E0,1.758105643615E0));
#2754=CARTESIAN_POINT('',(2.770324963217E0,9.718893271248E-1,2.714264086498E0));
#2755=CARTESIAN_POINT('',(2.834458296550E0,-6.496344939342E-1,
2.808874048390E0));
#2756=CARTESIAN_POINT('',(2.898591629884E0,-2.064954499301E0,2.011904896181E0));
#2757=CARTESIAN_POINT('',(2.962724963217E0,-2.824826709037E0,
5.763266948843E-1));
#2758=CARTESIAN_POINT('',(3.026858296551E0,-2.688056188948E0,
-1.042186317664E0));
#2759=CARTESIAN_POINT('',(3.090991629884E0,-1.698055970661E0,
-2.329893627601E0));
#2760=CARTESIAN_POINT('',(3.155124963217E0,-1.690671012995E-1,
-2.878057453804E0));
#2761=CARTESIAN_POINT('',(3.219258296551E0,1.413586228416E0,-2.512682309989E0));
#2762=CARTESIAN_POINT('',(3.283391629884E0,2.547545887175E0,-1.349743777269E0));
#2763=CARTESIAN_POINT('',(3.347524963218E0,2.872876010903E0,2.416237993045E-1));
#2764=CARTESIAN_POINT('',(3.411658296551E0,2.286311577623E0,1.756296510651E0));
#2765=CARTESIAN_POINT('',(3.475791629884E0,9.740382032762E-1,2.713493455143E0));
#2766=CARTESIAN_POINT('',(3.539924963217E0,-6.474131388013E-1,
2.809389089093E0));
#2767=CARTESIAN_POINT('',(3.604058296551E0,-2.063352667556E0,2.013532571670E0));
#2768=CARTESIAN_POINT('',(3.668191629884E0,-2.824401696436E0,
5.785860181685E-1));
#2769=CARTESIAN_POINT('',(3.732324963217E0,-2.688760589745E0,
-1.040145581759E0));
#2770=CARTESIAN_POINT('',(3.775080518772E0,-2.029817924539E0,
-1.898863550062E0));
#2771=CARTESIAN_POINT('',(3.796458296550E0,-1.609970759276E0,
-2.205362646885E0));
#2772=B_SPLINE_SURFACE_WITH_KNOTS('',3,3,((#2632,#2633,#2634,#2635,#2636,#2637,
#2638,#2639,#2640,#2641,#2642,#2643,#2644,#2645,#2646,#2647,#2648,#2649,#2650,
#2651,#2652,#2653,#2654,#2655,#2656,#2657,#2658,#2659,#2660,#2661,#2662,#2663,
#2664,#2665,#2666),(#2667,#2668,#2669,#2670,#2671,#2672,#2673,#2674,#2675,#2676,
#2677,#2678,#2679,#2680,#2681,#2682,#2683,#2684,#2685,#2686,#2687,#2688,#2689,
#2690,#2691,#2692,#2693,#2694,#2695,#2696,#2697,#2698,#2699,#2700,#2701),(#2702,
#2703,#2704,#2705,#2706,#2707,#2708,#2709,#2710,#2711,#2712,#2713,#2714,#2715,
#2716,#2717,#2718,#2719,#2720,#2721,#2722,#2723,#2724,#2725,#2726,#2727,#2728,
#2729,#2730,#2731,#2732,#2733,#2734,#2735,#2736),(#2737,#2738,#2739,#2740,#2741,
#2742,#2743,#2744,#2745,#2746,#2747,#2748,#2749,#2750,#2751,#2752,#2753,#2754,
#2755,#2756,#2757,#2758,#2759,#2760,#2761,#2762,#2763,#2764,#2765,#2766,#2767,
#2768,#2769,#2770,#2771)),.UNSPECIFIED.,.F.,.F.,.F.,(4,4),(4,1,1,1,1,1,1,1,1,1,
1,1,1,1,1,1,1,1,1,1,1,1,1,1,1,1,1,1,1,1,1,1,4),(-1.057361629858E-1,
1.105736162986E0),(-2.E-2,1.25E-2,4.5E-2,7.749999999999E-2,1.1E-1,1.425E-1,
1.75E-1,2.075E-1,2.4E-1,2.725E-1,3.05E-1,3.375E-1,3.7E-1,4.025E-1,4.35E-1,
4.675E-1,5.E-1,5.325E-1,5.65E-1,5.975E-1,6.3E-1,6.625E-1,6.95E-1,7.275E-1,
7.6E-1,7.925E-1,8.25E-1,8.575E-1,8.9E-1,9.224999999999E-1,9.549999999999E-1,
9.874999999999E-1,1.02E0),.UNSPECIFIED.);
#2773=ORIENTED_EDGE('',*,*,#2625,.T.);
#2774=ORIENTED_EDGE('',*,*,#2364,.T.);
#2776=ORIENTED_EDGE('',*,*,#2775,.F.);
#2778=ORIENTED_EDGE('',*,*,#2777,.F.);
#2779=EDGE_LOOP('',(#2773,#2774,#2776,#2778));
#2780=FACE_OUTER_BOUND('',#2779,.F.);
#2781=ADVANCED_FACE('',(#2780),#2772,.F.);
#2782=CARTESIAN_POINT('',(3.493415170246E0,-2.554851391091E0,
-9.635167976961E-1));
#2783=CARTESIAN_POINT('',(3.507289438231E0,-2.435804510026E0,
-1.279180302909E0));
#2784=CARTESIAN_POINT('',(3.535037974203E0,-2.079404052123E0,
-1.865756902850E0));
#2785=CARTESIAN_POINT('',(3.576660778159E0,-1.262332350124E0,
-2.492295673559E0));
#2786=CARTESIAN_POINT('',(3.618283582116E0,-2.738127473073E-1,
-2.780292140999E0));
#2787=CARTESIAN_POINT('',(3.659906386073E0,7.519001388924E-1,
-2.690660101389E0));
#2788=CARTESIAN_POINT('',(3.701529190030E0,1.675485009918E0,-2.235565551009E0));
#2789=CARTESIAN_POINT('',(3.743151993987E0,2.371496161277E0,-1.476824252346E0));
#2790=CARTESIAN_POINT('',(3.784774797943E0,2.745397176451E0,-5.174921628E-1));
#2791=CARTESIAN_POINT('',(3.826397601900E0,2.746402754748E0,5.121286198897E-1));
#2792=CARTESIAN_POINT('',(3.868020405857E0,2.374376296601E0,1.472189191509E0));
#2793=CARTESIAN_POINT('',(3.909643209814E0,1.679848554538E0,2.232288656612E0));
#2794=CARTESIAN_POINT('',(3.951266013771E0,7.571542331001E-1,2.689185988439E0));
#2795=CARTESIAN_POINT('',(3.992888817728E0,-2.683810799635E-1,
2.780822793500E0));
#2796=CARTESIAN_POINT('',(4.034511621685E0,-1.257463349255E0,2.494752440277E0));
#2797=CARTESIAN_POINT('',(4.076134425642E0,-2.075749798880E0,1.869830630144E0));
#2798=CARTESIAN_POINT('',(4.117757229598E0,-2.612096112021E0,
9.909377954957E-1));
#2799=CARTESIAN_POINT('',(4.159380033555E0,-2.793652683773E0,
-2.254984314189E-2));
#2800=CARTESIAN_POINT('',(4.201002837512E0,-2.595759468572E0,
-1.032974633908E0));
#2801=CARTESIAN_POINT('',(4.242625641469E0,-2.045295447754E0,
-1.903094938349E0));
#2802=CARTESIAN_POINT('',(4.284248445426E0,-1.217027773529E0,
-2.514726070857E0));
#2803=CARTESIAN_POINT('',(4.325871249383E0,-2.234564693742E-1,
-2.784792814416E0));
#2804=CARTESIAN_POINT('',(4.367494053340E0,8.004659625867E-1,
-2.676613168887E0));
#2805=CARTESIAN_POINT('',(4.409116857297E0,1.715664557632E0,-2.204880708407E0));
#2806=CARTESIAN_POINT('',(4.450739661254E0,2.397831840189E0,-1.433668817973E0));
#2807=CARTESIAN_POINT('',(4.492362465211E0,2.754311973540E0,
-4.677278770961E-1));
#2808=CARTESIAN_POINT('',(4.533985269168E0,2.736685795541E0,5.617425135311E-1));
#2809=CARTESIAN_POINT('',(4.575608073125E0,2.347347409390E0,1.514913877056E0));
#2810=CARTESIAN_POINT('',(4.617230877083E0,1.639178909849E0,2.262320899612E0));
#2811=CARTESIAN_POINT('',(4.658853681040E0,7.083679838796E-1,2.702447113171E0));
#2812=CARTESIAN_POINT('',(4.700476484997E0,-3.186581440014E-1,
2.775509826527E0));
#2813=CARTESIAN_POINT('',(4.742099288954E0,-1.302399938276E0,2.471593633142E0));
#2814=CARTESIAN_POINT('',(4.783722092911E0,-2.109251226842E0,1.831946859103E0));
#2815=CARTESIAN_POINT('',(4.811470628882E0,-2.456136389051E0,1.239693468884E0));
#2816=CARTESIAN_POINT('',(4.825344896868E0,-2.570072136512E0,
9.221493713725E-1));
#2817=CARTESIAN_POINT('',(3.572735979057E0,-2.554851391091E0,
-9.635167976961E-1));
#2818=CARTESIAN_POINT('',(3.586610247043E0,-2.435804510026E0,
-1.279180302909E0));
#2819=CARTESIAN_POINT('',(3.614358783014E0,-2.079404052123E0,
-1.865756902850E0));
#2820=CARTESIAN_POINT('',(3.655981586970E0,-1.262332350124E0,
-2.492295673559E0));
#2821=CARTESIAN_POINT('',(3.697604390927E0,-2.738127473073E-1,
-2.780292140999E0));
#2822=CARTESIAN_POINT('',(3.739227194884E0,7.519001388924E-1,
-2.690660101389E0));
#2823=CARTESIAN_POINT('',(3.780849998840E0,1.675485009918E0,-2.235565551009E0));
#2824=CARTESIAN_POINT('',(3.822472802797E0,2.371496161277E0,-1.476824252346E0));
#2825=CARTESIAN_POINT('',(3.864095606754E0,2.745397176451E0,-5.174921628E-1));
#2826=CARTESIAN_POINT('',(3.905718410710E0,2.746402754748E0,5.121286198897E-1));
#2827=CARTESIAN_POINT('',(3.947341214667E0,2.374376296601E0,1.472189191509E0));
#2828=CARTESIAN_POINT('',(3.988964018624E0,1.679848554538E0,2.232288656612E0));
#2829=CARTESIAN_POINT('',(4.030586822581E0,7.571542331001E-1,2.689185988439E0));
#2830=CARTESIAN_POINT('',(4.072209626537E0,-2.683810799635E-1,
2.780822793500E0));
#2831=CARTESIAN_POINT('',(4.113832430494E0,-1.257463349255E0,2.494752440277E0));
#2832=CARTESIAN_POINT('',(4.155455234451E0,-2.075749798880E0,1.869830630144E0));
#2833=CARTESIAN_POINT('',(4.197078038408E0,-2.612096112021E0,
9.909377954957E-1));
#2834=CARTESIAN_POINT('',(4.238700842365E0,-2.793652683773E0,
-2.254984314189E-2));
#2835=CARTESIAN_POINT('',(4.280323646322E0,-2.595759468572E0,
-1.032974633908E0));
#2836=CARTESIAN_POINT('',(4.321946450279E0,-2.045295447754E0,
-1.903094938349E0));
#2837=CARTESIAN_POINT('',(4.363569254236E0,-1.217027773529E0,
-2.514726070857E0));
#2838=CARTESIAN_POINT('',(4.405192058193E0,-2.234564693742E-1,
-2.784792814416E0));
#2839=CARTESIAN_POINT('',(4.446814862150E0,8.004659625867E-1,
-2.676613168887E0));
#2840=CARTESIAN_POINT('',(4.488437666107E0,1.715664557632E0,-2.204880708407E0));
#2841=CARTESIAN_POINT('',(4.530060470064E0,2.397831840189E0,-1.433668817973E0));
#2842=CARTESIAN_POINT('',(4.571683274021E0,2.754311973540E0,
-4.677278770961E-1));
#2843=CARTESIAN_POINT('',(4.613306077978E0,2.736685795541E0,5.617425135311E-1));
#2844=CARTESIAN_POINT('',(4.654928881935E0,2.347347409390E0,1.514913877056E0));
#2845=CARTESIAN_POINT('',(4.696551685892E0,1.639178909849E0,2.262320899612E0));
#2846=CARTESIAN_POINT('',(4.738174489849E0,7.083679838796E-1,2.702447113171E0));
#2847=CARTESIAN_POINT('',(4.779797293806E0,-3.186581440014E-1,
2.775509826527E0));
#2848=CARTESIAN_POINT('',(4.821420097764E0,-1.302399938276E0,2.471593633142E0));
#2849=CARTESIAN_POINT('',(4.863042901721E0,-2.109251226842E0,1.831946859103E0));
#2850=CARTESIAN_POINT('',(4.890791437692E0,-2.456136389051E0,1.239693468884E0));
#2851=CARTESIAN_POINT('',(4.904665705678E0,-2.570072136512E0,
9.221493713725E-1));
#2852=CARTESIAN_POINT('',(3.652056787868E0,-2.554851391091E0,
-9.635167976961E-1));
#2853=CARTESIAN_POINT('',(3.665931055854E0,-2.435804510026E0,
-1.279180302909E0));
#2854=CARTESIAN_POINT('',(3.693679591825E0,-2.079404052123E0,
-1.865756902850E0));
#2855=CARTESIAN_POINT('',(3.735302395783E0,-1.262332350124E0,
-2.492295673559E0));
#2856=CARTESIAN_POINT('',(3.776925199740E0,-2.738127473073E-1,
-2.780292140999E0));
#2857=CARTESIAN_POINT('',(3.818548003698E0,7.519001388924E-1,
-2.690660101389E0));
#2858=CARTESIAN_POINT('',(3.860170807655E0,1.675485009918E0,-2.235565551009E0));
#2859=CARTESIAN_POINT('',(3.901793611613E0,2.371496161277E0,-1.476824252346E0));
#2860=CARTESIAN_POINT('',(3.943416415570E0,2.745397176451E0,-5.174921628E-1));
#2861=CARTESIAN_POINT('',(3.985039219527E0,2.746402754748E0,5.121286198897E-1));
#2862=CARTESIAN_POINT('',(4.026662023485E0,2.374376296601E0,1.472189191509E0));
#2863=CARTESIAN_POINT('',(4.068284827442E0,1.679848554538E0,2.232288656612E0));
#2864=CARTESIAN_POINT('',(4.109907631399E0,7.571542331001E-1,2.689185988439E0));
#2865=CARTESIAN_POINT('',(4.151530435356E0,-2.683810799635E-1,
2.780822793500E0));
#2866=CARTESIAN_POINT('',(4.193153239313E0,-1.257463349255E0,2.494752440277E0));
#2867=CARTESIAN_POINT('',(4.234776043271E0,-2.075749798880E0,1.869830630144E0));
#2868=CARTESIAN_POINT('',(4.276398847228E0,-2.612096112021E0,
9.909377954957E-1));
#2869=CARTESIAN_POINT('',(4.318021651185E0,-2.793652683773E0,
-2.254984314189E-2));
#2870=CARTESIAN_POINT('',(4.359644455142E0,-2.595759468572E0,
-1.032974633908E0));
#2871=CARTESIAN_POINT('',(4.401267259099E0,-2.045295447754E0,
-1.903094938349E0));
#2872=CARTESIAN_POINT('',(4.442890063056E0,-1.217027773529E0,
-2.514726070857E0));
#2873=CARTESIAN_POINT('',(4.484512867013E0,-2.234564693742E-1,
-2.784792814416E0));
#2874=CARTESIAN_POINT('',(4.526135670970E0,8.004659625867E-1,
-2.676613168887E0));
#2875=CARTESIAN_POINT('',(4.567758474927E0,1.715664557632E0,-2.204880708407E0));
#2876=CARTESIAN_POINT('',(4.609381278884E0,2.397831840189E0,-1.433668817973E0));
#2877=CARTESIAN_POINT('',(4.651004082841E0,2.754311973540E0,
-4.677278770961E-1));
#2878=CARTESIAN_POINT('',(4.692626886798E0,2.736685795541E0,5.617425135311E-1));
#2879=CARTESIAN_POINT('',(4.734249690755E0,2.347347409390E0,1.514913877056E0));
#2880=CARTESIAN_POINT('',(4.775872494712E0,1.639178909849E0,2.262320899612E0));
#2881=CARTESIAN_POINT('',(4.817495298669E0,7.083679838796E-1,2.702447113171E0));
#2882=CARTESIAN_POINT('',(4.859118102626E0,-3.186581440014E-1,
2.775509826527E0));
#2883=CARTESIAN_POINT('',(4.900740906583E0,-1.302399938276E0,2.471593633142E0));
#2884=CARTESIAN_POINT('',(4.942363710540E0,-2.109251226842E0,1.831946859103E0));
#2885=CARTESIAN_POINT('',(4.970112246511E0,-2.456136389051E0,1.239693468884E0));
#2886=CARTESIAN_POINT('',(4.983986514497E0,-2.570072136512E0,
9.221493713725E-1));
#2887=CARTESIAN_POINT('',(3.731377596679E0,-2.554851391091E0,
-9.635167976961E-1));
#2888=CARTESIAN_POINT('',(3.745251864665E0,-2.435804510026E0,
-1.279180302909E0));
#2889=CARTESIAN_POINT('',(3.773000400636E0,-2.079404052123E0,
-1.865756902850E0));
#2890=CARTESIAN_POINT('',(3.814623204594E0,-1.262332350124E0,
-2.492295673559E0));
#2891=CARTESIAN_POINT('',(3.856246008551E0,-2.738127473073E-1,
-2.780292140999E0));
#2892=CARTESIAN_POINT('',(3.897868812508E0,7.519001388924E-1,
-2.690660101389E0));
#2893=CARTESIAN_POINT('',(3.939491616466E0,1.675485009918E0,-2.235565551009E0));
#2894=CARTESIAN_POINT('',(3.981114420423E0,2.371496161277E0,-1.476824252346E0));
#2895=CARTESIAN_POINT('',(4.022737224380E0,2.745397176451E0,-5.174921628E-1));
#2896=CARTESIAN_POINT('',(4.064360028337E0,2.746402754748E0,5.121286198897E-1));
#2897=CARTESIAN_POINT('',(4.105982832295E0,2.374376296601E0,1.472189191509E0));
#2898=CARTESIAN_POINT('',(4.147605636252E0,1.679848554538E0,2.232288656612E0));
#2899=CARTESIAN_POINT('',(4.189228440209E0,7.571542331001E-1,2.689185988439E0));
#2900=CARTESIAN_POINT('',(4.230851244166E0,-2.683810799635E-1,
2.780822793500E0));
#2901=CARTESIAN_POINT('',(4.272474048123E0,-1.257463349255E0,2.494752440277E0));
#2902=CARTESIAN_POINT('',(4.314096852080E0,-2.075749798880E0,1.869830630144E0));
#2903=CARTESIAN_POINT('',(4.355719656037E0,-2.612096112021E0,
9.909377954957E-1));
#2904=CARTESIAN_POINT('',(4.397342459994E0,-2.793652683773E0,
-2.254984314189E-2));
#2905=CARTESIAN_POINT('',(4.438965263951E0,-2.595759468572E0,
-1.032974633908E0));
#2906=CARTESIAN_POINT('',(4.480588067909E0,-2.045295447754E0,
-1.903094938349E0));
#2907=CARTESIAN_POINT('',(4.522210871866E0,-1.217027773529E0,
-2.514726070857E0));
#2908=CARTESIAN_POINT('',(4.563833675823E0,-2.234564693742E-1,
-2.784792814416E0));
#2909=CARTESIAN_POINT('',(4.605456479780E0,8.004659625867E-1,
-2.676613168887E0));
#2910=CARTESIAN_POINT('',(4.647079283737E0,1.715664557632E0,-2.204880708407E0));
#2911=CARTESIAN_POINT('',(4.688702087694E0,2.397831840189E0,-1.433668817973E0));
#2912=CARTESIAN_POINT('',(4.730324891651E0,2.754311973540E0,
-4.677278770961E-1));
#2913=CARTESIAN_POINT('',(4.771947695608E0,2.736685795541E0,5.617425135311E-1));
#2914=CARTESIAN_POINT('',(4.813570499565E0,2.347347409390E0,1.514913877056E0));
#2915=CARTESIAN_POINT('',(4.855193303522E0,1.639178909849E0,2.262320899612E0));
#2916=CARTESIAN_POINT('',(4.896816107479E0,7.083679838796E-1,2.702447113171E0));
#2917=CARTESIAN_POINT('',(4.938438911435E0,-3.186581440014E-1,
2.775509826527E0));
#2918=CARTESIAN_POINT('',(4.980061715392E0,-1.302399938276E0,2.471593633142E0));
#2919=CARTESIAN_POINT('',(5.021684519349E0,-2.109251226842E0,1.831946859103E0));
#2920=CARTESIAN_POINT('',(5.049433055321E0,-2.456136389051E0,1.239693468884E0));
#2921=CARTESIAN_POINT('',(5.063307323306E0,-2.570072136512E0,
9.221493713725E-1));
#2922=B_SPLINE_SURFACE_WITH_KNOTS('',3,3,((#2782,#2783,#2784,#2785,#2786,#2787,
#2788,#2789,#2790,#2791,#2792,#2793,#2794,#2795,#2796,#2797,#2798,#2799,#2800,
#2801,#2802,#2803,#2804,#2805,#2806,#2807,#2808,#2809,#2810,#2811,#2812,#2813,
#2814,#2815,#2816),(#2817,#2818,#2819,#2820,#2821,#2822,#2823,#2824,#2825,#2826,
#2827,#2828,#2829,#2830,#2831,#2832,#2833,#2834,#2835,#2836,#2837,#2838,#2839,
#2840,#2841,#2842,#2843,#2844,#2845,#2846,#2847,#2848,#2849,#2850,#2851),(#2852,
#2853,#2854,#2855,#2856,#2857,#2858,#2859,#2860,#2861,#2862,#2863,#2864,#2865,
#2866,#2867,#2868,#2869,#2870,#2871,#2872,#2873,#2874,#2875,#2876,#2877,#2878,
#2879,#2880,#2881,#2882,#2883,#2884,#2885,#2886),(#2887,#2888,#2889,#2890,#2891,
#2892,#2893,#2894,#2895,#2896,#2897,#2898,#2899,#2900,#2901,#2902,#2903,#2904,
#2905,#2906,#2907,#2908,#2909,#2910,#2911,#2912,#2913,#2914,#2915,#2916,#2917,
#2918,#2919,#2920,#2921)),.UNSPECIFIED.,.F.,.F.,.F.,(4,4),(4,1,1,1,1,1,1,1,1,1,
1,1,1,1,1,1,1,1,1,1,1,1,1,1,1,1,1,1,1,1,1,1,4),(-1.057361629858E-1,
1.105736162986E0),(-1.298008439405E-2,8.112552746352E-3,2.920518988676E-2,
5.029782702717E-2,7.139046416757E-2,9.248310130798E-2,1.135757384484E-1,
1.346683755888E-1,1.557610127292E-1,1.768536498696E-1,1.979462870100E-1,
2.190389241504E-1,2.401315612908E-1,2.612241984312E-1,2.823168355716E-1,
3.034094727121E-1,3.245021098525E-1,3.455947469929E-1,3.666873841333E-1,
3.877800212737E-1,4.088726584141E-1,4.299652955545E-1,4.510579326949E-1,
4.721505698353E-1,4.932432069757E-1,5.143358441161E-1,5.354284812565E-1,
5.565211183969E-1,5.776137555373E-1,5.987063926777E-1,6.197990298182E-1,
6.408916669586E-1,6.619843040990E-1),.UNSPECIFIED.);
#2924=ORIENTED_EDGE('',*,*,#2923,.T.);
#2925=ORIENTED_EDGE('',*,*,#2011,.T.);
#2926=ORIENTED_EDGE('',*,*,#2190,.F.);
#2927=ORIENTED_EDGE('',*,*,#2775,.T.);
#2928=EDGE_LOOP('',(#2924,#2925,#2926,#2927));
#2929=FACE_OUTER_BOUND('',#2928,.F.);
#2930=ADVANCED_FACE('',(#2929),#2922,.F.);
#2931=CARTESIAN_POINT('',(3.704152375250E0,-2.502989738477E0,
-1.045357027996E0));
#2932=CARTESIAN_POINT('',(3.727645054556E0,-2.284291217419E0,
-1.569006020034E0));
#2933=CARTESIAN_POINT('',(3.774630413170E0,-1.507997512423E0,
-2.472841458601E0));
#2934=CARTESIAN_POINT('',(3.845108451089E0,2.317388735837E-1,
-2.887292661217E0));
#2935=CARTESIAN_POINT('',(3.915586489009E0,1.883008804751E0,-2.200907626809E0));
#2936=CARTESIAN_POINT('',(3.986064526929E0,2.816597733195E0,
-6.757244822536E-1));
#2937=CARTESIAN_POINT('',(4.056542564848E0,2.676616780001E0,1.107038078697E0));
#2938=CARTESIAN_POINT('',(4.127020602768E0,1.516432938800E0,2.467841313809E0));
#2939=CARTESIAN_POINT('',(4.197498640687E0,-2.217474360265E-1,
2.888016499509E0));
#2940=CARTESIAN_POINT('',(4.267976678607E0,-1.875407472797E0,2.207409629236E0));
#2941=CARTESIAN_POINT('',(4.338454716526E0,-2.814246963996E0,
6.854380004471E-1));
#2942=CARTESIAN_POINT('',(4.408932754445E0,-2.680422059558E0,
-1.097791961464E0));
#2943=CARTESIAN_POINT('',(4.479410792365E0,-1.524942778467E0,
-2.462592174330E0));
#2944=CARTESIAN_POINT('',(4.549888830284E0,2.117817309014E-1,
-2.888767014664E0));
#2945=CARTESIAN_POINT('',(4.620366868203E0,1.867762780606E0,-2.213860595407E0));
#2946=CARTESIAN_POINT('',(4.690844906122E0,2.811918363701E0,
-6.951812230797E-1));
#2947=CARTESIAN_POINT('',(4.761322944042E0,2.683993638351E0,1.088659508816E0));
#2948=CARTESIAN_POINT('',(4.808308302654E0,1.917455096207E0,2.000782899494E0));
#2949=CARTESIAN_POINT('',(4.831800981961E0,1.436019951083E0,2.301211777955E0));
#2950=CARTESIAN_POINT('',(3.781223478402E0,-2.626169505801E0,
-1.096802239097E0));
#2951=CARTESIAN_POINT('',(3.804716157708E0,-2.396708162777E0,
-1.646221596873E0));
#2952=CARTESIAN_POINT('',(3.851701516322E0,-1.582210674327E0,
-2.594537537022E0));
#2953=CARTESIAN_POINT('',(3.922179554242E0,2.431434511132E-1,
-3.029385148748E0));
#2954=CARTESIAN_POINT('',(3.992657592161E0,1.975677417360E0,-2.309221011081E0));
#2955=CARTESIAN_POINT('',(4.063135630081E0,2.955211107468E0,
-7.089789471918E-1));
#2956=CARTESIAN_POINT('',(4.133613668001E0,2.808341264168E0,1.161518802632E0));
#2957=CARTESIAN_POINT('',(4.204091705920E0,1.591061233791E0,2.589291319838E0));
#2958=CARTESIAN_POINT('',(4.274569743840E0,-2.326603044077E-1,
3.030144609332E0));
#2959=CARTESIAN_POINT('',(4.345047781759E0,-1.967702000652E0,2.316042996899E0));
#2960=CARTESIAN_POINT('',(4.415525819678E0,-2.952744649739E0,
7.191704972730E-1));
#2961=CARTESIAN_POINT('',(4.486003857598E0,-2.812333813150E0,
-1.151817655739E0));
#2962=CARTESIAN_POINT('',(4.556481895517E0,-1.599989868651E0,
-2.583783854178E0));
#2963=CARTESIAN_POINT('',(4.626959933436E0,2.222041565060E-1,
-3.030932059629E0));
#2964=CARTESIAN_POINT('',(4.697437971355E0,1.959681089817E0,-2.322811434811E0));
#2965=CARTESIAN_POINT('',(4.767916009275E0,2.950301451913E0,
-7.293932136395E-1));
#2966=CARTESIAN_POINT('',(4.838394047194E0,2.816081160240E0,1.142235767213E0));
#2967=CARTESIAN_POINT('',(4.885379405807E0,2.011818915990E0,2.099247534902E0));
#2968=CARTESIAN_POINT('',(4.908872085113E0,1.506690877425E0,2.414461435760E0));
#2969=CARTESIAN_POINT('',(3.858294581554E0,-2.749349273125E0,
-1.148247450198E0));
#2970=CARTESIAN_POINT('',(3.881787260860E0,-2.509125108135E0,
-1.723437173711E0));
#2971=CARTESIAN_POINT('',(3.928772619473E0,-1.656423836231E0,
-2.716233615442E0));
#2972=CARTESIAN_POINT('',(3.999250657392E0,2.545480286423E-1,
-3.171477636279E0));
#2973=CARTESIAN_POINT('',(4.069728695312E0,2.068346029968E0,-2.417534395353E0));
#2974=CARTESIAN_POINT('',(4.140206733231E0,3.093824481740E0,
-7.422334121317E-1));
#2975=CARTESIAN_POINT('',(4.210684771150E0,2.940065748336E0,1.215999526564E0));
#2976=CARTESIAN_POINT('',(4.281162809070E0,1.665689528786E0,2.710741325864E0));
#2977=CARTESIAN_POINT('',(4.351640846989E0,-2.435731727835E-1,
3.172272719156E0));
#2978=CARTESIAN_POINT('',(4.422118884908E0,-2.059996528501E0,2.424676364566E0));
#2979=CARTESIAN_POINT('',(4.492596922828E0,-3.091242335480E0,
7.529029941069E-1));
#2980=CARTESIAN_POINT('',(4.563074960747E0,-2.944245566746E0,
-1.205843350006E0));
#2981=CARTESIAN_POINT('',(4.633552998666E0,-1.675036958844E0,
-2.704975534020E0));
#2982=CARTESIAN_POINT('',(4.704031036586E0,2.326265820981E-1,
-3.173097104596E0));
#2983=CARTESIAN_POINT('',(4.774509074505E0,2.051599399018E0,-2.431762274225E0));
#2984=CARTESIAN_POINT('',(4.844987112424E0,3.088684540122E0,
-7.636052042140E-1));
#2985=CARTESIAN_POINT('',(4.915465150344E0,2.948168682136E0,1.195812025595E0));
#2986=CARTESIAN_POINT('',(4.962450508956E0,2.106182735786E0,2.197712170298E0));
#2987=CARTESIAN_POINT('',(4.985943188263E0,1.577361803782E0,2.527711093557E0));
#2988=CARTESIAN_POINT('',(3.935365684706E0,-2.872529040449E0,
-1.199692661299E0));
#2989=CARTESIAN_POINT('',(3.958858364012E0,-2.621542053493E0,
-1.800652750550E0));
#2990=CARTESIAN_POINT('',(4.005843722625E0,-1.730636998135E0,
-2.837929693863E0));
#2991=CARTESIAN_POINT('',(4.076321760545E0,2.659526061719E-1,
-3.313570123810E0));
#2992=CARTESIAN_POINT('',(4.146799798464E0,2.161014642576E0,-2.525847779625E0));
#2993=CARTESIAN_POINT('',(4.217277836383E0,3.232437856013E0,
-7.754878770699E-1));
#2994=CARTESIAN_POINT('',(4.287755874303E0,3.071790232503E0,1.270480250499E0));
#2995=CARTESIAN_POINT('',(4.358233912222E0,1.740317823777E0,2.832191331893E0));
#2996=CARTESIAN_POINT('',(4.428711950141E0,-2.544860411646E-1,
3.314400828979E0));
#2997=CARTESIAN_POINT('',(4.499189988061E0,-2.152291056356E0,2.533309732230E0));
#2998=CARTESIAN_POINT('',(4.569668025980E0,-3.229740021223E0,
7.866354909330E-1));
#2999=CARTESIAN_POINT('',(4.640146063899E0,-3.076157320338E0,
-1.259869044281E0));
#3000=CARTESIAN_POINT('',(4.710624101819E0,-1.750084049027E0,
-2.826167213868E0));
#3001=CARTESIAN_POINT('',(4.781102139738E0,2.430490077024E-1,
-3.315262149561E0));
#3002=CARTESIAN_POINT('',(4.851580177657E0,2.143517708229E0,-2.540713113630E0));
#3003=CARTESIAN_POINT('',(4.922058215576E0,3.227067628335E0,
-7.978171947741E-1));
#3004=CARTESIAN_POINT('',(4.992536253496E0,3.080256204025E0,1.249388283992E0));
#3005=CARTESIAN_POINT('',(5.039521612109E0,2.200546555570E0,2.296176805705E0));
#3006=CARTESIAN_POINT('',(5.063014291415E0,1.648032730125E0,2.640960751363E0));
#3007=B_SPLINE_SURFACE_WITH_KNOTS('',3,3,((#2931,#2932,#2933,#2934,#2935,#2936,
#2937,#2938,#2939,#2940,#2941,#2942,#2943,#2944,#2945,#2946,#2947,#2948,#2949),(
#2950,#2951,#2952,#2953,#2954,#2955,#2956,#2957,#2958,#2959,#2960,#2961,#2962,
#2963,#2964,#2965,#2966,#2967,#2968),(#2969,#2970,#2971,#2972,#2973,#2974,#2975,
#2976,#2977,#2978,#2979,#2980,#2981,#2982,#2983,#2984,#2985,#2986,#2987),(#2988,
#2989,#2990,#2991,#2992,#2993,#2994,#2995,#2996,#2997,#2998,#2999,#3000,#3001,
#3002,#3003,#3004,#3005,#3006)),.UNSPECIFIED.,.F.,.F.,.F.,(4,4),(4,1,1,1,1,1,1,
1,1,1,1,1,1,1,1,1,4),(-4.934595248830E-2,1.049345952488E0),(-1.098929905183E-2,
2.472592286674E-2,6.044114478532E-2,9.615636670390E-2,1.318715886225E-1,
1.675868105411E-1,2.033020324596E-1,2.390172543782E-1,2.747324762968E-1,
3.104476982154E-1,3.461629201339E-1,3.818781420525E-1,4.175933639711E-1,
4.533085858897E-1,4.890238078082E-1,5.247390297268E-1,5.604542516454E-1),
.UNSPECIFIED.);
#3008=ORIENTED_EDGE('',*,*,#2033,.F.);
#3009=ORIENTED_EDGE('',*,*,#2020,.T.);
#3011=ORIENTED_EDGE('',*,*,#3010,.T.);
#3012=ORIENTED_EDGE('',*,*,#2013,.T.);
#3013=ORIENTED_EDGE('',*,*,#2923,.F.);
#3014=ORIENTED_EDGE('',*,*,#2362,.T.);
#3015=ORIENTED_EDGE('',*,*,#2207,.T.);
#3016=EDGE_LOOP('',(#3008,#3009,#3011,#3012,#3013,#3014,#3015));
#3017=FACE_OUTER_BOUND('',#3016,.F.);
#3018=ADVANCED_FACE('',(#3017),#3007,.F.);
#3019=CARTESIAN_POINT('',(4.819243569565E0,0.E0,0.E0));
#3020=DIRECTION('',(-1.E0,0.E0,0.E0));
#3021=DIRECTION('',(0.E0,1.E0,0.E0));
#3022=AXIS2_PLACEMENT_3D('',#3019,#3020,#3021);
#3023=CONICAL_SURFACE('',#3022,2.731756430435E0,4.5E1);
#3024=ORIENTED_EDGE('',*,*,#2015,.F.);
#3025=ORIENTED_EDGE('',*,*,#3010,.F.);
#3026=ORIENTED_EDGE('',*,*,#2018,.T.);
#3027=ORIENTED_EDGE('',*,*,#1981,.F.);
#3028=EDGE_LOOP('',(#3024,#3025,#3026,#3027));
#3029=FACE_OUTER_BOUND('',#3028,.F.);
#3030=ADVANCED_FACE('',(#3029),#3023,.T.);
#3031=CARTESIAN_POINT('',(1.306169598498E0,-1.776328338259E-1,
-3.107914436748E0));
#3032=CARTESIAN_POINT('',(1.327547376276E0,4.140381405541E-1,
-3.141731388280E0));
#3033=CARTESIAN_POINT('',(1.370302931832E0,1.615964899332E0,-2.862092489768E0));
#3034=CARTESIAN_POINT('',(1.434436265165E0,2.906882180733E0,-1.534217492482E0));
#3035=CARTESIAN_POINT('',(1.498569598498E0,3.274854161736E0,2.806560301412E-1));
#3036=CARTESIAN_POINT('',(1.562702931832E0,2.603406733732E0,2.006441148510E0));
#3037=CARTESIAN_POINT('',(1.626836265165E0,1.105580179295E0,3.095352548266E0));
#3038=CARTESIAN_POINT('',(1.690969598498E0,-7.431693060305E-1,
3.201751941870E0));
#3039=CARTESIAN_POINT('',(1.755102931832E0,-2.356026935732E0,2.291866910428E0));
#3040=CARTESIAN_POINT('',(1.819236265165E0,-3.221045620452E0,
6.545086311984E-1));
#3041=CARTESIAN_POINT('',(1.883369598498E0,-3.063655794072E0,
-1.190600583196E0));
#3042=CARTESIAN_POINT('',(1.947502931832E0,-1.933815247829E0,
-2.657795163171E0));
#3043=CARTESIAN_POINT('',(2.011636265165E0,-1.901524950295E-1,
-3.281365352263E0));
#3044=CARTESIAN_POINT('',(2.075769598498E0,1.613867538047E0,-2.863380539911E0));
#3045=CARTESIAN_POINT('',(2.139902931832E0,2.905621600333E0,-1.536515428473E0));
#3046=CARTESIAN_POINT('',(2.204036265165E0,3.275087412114E0,2.780629235379E-1));
#3047=CARTESIAN_POINT('',(2.268169598498E0,2.604990935484E0,2.004379897233E0));
#3048=CARTESIAN_POINT('',(2.332302931832E0,1.108030929030E0,3.094476370359E0));
#3049=CARTESIAN_POINT('',(2.396436265165E0,-7.406348559988E-1,
3.202339231947E0));
#3050=CARTESIAN_POINT('',(2.460569598498E0,-2.354211933813E0,2.293731178044E0));
#3051=CARTESIAN_POINT('',(2.524702931832E0,-3.220526530546E0,
6.570581498691E-1));
#3052=CARTESIAN_POINT('',(2.588836265165E0,-3.064597288185E0,
-1.188175074622E0));
#3053=CARTESIAN_POINT('',(2.652969598498E0,-1.935918506567E0,
-2.656263556640E0));
#3054=CARTESIAN_POINT('',(2.717102931832E0,-1.927499069022E-1,
-3.281213802163E0));
#3055=CARTESIAN_POINT('',(2.781236265165E0,1.611600434554E0,-2.864657154461E0));
#3056=CARTESIAN_POINT('',(2.845369598498E0,2.904404398040E0,-1.538814975881E0));
#3057=CARTESIAN_POINT('',(2.909502931832E0,3.275306546233E0,2.754702982588E-1));
#3058=CARTESIAN_POINT('',(2.973636265165E0,2.606576562476E0,2.002317342144E0));
#3059=CARTESIAN_POINT('',(3.037769598498E0,1.110480818304E0,3.093597789483E0));
#3060=CARTESIAN_POINT('',(3.101902931832E0,-7.381023349365E-1,
3.202926419206E0));
#3061=CARTESIAN_POINT('',(3.166036265165E0,-2.352385718557E0,2.295586857218E0));
#3062=CARTESIAN_POINT('',(3.230169598498E0,-3.220041982466E0,
6.596339576353E-1));
#3063=CARTESIAN_POINT('',(3.294302931832E0,-3.065400360970E0,
-1.185848473809E0));
#3064=CARTESIAN_POINT('',(3.337058487387E0,-2.314153451340E0,
-2.164855076348E0));
#3065=CARTESIAN_POINT('',(3.358436265165E0,-1.835494378138E0,
-2.514288360078E0));
#3066=CARTESIAN_POINT('',(1.383240701650E0,-1.700155840674E-1,
-2.974640874744E0));
#3067=CARTESIAN_POINT('',(1.404618479428E0,3.962833603244E-1,
-3.007007688030E0));
#3068=CARTESIAN_POINT('',(1.447374034984E0,1.546669105452E0,-2.739360262527E0));
#3069=CARTESIAN_POINT('',(1.511507368317E0,2.782229282322E0,-1.468427190248E0));
#3070=CARTESIAN_POINT('',(1.575640701650E0,3.134421891780E0,2.686209405028E-1));
#3071=CARTESIAN_POINT('',(1.639774034984E0,2.491767467011E0,1.920400955237E0));
#3072=CARTESIAN_POINT('',(1.703907368317E0,1.058170698894E0,2.962617665063E0));
#3073=CARTESIAN_POINT('',(1.768040701650E0,-7.113007257968E-1,
3.064454440722E0));
#3074=CARTESIAN_POINT('',(1.832174034984E0,-2.254995807529E0,2.193587091917E0));
#3075=CARTESIAN_POINT('',(1.896307368317E0,-3.082920767934E0,
6.264419973134E-1));
#3076=CARTESIAN_POINT('',(1.960440701650E0,-2.932280130829E0,
-1.139545258515E0));
#3077=CARTESIAN_POINT('',(2.024574034984E0,-1.850889397848E0,
-2.543823612254E0));
#3078=CARTESIAN_POINT('',(2.088707368317E0,-1.819983772595E-1,
-3.140653869487E0));
#3079=CARTESIAN_POINT('',(2.152840701650E0,1.544661683196E0,-2.740593078514E0));
#3080=CARTESIAN_POINT('',(2.216974034984E0,2.781022758121E0,-1.470626586166E0));
#3081=CARTESIAN_POINT('',(2.281107368317E0,3.134645139918E0,2.661390314759E-1));
#3082=CARTESIAN_POINT('',(2.345240701650E0,2.493283735036E0,1.918428094521E0));
#3083=CARTESIAN_POINT('',(2.409374034984E0,1.060516355599E0,2.961779059410E0));
#3084=CARTESIAN_POINT('',(2.473507368317E0,-7.088749580309E-1,
3.065016546631E0));
#3085=CARTESIAN_POINT('',(2.537640701650E0,-2.253258636507E0,2.195371416024E0));
#3086=CARTESIAN_POINT('',(2.601774034984E0,-3.082423937637E0,
6.288821875449E-1));
#3087=CARTESIAN_POINT('',(2.665907368317E0,-2.933181251799E0,
-1.137223760581E0));
#3088=CARTESIAN_POINT('',(2.730040701650E0,-1.852902464661E0,
-2.542357684062E0));
#3089=CARTESIAN_POINT('',(2.794174034984E0,-1.844844069371E-1,
-3.140508818158E0));
#3090=CARTESIAN_POINT('',(2.858307368317E0,1.542491797617E0,-2.741814949289E0));
#3091=CARTESIAN_POINT('',(2.922440701650E0,2.779857751887E0,-1.472827524401E0));
#3092=CARTESIAN_POINT('',(2.986574034984E0,3.134854877129E0,2.636575831333E-1));
#3093=CARTESIAN_POINT('',(3.050707368317E0,2.494801367184E0,1.916453985902E0));
#3094=CARTESIAN_POINT('',(3.114840701650E0,1.062861188741E0,2.960938153832E0));
#3095=CARTESIAN_POINT('',(3.178974034984E0,-7.064510365166E-1,
3.065578554130E0));
#3096=CARTESIAN_POINT('',(3.243107368317E0,-2.251510733E0,2.197147519978E0));
#3097=CARTESIAN_POINT('',(3.307240701650E0,-3.081960167944E0,
6.313475395430E-1));
#3098=CARTESIAN_POINT('',(3.371374034984E0,-2.933949887223E0,
-1.134996929045E0));
#3099=CARTESIAN_POINT('',(3.414129590539E0,-2.214917941560E0,
-2.072021778289E0));
#3100=CARTESIAN_POINT('',(3.435507368317E0,-1.756784722903E0,
-2.406470666743E0));
#3101=CARTESIAN_POINT('',(1.460311804802E0,-1.623983343088E-1,
-2.841367312739E0));
#3102=CARTESIAN_POINT('',(1.481689582580E0,3.785285800946E-1,
-2.872283987781E0));
#3103=CARTESIAN_POINT('',(1.524445138136E0,1.477373311571E0,-2.616628035285E0));
#3104=CARTESIAN_POINT('',(1.588578471469E0,2.657576383912E0,-1.402636888013E0));
#3105=CARTESIAN_POINT('',(1.652711804803E0,2.993989621825E0,2.565858508644E-1));
#3106=CARTESIAN_POINT('',(1.716845138136E0,2.380128200290E0,1.834360761964E0));
#3107=CARTESIAN_POINT('',(1.780978471470E0,1.010761218493E0,2.829882781860E0));
#3108=CARTESIAN_POINT('',(1.845111804803E0,-6.794321455634E-1,
2.927156939574E0));
#3109=CARTESIAN_POINT('',(1.909245138136E0,-2.153964679327E0,2.095307273405E0));
#3110=CARTESIAN_POINT('',(1.973378471470E0,-2.944795915415E0,
5.983753634278E-1));
#3111=CARTESIAN_POINT('',(2.037511804803E0,-2.800904467585E0,
-1.088489933836E0));
#3112=CARTESIAN_POINT('',(2.101645138136E0,-1.767963547866E0,
-2.429852061338E0));
#3113=CARTESIAN_POINT('',(2.165778471469E0,-1.738442594886E-1,
-2.999942386712E0));
#3114=CARTESIAN_POINT('',(2.229911804803E0,1.475455828346E0,-2.617805617116E0));
#3115=CARTESIAN_POINT('',(2.294045138136E0,2.656423915909E0,-1.404737743858E0));
#3116=CARTESIAN_POINT('',(2.358178471469E0,2.994202867722E0,2.542151394152E-1));
#3117=CARTESIAN_POINT('',(2.422311804802E0,2.381576534588E0,1.832476291809E0));
#3118=CARTESIAN_POINT('',(2.486445138135E0,1.013001782167E0,2.829081748462E0));
#3119=CARTESIAN_POINT('',(2.550578471469E0,-6.771150600646E-1,
2.927693861314E0));
#3120=CARTESIAN_POINT('',(2.614711804802E0,-2.152305339203E0,2.097011654002E0));
#3121=CARTESIAN_POINT('',(2.678845138135E0,-2.944321344728E0,
6.007062252191E-1));
#3122=CARTESIAN_POINT('',(2.742978471468E0,-2.801765215412E0,
-1.086272446541E0));
#3123=CARTESIAN_POINT('',(2.807111804801E0,-1.769886422754E0,
-2.428451811485E0));
#3124=CARTESIAN_POINT('',(2.871245138135E0,-1.762189069704E-1,
-2.999803834153E0));
#3125=CARTESIAN_POINT('',(2.935378471468E0,1.473383160681E0,-2.618972744117E0));
#3126=CARTESIAN_POINT('',(2.999511804801E0,2.655311105735E0,-1.406840072919E0));
#3127=CARTESIAN_POINT('',(3.063645138135E0,2.994403208026E0,2.518448680092E-1));
#3128=CARTESIAN_POINT('',(3.127778471468E0,2.383026171891E0,1.830590629662E0));
#3129=CARTESIAN_POINT('',(3.191911804801E0,1.015241559176E0,2.828278518182E0));
#3130=CARTESIAN_POINT('',(3.256045138135E0,-6.747997380977E-1,
2.928230689054E0));
#3131=CARTESIAN_POINT('',(3.320178471468E0,-2.150635747443E0,2.098708182737E0));
#3132=CARTESIAN_POINT('',(3.384311804802E0,-2.943878353421E0,
6.030611214503E-1));
#3133=CARTESIAN_POINT('',(3.448445138136E0,-2.802499413476E0,
-1.084145384281E0));
#3134=CARTESIAN_POINT('',(3.491200693691E0,-2.115682431779E0,
-1.979188480230E0));
#3135=CARTESIAN_POINT('',(3.512578471469E0,-1.678075067670E0,
-2.298652973408E0));
#3136=CARTESIAN_POINT('',(1.537382907954E0,-1.547810845503E-1,
-2.708093750735E0));
#3137=CARTESIAN_POINT('',(1.558760685732E0,3.607737998649E-1,
-2.737560287532E0));
#3138=CARTESIAN_POINT('',(1.601516241288E0,1.408077517690E0,-2.493895808044E0));
#3139=CARTESIAN_POINT('',(1.665649574621E0,2.532923485501E0,-1.336846585779E0));
#3140=CARTESIAN_POINT('',(1.729782907955E0,2.853557351870E0,2.445507612259E-1));
#3141=CARTESIAN_POINT('',(1.793916241288E0,2.268488933569E0,1.748320568691E0));
#3142=CARTESIAN_POINT('',(1.858049574622E0,9.633517380928E-1,2.697147898657E0));
#3143=CARTESIAN_POINT('',(1.922182907955E0,-6.475635653296E-1,
2.789859438426E0));
#3144=CARTESIAN_POINT('',(1.986316241288E0,-2.052933551123E0,1.997027454894E0));
#3145=CARTESIAN_POINT('',(2.050449574622E0,-2.806671062897E0,
5.703087295428E-1));
#3146=CARTESIAN_POINT('',(2.114582907955E0,-2.669528804342E0,
-1.037434609155E0));
#3147=CARTESIAN_POINT('',(2.178716241288E0,-1.685037697885E0,
-2.315880510420E0));
#3148=CARTESIAN_POINT('',(2.242849574621E0,-1.656901417186E-1,
-2.859230903937E0));
#3149=CARTESIAN_POINT('',(2.306982907955E0,1.406249973495E0,-2.495018155719E0));
#3150=CARTESIAN_POINT('',(2.371116241288E0,2.531825073697E0,-1.338848901551E0));
#3151=CARTESIAN_POINT('',(2.435249574621E0,2.853760595526E0,2.422912473532E-1));
#3152=CARTESIAN_POINT('',(2.499382907954E0,2.269869334140E0,1.746524489097E0));
#3153=CARTESIAN_POINT('',(2.563516241287E0,9.654872087355E-1,2.696384437513E0));
#3154=CARTESIAN_POINT('',(2.627649574621E0,-6.453551620967E-1,
2.790371175998E0));
#3155=CARTESIAN_POINT('',(2.691782907954E0,-2.051352041898E0,1.998651891982E0));
#3156=CARTESIAN_POINT('',(2.755916241287E0,-2.806218751818E0,
5.725302628950E-1));
#3157=CARTESIAN_POINT('',(2.820049574620E0,-2.670349179026E0,
-1.035321132500E0));
#3158=CARTESIAN_POINT('',(2.884182907954E0,-1.686870380849E0,
-2.314545938906E0));
#3159=CARTESIAN_POINT('',(2.948316241287E0,-1.679534070053E-1,
-2.859098850148E0));
#3160=CARTESIAN_POINT('',(3.012449574620E0,1.404274523744E0,-2.496130538945E0));
#3161=CARTESIAN_POINT('',(3.076582907953E0,2.530764459582E0,-1.340852621438E0));
#3162=CARTESIAN_POINT('',(3.140716241287E0,2.853951538922E0,2.400321528837E-1));
#3163=CARTESIAN_POINT('',(3.204849574620E0,2.271250976600E0,1.744727273420E0));
#3164=CARTESIAN_POINT('',(3.268982907954E0,9.676219296131E-1,2.695618882531E0));
#3165=CARTESIAN_POINT('',(3.333116241287E0,-6.431484396778E-1,
2.790882823978E0));
#3166=CARTESIAN_POINT('',(3.397249574620E0,-2.049760761886E0,2.000268845498E0));
#3167=CARTESIAN_POINT('',(3.461382907954E0,-2.805796538899E0,
5.747747033580E-1));
#3168=CARTESIAN_POINT('',(3.525516241288E0,-2.671048939729E0,
-1.033293839518E0));
#3169=CARTESIAN_POINT('',(3.568271796843E0,-2.016446921999E0,
-1.886355182171E0));
#3170=CARTESIAN_POINT('',(3.589649574621E0,-1.599365412436E0,
-2.190835280072E0));
#3171=B_SPLINE_SURFACE_WITH_KNOTS('',3,3,((#3031,#3032,#3033,#3034,#3035,#3036,
#3037,#3038,#3039,#3040,#3041,#3042,#3043,#3044,#3045,#3046,#3047,#3048,#3049,
#3050,#3051,#3052,#3053,#3054,#3055,#3056,#3057,#3058,#3059,#3060,#3061,#3062,
#3063,#3064,#3065),(#3066,#3067,#3068,#3069,#3070,#3071,#3072,#3073,#3074,#3075,
#3076,#3077,#3078,#3079,#3080,#3081,#3082,#3083,#3084,#3085,#3086,#3087,#3088,
#3089,#3090,#3091,#3092,#3093,#3094,#3095,#3096,#3097,#3098,#3099,#3100),(#3101,
#3102,#3103,#3104,#3105,#3106,#3107,#3108,#3109,#3110,#3111,#3112,#3113,#3114,
#3115,#3116,#3117,#3118,#3119,#3120,#3121,#3122,#3123,#3124,#3125,#3126,#3127,
#3128,#3129,#3130,#3131,#3132,#3133,#3134,#3135),(#3136,#3137,#3138,#3139,#3140,
#3141,#3142,#3143,#3144,#3145,#3146,#3147,#3148,#3149,#3150,#3151,#3152,#3153,
#3154,#3155,#3156,#3157,#3158,#3159,#3160,#3161,#3162,#3163,#3164,#3165,#3166,
#3167,#3168,#3169,#3170)),.UNSPECIFIED.,.F.,.F.,.F.,(4,4),(4,1,1,1,1,1,1,1,1,1,
1,1,1,1,1,1,1,1,1,1,1,1,1,1,1,1,1,1,1,1,1,1,4),(-4.934595248830E-2,
1.049345952488E0),(-2.E-2,1.25E-2,4.5E-2,7.749999999999E-2,1.1E-1,1.425E-1,
1.75E-1,2.075E-1,2.4E-1,2.725E-1,3.05E-1,3.375E-1,3.7E-1,4.025E-1,4.35E-1,
4.675E-1,5.E-1,5.325E-1,5.65E-1,5.975E-1,6.3E-1,6.625E-1,6.95E-1,7.275E-1,
7.6E-1,7.925E-1,8.25E-1,8.575E-1,8.899999999999E-1,9.224999999999E-1,
9.549999999999E-1,9.874999999999E-1,1.02E0),.UNSPECIFIED.);
#3172=ORIENTED_EDGE('',*,*,#2502,.F.);
#3173=ORIENTED_EDGE('',*,*,#2517,.F.);
#3175=ORIENTED_EDGE('',*,*,#3174,.T.);
#3176=ORIENTED_EDGE('',*,*,#2777,.T.);
#3177=ORIENTED_EDGE('',*,*,#2188,.F.);
#3179=ORIENTED_EDGE('',*,*,#3178,.F.);
#3181=ORIENTED_EDGE('',*,*,#3180,.F.);
#3182=ORIENTED_EDGE('',*,*,#2381,.F.);
#3183=ORIENTED_EDGE('',*,*,#2397,.F.);
#3184=EDGE_LOOP('',(#3172,#3173,#3175,#3176,#3177,#3179,#3181,#3182,#3183));
#3185=FACE_OUTER_BOUND('',#3184,.F.);
#3186=ADVANCED_FACE('',(#3185),#3171,.F.);
#3187=CARTESIAN_POINT('',(6.306519585818E-1,6.501623210807E-1,
-3.044334824891E0));
#3188=CARTESIAN_POINT('',(6.458395337217E-1,1.061908433906E0,
-2.956400407750E0));
#3189=CARTESIAN_POINT('',(6.762146840013E-1,1.849010121269E0,
-2.611208026003E0));
#3190=CARTESIAN_POINT('',(7.217774094208E-1,2.729579450802E0,
-1.669357633521E0));
#3191=CARTESIAN_POINT('',(7.673401348403E-1,3.166855709408E0,
-4.564357051178E-1));
#3192=CARTESIAN_POINT('',(8.129028602598E-1,3.089889282108E0,
8.306078997294E-1));
#3193=CARTESIAN_POINT('',(8.584655856793E-1,2.511162892827E0,1.982771194146E0));
#3194=CARTESIAN_POINT('',(9.040283110988E-1,1.524658139939E0,2.812959170978E0));
#3195=CARTESIAN_POINT('',(9.495910365184E-1,2.905690745331E-1,
3.186360174932E0));
#3196=CARTESIAN_POINT('',(9.951537619379E-1,-9.907044606760E-1,
3.042338941948E0));
#3197=CARTESIAN_POINT('',(1.040716487357E0,-2.111100851429E0,2.404282584590E0));
#3198=CARTESIAN_POINT('',(1.086279212777E0,-2.888682771942E0,1.375802887173E0));
#3199=CARTESIAN_POINT('',(1.131841938196E0,-3.197181050465E0,
1.239113117984E-1));
#3200=CARTESIAN_POINT('',(1.177404663616E0,-2.986500739434E0,
-1.148102169731E0));
#3201=CARTESIAN_POINT('',(1.222967389036E0,-2.290849599559E0,
-2.233677852628E0));
#3202=CARTESIAN_POINT('',(1.268530114455E0,-1.223206630590E0,
-2.956539265039E0));
#3203=CARTESIAN_POINT('',(1.314092839875E0,4.311159442797E-2,
-3.199279164756E0));
#3204=CARTESIAN_POINT('',(1.344467990154E0,8.825499191558E-1,
-3.014806549871E0));
#3205=CARTESIAN_POINT('',(1.359655565294E0,1.267123419501E0,-2.843428179074E0));
#3206=CARTESIAN_POINT('',(7.077230617337E-1,6.222820656327E-1,
-2.913787683294E0));
#3207=CARTESIAN_POINT('',(7.229106368735E-1,1.016371684943E0,
-2.829624069124E0));
#3208=CARTESIAN_POINT('',(7.532857871532E-1,1.769720884048E0,
-2.499234224328E0));
#3209=CARTESIAN_POINT('',(7.988485125727E-1,2.612529646638E0,
-1.597772252839E0));
#3210=CARTESIAN_POINT('',(8.444112379922E-1,3.031054628222E0,
-4.368628328623E-1));
#3211=CARTESIAN_POINT('',(8.899739634117E-1,2.957388674641E0,
7.949897784218E-1));
#3212=CARTESIAN_POINT('',(9.355366888312E-1,2.403479225753E0,1.897746015667E0));
#3213=CARTESIAN_POINT('',(9.810994142507E-1,1.459277761783E0,2.692333878320E0));
#3214=CARTESIAN_POINT('',(1.026662139670E0,2.781088938031E-1,3.049722703411E0));
#3215=CARTESIAN_POINT('',(1.072224865090E0,-9.482210799229E-1,
2.911877387787E0));
#3216=CARTESIAN_POINT('',(1.117787590509E0,-2.020572641614E0,2.301182158038E0));
#3217=CARTESIAN_POINT('',(1.163350315929E0,-2.764810300434E0,1.316805718775E0));
#3218=CARTESIAN_POINT('',(1.208913041348E0,-3.060079558246E0,
1.185977479166E-1));
#3219=CARTESIAN_POINT('',(1.254475766768E0,-2.858433638626E0,
-1.098869261677E0));
#3220=CARTESIAN_POINT('',(1.300038492188E0,-2.192613405363E0,
-2.137893296828E0));
#3221=CARTESIAN_POINT('',(1.345601217607E0,-1.170753093646E0,
-2.829756971936E0));
#3222=CARTESIAN_POINT('',(1.391163943027E0,4.126288338088E-2,
-3.062087701216E0));
#3223=CARTESIAN_POINT('',(1.421539093306E0,8.447044205855E-1,
-2.885525639526E0));
#3224=CARTESIAN_POINT('',(1.436726668446E0,1.212786643167E0,-2.721496314655E0));
#3225=CARTESIAN_POINT('',(7.847941648873E-1,5.944018101698E-1,
-2.783240541699E0));
#3226=CARTESIAN_POINT('',(7.999817400271E-1,9.708349359657E-1,
-2.702847730503E0));
#3227=CARTESIAN_POINT('',(8.303568903067E-1,1.690431646813E0,
-2.387260422662E0));
#3228=CARTESIAN_POINT('',(8.759196157261E-1,2.495479842466E0,
-1.526186872170E0));
#3229=CARTESIAN_POINT('',(9.214823411456E-1,2.895253547033E0,
-4.172899606222E-1));
#3230=CARTESIAN_POINT('',(9.670450665650E-1,2.824888067177E0,
7.593716570995E-1));
#3231=CARTESIAN_POINT('',(1.012607791984E0,2.295795558688E0,1.812720837177E0));
#3232=CARTESIAN_POINT('',(1.058170517404E0,1.393897383639E0,2.571708585656E0));
#3233=CARTESIAN_POINT('',(1.103733242823E0,2.656487130867E-1,2.913085231888E0));
#3234=CARTESIAN_POINT('',(1.149295968243E0,-9.057376991577E-1,
2.781415833629E0));
#3235=CARTESIAN_POINT('',(1.194858693662E0,-1.930044431790E0,2.198081731494E0));
#3236=CARTESIAN_POINT('',(1.240421419082E0,-2.640937828921E0,1.257808550386E0));
#3237=CARTESIAN_POINT('',(1.285984144501E0,-2.922978066026E0,
1.132841840440E-1));
#3238=CARTESIAN_POINT('',(1.331546869920E0,-2.730366537821E0,
-1.049636353617E0));
#3239=CARTESIAN_POINT('',(1.377109595340E0,-2.094377211172E0,
-2.042108741024E0));
#3240=CARTESIAN_POINT('',(1.422672320759E0,-1.118299556706E0,
-2.702974678833E0));
#3241=CARTESIAN_POINT('',(1.468235046179E0,3.941417233211E-2,
-2.924896237677E0));
#3242=CARTESIAN_POINT('',(1.498610196458E0,8.068589220152E-1,
-2.756244729182E0));
#3243=CARTESIAN_POINT('',(1.513797771598E0,1.158449866833E0,-2.599564450235E0));
#3244=CARTESIAN_POINT('',(8.618652680391E-1,5.665215547221E-1,
-2.652693400101E0));
#3245=CARTESIAN_POINT('',(8.770528431789E-1,9.252981870029E-1,
-2.576071391877E0));
#3246=CARTESIAN_POINT('',(9.074279934586E-1,1.611142409592E0,
-2.275286620987E0));
#3247=CARTESIAN_POINT('',(9.529907188780E-1,2.378430038302E0,
-1.454601491488E0));
#3248=CARTESIAN_POINT('',(9.985534442974E-1,2.759452465846E0,
-3.977170883664E-1));
#3249=CARTESIAN_POINT('',(1.044116169717E0,2.692387459709E0,7.237535357923E-1));
#3250=CARTESIAN_POINT('',(1.089678895136E0,2.188111891613E0,1.727695658699E0));
#3251=CARTESIAN_POINT('',(1.135241620556E0,1.328517005482E0,2.451083292999E0));
#3252=CARTESIAN_POINT('',(1.180804345975E0,2.531885323564E-1,2.776447760367E0));
#3253=CARTESIAN_POINT('',(1.226367071395E0,-8.632543184049E-1,
2.650954279468E0));
#3254=CARTESIAN_POINT('',(1.271929796814E0,-1.839516221974E0,2.094981304942E0));
#3255=CARTESIAN_POINT('',(1.317492522233E0,-2.517065357413E0,1.198811381988E0));
#3256=CARTESIAN_POINT('',(1.363055247653E0,-2.785876573807E0,
1.079706201621E-1));
#3257=CARTESIAN_POINT('',(1.408617973072E0,-2.602299437013E0,
-1.000403445563E0));
#3258=CARTESIAN_POINT('',(1.454180698492E0,-1.996141016977E0,
-1.946324185224E0));
#3259=CARTESIAN_POINT('',(1.499743423911E0,-1.065846019762E0,
-2.576192385730E0));
#3260=CARTESIAN_POINT('',(1.545306149331E0,3.756546128506E-2,
-2.787704774137E0));
#3261=CARTESIAN_POINT('',(1.575681299610E0,7.690134234449E-1,
-2.626963818838E0));
#3262=CARTESIAN_POINT('',(1.590868874750E0,1.104113090498E0,-2.477632585816E0));
#3263=B_SPLINE_SURFACE_WITH_KNOTS('',3,3,((#3187,#3188,#3189,#3190,#3191,#3192,
#3193,#3194,#3195,#3196,#3197,#3198,#3199,#3200,#3201,#3202,#3203,#3204,#3205),(
#3206,#3207,#3208,#3209,#3210,#3211,#3212,#3213,#3214,#3215,#3216,#3217,#3218,
#3219,#3220,#3221,#3222,#3223,#3224),(#3225,#3226,#3227,#3228,#3229,#3230,#3231,
#3232,#3233,#3234,#3235,#3236,#3237,#3238,#3239,#3240,#3241,#3242,#3243),(#3244,
#3245,#3246,#3247,#3248,#3249,#3250,#3251,#3252,#3253,#3254,#3255,#3256,#3257,
#3258,#3259,#3260,#3261,#3262)),.UNSPECIFIED.,.F.,.F.,.F.,(4,4),(4,1,1,1,1,1,1,
1,1,1,1,1,1,1,1,1,4),(-4.934595248831E-2,1.049345952488E0),(6.376768716640E-1,
6.607660906266E-1,6.838553095892E-1,7.069445285518E-1,7.300337475144E-1,
7.531229664770E-1,7.762121854395E-1,7.993014044021E-1,8.223906233647E-1,
8.454798423273E-1,8.685690612899E-1,8.916582802525E-1,9.147474992151E-1,
9.378367181776E-1,9.609259371402E-1,9.840151561028E-1,1.007104375065E0),
.UNSPECIFIED.);
#3264=ORIENTED_EDGE('',*,*,#2515,.F.);
#3265=ORIENTED_EDGE('',*,*,#2540,.T.);
#3267=ORIENTED_EDGE('',*,*,#3266,.T.);
#3268=ORIENTED_EDGE('',*,*,#2532,.T.);
#3269=ORIENTED_EDGE('',*,*,#2627,.T.);
#3270=ORIENTED_EDGE('',*,*,#3174,.F.);
#3271=EDGE_LOOP('',(#3264,#3265,#3267,#3268,#3269,#3270));
#3272=FACE_OUTER_BOUND('',#3271,.F.);
#3273=ADVANCED_FACE('',(#3272),#3263,.F.);
#3274=CARTESIAN_POINT('',(9.885557749154E-1,0.E0,0.E0));
#3275=DIRECTION('',(1.E0,0.E0,0.E0));
#3276=DIRECTION('',(0.E0,-1.E0,0.E0));
#3277=AXIS2_PLACEMENT_3D('',#3274,#3275,#3276);
#3278=CONICAL_SURFACE('',#3277,2.853555774915E0,4.5E1);
#3279=ORIENTED_EDGE('',*,*,#3266,.F.);
#3280=ORIENTED_EDGE('',*,*,#2538,.F.);
#3282=ORIENTED_EDGE('',*,*,#3281,.F.);
#3283=ORIENTED_EDGE('',*,*,#2534,.T.);
#3284=EDGE_LOOP('',(#3279,#3280,#3282,#3283));
#3285=FACE_OUTER_BOUND('',#3284,.F.);
#3286=ADVANCED_FACE('',(#3285),#3278,.T.);
#3287=CARTESIAN_POINT('',(-6.15E-2,0.E0,0.E0));
#3288=DIRECTION('',(1.E0,0.E0,0.E0));
#3289=DIRECTION('',(0.E0,-1.E0,0.E0));
#3290=AXIS2_PLACEMENT_3D('',#3287,#3288,#3289);
#3291=CYLINDRICAL_SURFACE('',#3290,2.665E0);
#3293=ORIENTED_EDGE('',*,*,#3292,.T.);
#3295=ORIENTED_EDGE('',*,*,#3294,.T.);
#3296=ORIENTED_EDGE('',*,*,#3281,.T.);
#3298=ORIENTED_EDGE('',*,*,#3297,.F.);
#3299=EDGE_LOOP('',(#3293,#3295,#3296,#3298));
#3300=FACE_OUTER_BOUND('',#3299,.F.);
#3301=ADVANCED_FACE('',(#3300),#3291,.T.);
#3302=CARTESIAN_POINT('',(5.099999976640E-2,0.E0,0.E0));
#3303=DIRECTION('',(1.E0,0.E0,0.E0));
#3304=DIRECTION('',(0.E0,0.E0,-1.E0));
#3305=AXIS2_PLACEMENT_3D('',#3302,#3303,#3304);
#3306=CONICAL_SURFACE('',#3305,2.613999999766E0,4.5E1);
#3308=ORIENTED_EDGE('',*,*,#3307,.T.);
#3310=ORIENTED_EDGE('',*,*,#3309,.T.);
#3311=ORIENTED_EDGE('',*,*,#3292,.F.);
#3313=ORIENTED_EDGE('',*,*,#3312,.F.);
#3314=EDGE_LOOP('',(#3308,#3310,#3311,#3313));
#3315=FACE_OUTER_BOUND('',#3314,.F.);
#3316=ADVANCED_FACE('',(#3315),#3306,.T.);
#3317=CARTESIAN_POINT('',(0.E0,0.E0,0.E0));
#3318=DIRECTION('',(1.E0,0.E0,0.E0));
#3319=DIRECTION('',(0.E0,-1.E0,0.E0));
#3320=AXIS2_PLACEMENT_3D('',#3317,#3318,#3319);
#3321=PLANE('',#3320);
#3322=ORIENTED_EDGE('',*,*,#3307,.F.);
#3324=ORIENTED_EDGE('',*,*,#3323,.F.);
#3325=EDGE_LOOP('',(#3322,#3324));
#3326=FACE_OUTER_BOUND('',#3325,.F.);
#3328=ORIENTED_EDGE('',*,*,#3327,.F.);
#3330=ORIENTED_EDGE('',*,*,#3329,.F.);
#3331=EDGE_LOOP('',(#3328,#3330));
#3332=FACE_BOUND('',#3331,.F.);
#3333=ADVANCED_FACE('',(#3326,#3332),#3321,.F.);
#3334=CARTESIAN_POINT('',(5.099999976640E-2,0.E0,0.E0));
#3335=DIRECTION('',(1.E0,0.E0,0.E0));
#3336=DIRECTION('',(0.E0,0.E0,-1.E0));
#3337=AXIS2_PLACEMENT_3D('',#3334,#3335,#3336);
#3338=CONICAL_SURFACE('',#3337,2.613999999766E0,4.5E1);
#3339=ORIENTED_EDGE('',*,*,#3323,.T.);
#3340=ORIENTED_EDGE('',*,*,#3312,.T.);
#3342=ORIENTED_EDGE('',*,*,#3341,.F.);
#3343=ORIENTED_EDGE('',*,*,#3309,.F.);
#3344=EDGE_LOOP('',(#3339,#3340,#3342,#3343));
#3345=FACE_OUTER_BOUND('',#3344,.F.);
#3346=ADVANCED_FACE('',(#3345),#3338,.T.);
#3347=CARTESIAN_POINT('',(-6.15E-2,0.E0,0.E0));
#3348=DIRECTION('',(1.E0,0.E0,0.E0));
#3349=DIRECTION('',(0.E0,-1.E0,0.E0));
#3350=AXIS2_PLACEMENT_3D('',#3347,#3348,#3349);
#3351=CYLINDRICAL_SURFACE('',#3350,2.665E0);
#3352=ORIENTED_EDGE('',*,*,#3341,.T.);
#3353=ORIENTED_EDGE('',*,*,#3297,.T.);
#3354=ORIENTED_EDGE('',*,*,#2536,.F.);
#3355=ORIENTED_EDGE('',*,*,#3294,.F.);
#3356=EDGE_LOOP('',(#3352,#3353,#3354,#3355));
#3357=FACE_OUTER_BOUND('',#3356,.F.);
#3358=ADVANCED_FACE('',(#3357),#3351,.T.);
#3359=CARTESIAN_POINT('',(5.000000039966E-2,0.E0,0.E0));
#3360=DIRECTION('',(-1.E0,0.E0,0.E0));
#3361=DIRECTION('',(0.E0,0.E0,-1.E0));
#3362=AXIS2_PLACEMENT_3D('',#3359,#3360,#3361);
#3363=CONICAL_SURFACE('',#3362,2.374999999600E0,4.5E1);
#3364=ORIENTED_EDGE('',*,*,#3327,.T.);
#3366=ORIENTED_EDGE('',*,*,#3365,.T.);
#3368=ORIENTED_EDGE('',*,*,#3367,.F.);
#3370=ORIENTED_EDGE('',*,*,#3369,.F.);
#3371=EDGE_LOOP('',(#3364,#3366,#3368,#3370));
#3372=FACE_OUTER_BOUND('',#3371,.F.);
#3373=ADVANCED_FACE('',(#3372),#3363,.F.);
#3374=CARTESIAN_POINT('',(5.000000039966E-2,0.E0,0.E0));
#3375=DIRECTION('',(-1.E0,0.E0,0.E0));
#3376=DIRECTION('',(0.E0,0.E0,-1.E0));
#3377=AXIS2_PLACEMENT_3D('',#3374,#3375,#3376);
#3378=CONICAL_SURFACE('',#3377,2.374999999600E0,4.5E1);
#3379=ORIENTED_EDGE('',*,*,#3329,.T.);
#3380=ORIENTED_EDGE('',*,*,#3369,.T.);
#3382=ORIENTED_EDGE('',*,*,#3381,.F.);
#3383=ORIENTED_EDGE('',*,*,#3365,.F.);
#3384=EDGE_LOOP('',(#3379,#3380,#3382,#3383));
#3385=FACE_OUTER_BOUND('',#3384,.F.);
#3386=ADVANCED_FACE('',(#3385),#3378,.F.);
#3387=CARTESIAN_POINT('',(-9.65E-2,0.E0,0.E0));
#3388=DIRECTION('',(1.E0,0.E0,0.E0));
#3389=DIRECTION('',(0.E0,-1.E0,0.E0));
#3390=AXIS2_PLACEMENT_3D('',#3387,#3388,#3389);
#3391=CYLINDRICAL_SURFACE('',#3390,2.325E0);
#3392=ORIENTED_EDGE('',*,*,#3381,.T.);
#3394=ORIENTED_EDGE('',*,*,#3393,.F.);
#3396=ORIENTED_EDGE('',*,*,#3395,.T.);
#3398=ORIENTED_EDGE('',*,*,#3397,.T.);
#3399=EDGE_LOOP('',(#3392,#3394,#3396,#3398));
#3400=FACE_OUTER_BOUND('',#3399,.F.);
#3401=ADVANCED_FACE('',(#3400),#3391,.F.);
#3402=CARTESIAN_POINT('',(-9.65E-2,0.E0,0.E0));
#3403=DIRECTION('',(1.E0,0.E0,0.E0));
#3404=DIRECTION('',(0.E0,-1.E0,0.E0));
#3405=AXIS2_PLACEMENT_3D('',#3402,#3403,#3404);
#3406=CYLINDRICAL_SURFACE('',#3405,2.325E0);
#3407=ORIENTED_EDGE('',*,*,#3367,.T.);
#3408=ORIENTED_EDGE('',*,*,#3397,.F.);
#3410=ORIENTED_EDGE('',*,*,#3409,.F.);
#3411=ORIENTED_EDGE('',*,*,#3393,.T.);
#3412=EDGE_LOOP('',(#3407,#3408,#3410,#3411));
#3413=FACE_OUTER_BOUND('',#3412,.F.);
#3414=ADVANCED_FACE('',(#3413),#3406,.F.);
#3415=CARTESIAN_POINT('',(1.93E0,0.E0,0.E0));
#3416=DIRECTION('',(1.E0,0.E0,0.E0));
#3417=DIRECTION('',(0.E0,-1.E0,0.E0));
#3418=AXIS2_PLACEMENT_3D('',#3415,#3416,#3417);
#3419=PLANE('',#3418);
#3420=ORIENTED_EDGE('',*,*,#3409,.T.);
#3421=ORIENTED_EDGE('',*,*,#3395,.F.);
#3422=EDGE_LOOP('',(#3420,#3421));
#3423=FACE_OUTER_BOUND('',#3422,.F.);
#3425=ORIENTED_EDGE('',*,*,#3424,.T.);
#3427=ORIENTED_EDGE('',*,*,#3426,.T.);
#3428=EDGE_LOOP('',(#3425,#3427));
#3429=FACE_BOUND('',#3428,.F.);
#3430=ADVANCED_FACE('',(#3423,#3429),#3419,.F.);
#3431=CARTESIAN_POINT('',(1.98E0,0.E0,0.E0));
#3432=DIRECTION('',(-1.E0,0.E0,0.E0));
#3433=DIRECTION('',(0.E0,0.E0,-1.E0));
#3434=AXIS2_PLACEMENT_3D('',#3431,#3432,#3433);
#3435=CONICAL_SURFACE('',#3434,2.1E0,4.5E1);
#3437=ORIENTED_EDGE('',*,*,#3436,.T.);
#3439=ORIENTED_EDGE('',*,*,#3438,.T.);
#3440=ORIENTED_EDGE('',*,*,#3424,.F.);
#3442=ORIENTED_EDGE('',*,*,#3441,.F.);
#3443=EDGE_LOOP('',(#3437,#3439,#3440,#3442));
#3444=FACE_OUTER_BOUND('',#3443,.F.);
#3445=ADVANCED_FACE('',(#3444),#3435,.F.);
#3446=CARTESIAN_POINT('',(2.03E0,0.E0,0.E0));
#3447=DIRECTION('',(-1.E0,0.E0,0.E0));
#3448=DIRECTION('',(0.E0,1.E0,0.E0));
#3449=AXIS2_PLACEMENT_3D('',#3446,#3447,#3448);
#3450=PLANE('',#3449);
#3451=ORIENTED_EDGE('',*,*,#3436,.F.);
#3453=ORIENTED_EDGE('',*,*,#3452,.F.);
#3454=EDGE_LOOP('',(#3451,#3453));
#3455=FACE_OUTER_BOUND('',#3454,.F.);
#3457=ORIENTED_EDGE('',*,*,#3456,.T.);
#3459=ORIENTED_EDGE('',*,*,#3458,.F.);
#3461=ORIENTED_EDGE('',*,*,#3460,.F.);
#3463=ORIENTED_EDGE('',*,*,#3462,.F.);
#3465=ORIENTED_EDGE('',*,*,#3464,.F.);
#3467=ORIENTED_EDGE('',*,*,#3466,.T.);
#3469=ORIENTED_EDGE('',*,*,#3468,.F.);
#3471=ORIENTED_EDGE('',*,*,#3470,.T.);
#3472=EDGE_LOOP('',(#3457,#3459,#3461,#3463,#3465,#3467,#3469,#3471));
#3473=FACE_BOUND('',#3472,.F.);
#3474=ADVANCED_FACE('',(#3455,#3473),#3450,.T.);
#3475=CARTESIAN_POINT('',(1.98E0,0.E0,0.E0));
#3476=DIRECTION('',(-1.E0,0.E0,0.E0));
#3477=DIRECTION('',(0.E0,0.E0,-1.E0));
#3478=AXIS2_PLACEMENT_3D('',#3475,#3476,#3477);
#3479=CONICAL_SURFACE('',#3478,2.1E0,4.5E1);
#3480=ORIENTED_EDGE('',*,*,#3452,.T.);
#3481=ORIENTED_EDGE('',*,*,#3441,.T.);
#3482=ORIENTED_EDGE('',*,*,#3426,.F.);
#3483=ORIENTED_EDGE('',*,*,#3438,.F.);
#3484=EDGE_LOOP('',(#3480,#3481,#3482,#3483));
#3485=FACE_OUTER_BOUND('',#3484,.F.);
#3486=ADVANCED_FACE('',(#3485),#3479,.F.);
#3487=CARTESIAN_POINT('',(1.33385E1,0.E0,0.E0));
#3488=DIRECTION('',(-1.E0,0.E0,0.E0));
#3489=DIRECTION('',(0.E0,1.E0,0.E0));
#3490=AXIS2_PLACEMENT_3D('',#3487,#3488,#3489);
#3491=CYLINDRICAL_SURFACE('',#3490,6.25E-1);
#3493=ORIENTED_EDGE('',*,*,#3492,.T.);
#3495=ORIENTED_EDGE('',*,*,#3494,.T.);
#3496=ORIENTED_EDGE('',*,*,#3456,.F.);
#3498=ORIENTED_EDGE('',*,*,#3497,.F.);
#3499=EDGE_LOOP('',(#3493,#3495,#3496,#3498));
#3500=FACE_OUTER_BOUND('',#3499,.F.);
#3501=ADVANCED_FACE('',(#3500),#3491,.F.);
#3502=CARTESIAN_POINT('',(4.23E0,0.E0,0.E0));
#3503=DIRECTION('',(1.E0,0.E0,0.E0));
#3504=DIRECTION('',(0.E0,0.E0,-1.E0));
#3505=AXIS2_PLACEMENT_3D('',#3502,#3503,#3504);
#3506=PLANE('',#3505);
#3507=ORIENTED_EDGE('',*,*,#3492,.F.);
#3509=ORIENTED_EDGE('',*,*,#3508,.T.);
#3511=ORIENTED_EDGE('',*,*,#3510,.T.);
#3513=ORIENTED_EDGE('',*,*,#3512,.T.);
#3514=EDGE_LOOP('',(#3507,#3509,#3511,#3513));
#3515=FACE_OUTER_BOUND('',#3514,.F.);
#3516=ADVANCED_FACE('',(#3515),#3506,.F.);
#3517=CARTESIAN_POINT('',(2.03E0,1.25E-1,-6.877657258022E-1));
#3518=DIRECTION('',(0.E0,1.E0,0.E0));
#3519=DIRECTION('',(0.E0,0.E0,1.E0));
#3520=AXIS2_PLACEMENT_3D('',#3517,#3518,#3519);
#3521=PLANE('',#3520);
#3522=ORIENTED_EDGE('',*,*,#3497,.T.);
#3523=ORIENTED_EDGE('',*,*,#3470,.F.);
#3525=ORIENTED_EDGE('',*,*,#3524,.F.);
#3527=ORIENTED_EDGE('',*,*,#3526,.F.);
#3528=ORIENTED_EDGE('',*,*,#3508,.F.);
#3529=EDGE_LOOP('',(#3522,#3523,#3525,#3527,#3528));
#3530=FACE_OUTER_BOUND('',#3529,.F.);
#3531=ADVANCED_FACE('',(#3530),#3521,.F.);
#3532=CARTESIAN_POINT('',(2.080000001468E0,0.E0,0.E0));
#3533=DIRECTION('',(-1.E0,0.E0,0.E0));
#3534=DIRECTION('',(0.E0,0.E0,-1.E0));
#3535=AXIS2_PLACEMENT_3D('',#3532,#3533,#3534);
#3536=CONICAL_SURFACE('',#3535,5.249999985317E-1,4.5E1);
#3537=ORIENTED_EDGE('',*,*,#3468,.T.);
#3539=ORIENTED_EDGE('',*,*,#3538,.T.);
#3541=ORIENTED_EDGE('',*,*,#3540,.F.);
#3543=ORIENTED_EDGE('',*,*,#3542,.F.);
#3544=ORIENTED_EDGE('',*,*,#3524,.T.);
#3545=EDGE_LOOP('',(#3537,#3539,#3541,#3543,#3544));
#3546=FACE_OUTER_BOUND('',#3545,.F.);
#3547=ADVANCED_FACE('',(#3546),#3536,.F.);
#3548=CARTESIAN_POINT('',(2.03E0,1.25E-1,-6.877657258022E-1));
#3549=DIRECTION('',(0.E0,1.E0,0.E0));
#3550=DIRECTION('',(0.E0,0.E0,1.E0));
#3551=AXIS2_PLACEMENT_3D('',#3548,#3549,#3550);
#3552=PLANE('',#3551);
#3554=ORIENTED_EDGE('',*,*,#3553,.F.);
#3556=ORIENTED_EDGE('',*,*,#3555,.F.);
#3558=ORIENTED_EDGE('',*,*,#3557,.T.);
#3559=ORIENTED_EDGE('',*,*,#3538,.F.);
#3560=ORIENTED_EDGE('',*,*,#3466,.F.);
#3561=EDGE_LOOP('',(#3554,#3556,#3558,#3559,#3560));
#3562=FACE_OUTER_BOUND('',#3561,.F.);
#3563=ADVANCED_FACE('',(#3562),#3552,.F.);
#3564=CARTESIAN_POINT('',(1.33385E1,0.E0,0.E0));
#3565=DIRECTION('',(-1.E0,0.E0,0.E0));
#3566=DIRECTION('',(0.E0,1.E0,0.E0));
#3567=AXIS2_PLACEMENT_3D('',#3564,#3565,#3566);
#3568=CYLINDRICAL_SURFACE('',#3567,6.25E-1);
#3570=ORIENTED_EDGE('',*,*,#3569,.T.);
#3571=ORIENTED_EDGE('',*,*,#3553,.T.);
#3572=ORIENTED_EDGE('',*,*,#3464,.T.);
#3574=ORIENTED_EDGE('',*,*,#3573,.F.);
#3575=EDGE_LOOP('',(#3570,#3571,#3572,#3574));
#3576=FACE_OUTER_BOUND('',#3575,.F.);
#3577=ADVANCED_FACE('',(#3576),#3568,.F.);
#3578=CARTESIAN_POINT('',(4.23E0,0.E0,0.E0));
#3579=DIRECTION('',(1.E0,0.E0,0.E0));
#3580=DIRECTION('',(0.E0,0.E0,-1.E0));
#3581=AXIS2_PLACEMENT_3D('',#3578,#3579,#3580);
#3582=PLANE('',#3581);
#3583=ORIENTED_EDGE('',*,*,#3569,.F.);
#3585=ORIENTED_EDGE('',*,*,#3584,.T.);
#3587=ORIENTED_EDGE('',*,*,#3586,.T.);
#3588=ORIENTED_EDGE('',*,*,#3555,.T.);
#3589=EDGE_LOOP('',(#3583,#3585,#3587,#3588));
#3590=FACE_OUTER_BOUND('',#3589,.F.);
#3591=ADVANCED_FACE('',(#3590),#3582,.F.);
#3592=CARTESIAN_POINT('',(2.03E0,-1.25E-1,6.877657258022E-1));
#3593=DIRECTION('',(0.E0,-1.E0,0.E0));
#3594=DIRECTION('',(0.E0,0.E0,-1.E0));
#3595=AXIS2_PLACEMENT_3D('',#3592,#3593,#3594);
#3596=PLANE('',#3595);
#3597=ORIENTED_EDGE('',*,*,#3573,.T.);
#3598=ORIENTED_EDGE('',*,*,#3462,.T.);
#3600=ORIENTED_EDGE('',*,*,#3599,.F.);
#3602=ORIENTED_EDGE('',*,*,#3601,.F.);
#3603=ORIENTED_EDGE('',*,*,#3584,.F.);
#3604=EDGE_LOOP('',(#3597,#3598,#3600,#3602,#3603));
#3605=FACE_OUTER_BOUND('',#3604,.F.);
#3606=ADVANCED_FACE('',(#3605),#3596,.F.);
#3607=CARTESIAN_POINT('',(2.080000001468E0,0.E0,0.E0));
#3608=DIRECTION('',(-1.E0,0.E0,0.E0));
#3609=DIRECTION('',(0.E0,0.E0,-1.E0));
#3610=AXIS2_PLACEMENT_3D('',#3607,#3608,#3609);
#3611=CONICAL_SURFACE('',#3610,5.249999985317E-1,4.5E1);
#3613=ORIENTED_EDGE('',*,*,#3612,.F.);
#3615=ORIENTED_EDGE('',*,*,#3614,.F.);
#3616=ORIENTED_EDGE('',*,*,#3599,.T.);
#3617=ORIENTED_EDGE('',*,*,#3460,.T.);
#3619=ORIENTED_EDGE('',*,*,#3618,.T.);
#3620=EDGE_LOOP('',(#3613,#3615,#3616,#3617,#3619));
#3621=FACE_OUTER_BOUND('',#3620,.F.);
#3622=ADVANCED_FACE('',(#3621),#3611,.F.);
#3623=CARTESIAN_POINT('',(5.689679233740E0,0.E0,0.E0));
#3624=DIRECTION('',(-1.E0,0.E0,0.E0));
#3625=DIRECTION('',(0.E0,1.E0,0.E0));
#3626=AXIS2_PLACEMENT_3D('',#3623,#3624,#3625);
#3627=CYLINDRICAL_SURFACE('',#3626,4.75E-1);
#3628=ORIENTED_EDGE('',*,*,#3510,.F.);
#3629=ORIENTED_EDGE('',*,*,#3526,.T.);
#3630=ORIENTED_EDGE('',*,*,#3542,.T.);
#3632=ORIENTED_EDGE('',*,*,#3631,.F.);
#3634=ORIENTED_EDGE('',*,*,#3633,.T.);
#3636=ORIENTED_EDGE('',*,*,#3635,.T.);
#3637=ORIENTED_EDGE('',*,*,#3612,.T.);
#3639=ORIENTED_EDGE('',*,*,#3638,.F.);
#3640=EDGE_LOOP('',(#3628,#3629,#3630,#3632,#3634,#3636,#3637,#3639));
#3641=FACE_OUTER_BOUND('',#3640,.F.);
#3642=ADVANCED_FACE('',(#3641),#3627,.F.);
#3643=CARTESIAN_POINT('',(5.689679233740E0,0.E0,0.E0));
#3644=DIRECTION('',(-1.E0,0.E0,0.E0));
#3645=DIRECTION('',(0.E0,1.E0,0.E0));
#3646=AXIS2_PLACEMENT_3D('',#3643,#3644,#3645);
#3647=CYLINDRICAL_SURFACE('',#3646,4.75E-1);
#3648=ORIENTED_EDGE('',*,*,#3586,.F.);
#3649=ORIENTED_EDGE('',*,*,#3601,.T.);
#3650=ORIENTED_EDGE('',*,*,#3614,.T.);
#3651=ORIENTED_EDGE('',*,*,#3635,.F.);
#3653=ORIENTED_EDGE('',*,*,#3652,.F.);
#3654=ORIENTED_EDGE('',*,*,#3631,.T.);
#3655=ORIENTED_EDGE('',*,*,#3540,.T.);
#3656=ORIENTED_EDGE('',*,*,#3557,.F.);
#3657=EDGE_LOOP('',(#3648,#3649,#3650,#3651,#3653,#3654,#3655,#3656));
#3658=FACE_OUTER_BOUND('',#3657,.F.);
#3659=ADVANCED_FACE('',(#3658),#3647,.F.);
#3660=CARTESIAN_POINT('',(5.367355949021E0,0.E0,0.E0));
#3661=DIRECTION('',(-1.E0,0.E0,0.E0));
#3662=DIRECTION('',(0.E0,1.E0,0.E0));
#3663=AXIS2_PLACEMENT_3D('',#3660,#3661,#3662);
#3664=CONICAL_SURFACE('',#3663,2.464013122657E-1,5.9E1);
#3666=ORIENTED_EDGE('',*,*,#3665,.T.);
#3667=ORIENTED_EDGE('',*,*,#3652,.T.);
#3669=ORIENTED_EDGE('',*,*,#3668,.F.);
#3670=EDGE_LOOP('',(#3666,#3667,#3669));
#3671=FACE_OUTER_BOUND('',#3670,.F.);
#3672=ADVANCED_FACE('',(#3671),#3664,.F.);
#3673=CARTESIAN_POINT('',(5.367355949021E0,0.E0,0.E0));
#3674=DIRECTION('',(-1.E0,0.E0,0.E0));
#3675=DIRECTION('',(0.E0,1.E0,0.E0));
#3676=AXIS2_PLACEMENT_3D('',#3673,#3674,#3675);
#3677=CONICAL_SURFACE('',#3676,2.464013122657E-1,5.9E1);
#3678=ORIENTED_EDGE('',*,*,#3665,.F.);
#3679=ORIENTED_EDGE('',*,*,#3668,.T.);
#3680=ORIENTED_EDGE('',*,*,#3633,.F.);
#3681=EDGE_LOOP('',(#3678,#3679,#3680));
#3682=FACE_OUTER_BOUND('',#3681,.F.);
#3683=ADVANCED_FACE('',(#3682),#3677,.F.);
#3684=CARTESIAN_POINT('',(2.03E0,-1.25E-1,6.877657258022E-1));
#3685=DIRECTION('',(0.E0,-1.E0,0.E0));
#3686=DIRECTION('',(0.E0,0.E0,-1.E0));
#3687=AXIS2_PLACEMENT_3D('',#3684,#3685,#3686);
#3688=PLANE('',#3687);
#3689=ORIENTED_EDGE('',*,*,#3494,.F.);
#3690=ORIENTED_EDGE('',*,*,#3512,.F.);
#3691=ORIENTED_EDGE('',*,*,#3638,.T.);
#3692=ORIENTED_EDGE('',*,*,#3618,.F.);
#3693=ORIENTED_EDGE('',*,*,#3458,.T.);
#3694=EDGE_LOOP('',(#3689,#3690,#3691,#3692,#3693));
#3695=FACE_OUTER_BOUND('',#3694,.F.);
#3696=ADVANCED_FACE('',(#3695),#3688,.F.);
#3697=CARTESIAN_POINT('',(-3.3E-1,0.E0,0.E0));
#3698=DIRECTION('',(1.E0,0.E0,0.E0));
#3699=DIRECTION('',(0.E0,-7.071067811865E-1,-7.071067811865E-1));
#3700=AXIS2_PLACEMENT_3D('',#3697,#3698,#3699);
#3701=CYLINDRICAL_SURFACE('',#3700,3.095E0);
#3702=ORIENTED_EDGE('',*,*,#2357,.F.);
#3704=ORIENTED_EDGE('',*,*,#3703,.T.);
#3705=ORIENTED_EDGE('',*,*,#3178,.T.);
#3706=ORIENTED_EDGE('',*,*,#2186,.T.);
#3708=ORIENTED_EDGE('',*,*,#3707,.F.);
#3709=EDGE_LOOP('',(#3702,#3704,#3705,#3706,#3708));
#3710=FACE_OUTER_BOUND('',#3709,.F.);
#3711=ADVANCED_FACE('',(#3710),#3701,.T.);
#3712=CARTESIAN_POINT('',(-3.3E-1,0.E0,0.E0));
#3713=DIRECTION('',(1.E0,0.E0,0.E0));
#3714=DIRECTION('',(0.E0,-7.071067811865E-1,-7.071067811865E-1));
#3715=AXIS2_PLACEMENT_3D('',#3712,#3713,#3714);
#3716=CYLINDRICAL_SURFACE('',#3715,3.095E0);
#3717=ORIENTED_EDGE('',*,*,#2355,.F.);
#3718=ORIENTED_EDGE('',*,*,#2383,.T.);
#3719=ORIENTED_EDGE('',*,*,#3180,.T.);
#3720=ORIENTED_EDGE('',*,*,#3703,.F.);
#3721=EDGE_LOOP('',(#3717,#3718,#3719,#3720));
#3722=FACE_OUTER_BOUND('',#3721,.F.);
#3723=ADVANCED_FACE('',(#3722),#3716,.T.);
#3724=CARTESIAN_POINT('',(-3.3E-1,0.E0,0.E0));
#3725=DIRECTION('',(1.E0,0.E0,0.E0));
#3726=DIRECTION('',(0.E0,-7.071067811865E-1,-7.071067811865E-1));
#3727=AXIS2_PLACEMENT_3D('',#3724,#3725,#3726);
#3728=CYLINDRICAL_SURFACE('',#3727,3.095E0);
#3729=ORIENTED_EDGE('',*,*,#2359,.F.);
#3730=ORIENTED_EDGE('',*,*,#3707,.T.);
#3731=ORIENTED_EDGE('',*,*,#2184,.T.);
#3732=ORIENTED_EDGE('',*,*,#2203,.F.);
#3733=EDGE_LOOP('',(#3729,#3730,#3731,#3732));
#3734=FACE_OUTER_BOUND('',#3733,.F.);
#3735=ADVANCED_FACE('',(#3734),#3728,.T.);
#3736=CARTESIAN_POINT('',(1.244E0,0.E0,0.E0));
#3737=DIRECTION('',(1.E0,0.E0,0.E0));
#3738=DIRECTION('',(0.E0,-1.E0,0.E0));
#3739=AXIS2_PLACEMENT_3D('',#3736,#3737,#3738);
#3740=CYLINDRICAL_SURFACE('',#3739,3.85E-1);
#3741=ORIENTED_EDGE('',*,*,#1833,.F.);
#3743=ORIENTED_EDGE('',*,*,#3742,.F.);
#3745=ORIENTED_EDGE('',*,*,#3744,.F.);
#3747=ORIENTED_EDGE('',*,*,#3746,.T.);
#3748=EDGE_LOOP('',(#3741,#3743,#3745,#3747));
#3749=FACE_OUTER_BOUND('',#3748,.F.);
#3750=ADVANCED_FACE('',(#3749),#3740,.T.);
#3751=CARTESIAN_POINT('',(1.244E0,0.E0,0.E0));
#3752=DIRECTION('',(1.E0,0.E0,0.E0));
#3753=DIRECTION('',(0.E0,-1.E0,0.E0));
#3754=AXIS2_PLACEMENT_3D('',#3751,#3752,#3753);
#3755=CYLINDRICAL_SURFACE('',#3754,3.85E-1);
#3756=ORIENTED_EDGE('',*,*,#1835,.F.);
#3757=ORIENTED_EDGE('',*,*,#3746,.F.);
#3759=ORIENTED_EDGE('',*,*,#3758,.F.);
#3760=ORIENTED_EDGE('',*,*,#3742,.T.);
#3761=EDGE_LOOP('',(#3756,#3757,#3759,#3760));
#3762=FACE_OUTER_BOUND('',#3761,.F.);
#3763=ADVANCED_FACE('',(#3762),#3755,.T.);
#3764=CARTESIAN_POINT('',(1.770000000041E1,0.E0,0.E0));
#3765=DIRECTION('',(-1.E0,0.E0,0.E0));
#3766=DIRECTION('',(0.E0,0.E0,-1.E0));
#3767=AXIS2_PLACEMENT_3D('',#3764,#3765,#3766);
#3768=CONICAL_SURFACE('',#3767,3.349999995902E-1,4.5E1);
#3769=ORIENTED_EDGE('',*,*,#3758,.T.);
#3771=ORIENTED_EDGE('',*,*,#3770,.T.);
#3773=ORIENTED_EDGE('',*,*,#3772,.F.);
#3775=ORIENTED_EDGE('',*,*,#3774,.F.);
#3776=EDGE_LOOP('',(#3769,#3771,#3773,#3775));
#3777=FACE_OUTER_BOUND('',#3776,.F.);
#3778=ADVANCED_FACE('',(#3777),#3768,.T.);
#3779=CARTESIAN_POINT('',(1.770000000041E1,0.E0,0.E0));
#3780=DIRECTION('',(-1.E0,0.E0,0.E0));
#3781=DIRECTION('',(0.E0,0.E0,-1.E0));
#3782=AXIS2_PLACEMENT_3D('',#3779,#3780,#3781);
#3783=CONICAL_SURFACE('',#3782,3.349999995902E-1,4.5E1);
#3784=ORIENTED_EDGE('',*,*,#3744,.T.);
#3785=ORIENTED_EDGE('',*,*,#3774,.T.);
#3787=ORIENTED_EDGE('',*,*,#3786,.F.);
#3788=ORIENTED_EDGE('',*,*,#3770,.F.);
#3789=EDGE_LOOP('',(#3784,#3785,#3787,#3788));
#3790=FACE_OUTER_BOUND('',#3789,.F.);
#3791=ADVANCED_FACE('',(#3790),#3783,.T.);
#3792=CARTESIAN_POINT('',(1.775E1,0.E0,0.E0));
#3793=DIRECTION('',(1.E0,0.E0,0.E0));
#3794=DIRECTION('',(0.E0,-1.E0,0.E0));
#3795=AXIS2_PLACEMENT_3D('',#3792,#3793,#3794);
#3796=PLANE('',#3795);
#3797=ORIENTED_EDGE('',*,*,#3772,.T.);
#3798=ORIENTED_EDGE('',*,*,#3786,.T.);
#3799=EDGE_LOOP('',(#3797,#3798));
#3800=FACE_OUTER_BOUND('',#3799,.F.);
#3801=ADVANCED_FACE('',(#3800),#3796,.T.);
#3802=CLOSED_SHELL('',(#1839,#1854,#1883,#1896,#1909,#1922,#1935,#1948,#1961,
#1973,#1988,#2001,#2024,#2039,#2195,#2211,#2372,#2387,#2403,#2493,#2507,#2523,
#2545,#2631,#2781,#2930,#3018,#3030,#3186,#3273,#3286,#3301,#3316,#3333,#3346,
#3358,#3373,#3386,#3401,#3414,#3430,#3445,#3474,#3486,#3501,#3516,#3531,#3547,
#3563,#3577,#3591,#3606,#3622,#3642,#3659,#3672,#3683,#3696,#3711,#3723,#3735,
#3750,#3763,#3778,#3791,#3801));
#3803=MANIFOLD_SOLID_BREP('',#3802);
#3805=DIMENSIONAL_EXPONENTS(0.E0,0.E0,0.E0,0.E0,0.E0,0.E0,0.E0);
#3807=PLANE_ANGLE_MEASURE_WITH_UNIT(PLANE_ANGLE_MEASURE(1.745329251994E-2),
#3806);
#3808=(CONVERSION_BASED_UNIT('DEGREE',#3807)NAMED_UNIT(*)PLANE_ANGLE_UNIT());
#3810=UNCERTAINTY_MEASURE_WITH_UNIT(LENGTH_MEASURE(1.730692130912E-3),#3804,
'closure',
'Maximum model space distance between geometric entities at asserted connectivities');
#3811=(GEOMETRIC_REPRESENTATION_CONTEXT(3)GLOBAL_UNCERTAINTY_ASSIGNED_CONTEXT((
#3810))GLOBAL_UNIT_ASSIGNED_CONTEXT((#3804,#3808,#3809))REPRESENTATION_CONTEXT(
'ID1','3'));
#3813=APPLICATION_CONTEXT(
'CONFIGURATION CONTROLLED 3D DESIGNS OF MECHANICAL PARTS AND ASSEMBLIES');
#3814=APPLICATION_PROTOCOL_DEFINITION('international standard',
'config_control_design',1994,#3813);
#3815=DESIGN_CONTEXT('',#3813,'design');
#3816=MECHANICAL_CONTEXT('',#3813,'mechanical');
#3817=PRODUCT('132372_SW0002','132372_SW0002','NOT SPECIFIED',(#3816));
#3818=PRODUCT_DEFINITION_FORMATION_WITH_SPECIFIED_SOURCE('1','LAST_VERSION',
#3817,.MADE.);
#3822=PRODUCT_CATEGORY('part','');
#3823=PRODUCT_RELATED_PRODUCT_CATEGORY('detail','',(#3817));
#3824=PRODUCT_CATEGORY_RELATIONSHIP('','',#3822,#3823);
#3825=SECURITY_CLASSIFICATION_LEVEL('unclassified');
#3826=SECURITY_CLASSIFICATION('','',#3825);
#3827=CC_DESIGN_SECURITY_CLASSIFICATION(#3826,(#3818));
#3828=APPROVAL_STATUS('approved');
#3829=APPROVAL(#3828,'');
#3830=CC_DESIGN_APPROVAL(#3829,(#3826,#3818,#3819));
#3831=CALENDAR_DATE(120,8,5);
#3832=COORDINATED_UNIVERSAL_TIME_OFFSET(5,30,.AHEAD.);
#3833=LOCAL_TIME(13,35,4.3E1,#3832);
#3834=DATE_AND_TIME(#3831,#3833);
#3835=APPROVAL_DATE_TIME(#3834,#3829);
#3836=DATE_TIME_ROLE('creation_date');
#3837=CC_DESIGN_DATE_AND_TIME_ASSIGNMENT(#3834,#3836,(#3819));
#3838=DATE_TIME_ROLE('classification_date');
#3839=CC_DESIGN_DATE_AND_TIME_ASSIGNMENT(#3834,#3838,(#3826));
#3840=PERSON('UNSPECIFIED','UNSPECIFIED',$,$,$,$);
#3841=ORGANIZATION('UNSPECIFIED','UNSPECIFIED','UNSPECIFIED');
#3842=PERSON_AND_ORGANIZATION(#3840,#3841);
#3843=APPROVAL_ROLE('approver');
#3844=APPROVAL_PERSON_ORGANIZATION(#3842,#3829,#3843);
#3845=PERSON_AND_ORGANIZATION_ROLE('creator');
#3846=CC_DESIGN_PERSON_AND_ORGANIZATION_ASSIGNMENT(#3842,#3845,(#3818,#3819));
#3847=PERSON_AND_ORGANIZATION_ROLE('design_supplier');
#3848=CC_DESIGN_PERSON_AND_ORGANIZATION_ASSIGNMENT(#3842,#3847,(#3818));
#3849=PERSON_AND_ORGANIZATION_ROLE('classification_officer');
#3850=CC_DESIGN_PERSON_AND_ORGANIZATION_ASSIGNMENT(#3842,#3849,(#3826));
#3851=PERSON_AND_ORGANIZATION_ROLE('design_owner');
#3852=CC_DESIGN_PERSON_AND_ORGANIZATION_ASSIGNMENT(#3842,#3851,(#3817));
#29=CIRCLE('',#28,3.85E-1);
#34=CIRCLE('',#33,3.85E-1);
#47=CIRCLE('',#46,2.451E0);
#52=CIRCLE('',#51,2.451E0);
#61=CIRCLE('',#60,4.75E0);
#70=CIRCLE('',#69,4.75E0);
#111=CIRCLE('',#110,4.75E0);
#120=CIRCLE('',#119,4.75E0);
#129=CIRCLE('',#128,2.451E0);
#138=CIRCLE('',#137,2.451E0);
#151=B_SPLINE_CURVE_WITH_KNOTS('',3,(#139,#140,#141,#142,#143,#144,#145,#146,
#147,#148,#149,#150),.UNSPECIFIED.,.F.,.F.,(4,1,1,1,1,1,1,1,1,4),(0.E0,
1.111111111111E-1,2.222222222222E-1,3.333333333333E-1,4.444444444444E-1,
5.555555555556E-1,6.666666666667E-1,7.777777777778E-1,8.888888888889E-1,1.E0),
.UNSPECIFIED.);
#156=CIRCLE('',#155,2.7305E0);
#166=B_SPLINE_CURVE_WITH_KNOTS('',3,(#157,#158,#159,#160,#161,#162,#163,#164,
#165),.UNSPECIFIED.,.F.,.F.,(4,1,1,1,1,1,4),(0.E0,1.666666666667E-1,
3.333333333333E-1,5.E-1,6.666666666667E-1,8.333333333333E-1,1.E0),
.UNSPECIFIED.);
#178=B_SPLINE_CURVE_WITH_KNOTS('',3,(#167,#168,#169,#170,#171,#172,#173,#174,
#175,#176,#177),.UNSPECIFIED.,.F.,.F.,(4,1,1,1,1,1,1,1,4),(0.E0,1.25E-1,2.5E-1,
3.75E-1,5.E-1,6.25E-1,7.5E-1,8.75E-1,1.E0),.UNSPECIFIED.);
#206=B_SPLINE_CURVE_WITH_KNOTS('',3,(#179,#180,#181,#182,#183,#184,#185,#186,
#187,#188,#189,#190,#191,#192,#193,#194,#195,#196,#197,#198,#199,#200,#201,#202,
#203,#204,#205),.UNSPECIFIED.,.F.,.F.,(4,1,1,1,1,1,1,1,1,1,1,1,1,1,1,1,1,1,1,1,
1,1,1,1,4),(0.E0,4.166666666667E-2,8.333333333333E-2,1.25E-1,1.666666666667E-1,
2.083333333333E-1,2.5E-1,2.916666666667E-1,3.333333333333E-1,3.75E-1,
4.166666666667E-1,4.583333333333E-1,5.E-1,5.416666666667E-1,5.833333333333E-1,
6.25E-1,6.666666666667E-1,7.083333333333E-1,7.5E-1,7.916666666667E-1,
8.333333333333E-1,8.75E-1,9.166666666667E-1,9.583333333333E-1,1.E0),
.UNSPECIFIED.);
#211=CIRCLE('',#210,3.095E0);
#244=B_SPLINE_CURVE_WITH_KNOTS('',3,(#212,#213,#214,#215,#216,#217,#218,#219,
#220,#221,#222,#223,#224,#225,#226,#227,#228,#229,#230,#231,#232,#233,#234,#235,
#236,#237,#238,#239,#240,#241,#242,#243),.UNSPECIFIED.,.F.,.F.,(4,1,1,1,1,1,1,1,
1,1,1,1,1,1,1,1,1,1,1,1,1,1,1,1,1,1,1,1,1,4),(0.E0,3.448275862069E-2,
6.896551724138E-2,1.034482758621E-1,1.379310344828E-1,1.724137931034E-1,
2.068965517241E-1,2.413793103448E-1,2.758620689655E-1,3.103448275862E-1,
3.448275862069E-1,3.793103448276E-1,4.137931034483E-1,4.482758620690E-1,
4.827586206897E-1,5.172413793103E-1,5.517241379310E-1,5.862068965517E-1,
6.206896551724E-1,6.551724137931E-1,6.896551724138E-1,7.241379310345E-1,
7.586206896552E-1,7.931034482759E-1,8.275862068966E-1,8.620689655172E-1,
8.965517241379E-1,9.310344827586E-1,9.655172413793E-1,1.E0),.UNSPECIFIED.);
#276=B_SPLINE_CURVE_WITH_KNOTS('',3,(#253,#254,#255,#256,#257,#258,#259,#260,
#261,#262,#263,#264,#265,#266,#267,#268,#269,#270,#271,#272,#273,#274,#275),
.UNSPECIFIED.,.F.,.F.,(4,1,1,1,1,1,1,1,1,1,1,1,1,1,1,1,1,1,1,1,4),(0.E0,5.E-2,
1.E-1,1.5E-1,2.E-1,2.5E-1,3.E-1,3.5E-1,4.E-1,4.5E-1,5.E-1,5.5E-1,6.E-1,6.5E-1,
7.E-1,7.5E-1,8.E-1,8.5E-1,9.E-1,9.5E-1,1.E0),.UNSPECIFIED.);
#301=B_SPLINE_CURVE_WITH_KNOTS('',3,(#277,#278,#279,#280,#281,#282,#283,#284,
#285,#286,#287,#288,#289,#290,#291,#292,#293,#294,#295,#296,#297,#298,#299,
#300),.UNSPECIFIED.,.F.,.F.,(4,1,1,1,1,1,1,1,1,1,1,1,1,1,1,1,1,1,1,1,1,4),(0.E0,
4.761904761905E-2,9.523809523810E-2,1.428571428571E-1,1.904761904762E-1,
2.380952380952E-1,2.857142857143E-1,3.333333333333E-1,3.809523809524E-1,
4.285714285714E-1,4.761904761905E-1,5.238095238095E-1,5.714285714286E-1,
6.190476190476E-1,6.666666666667E-1,7.142857142857E-1,7.619047619048E-1,
8.095238095238E-1,8.571428571429E-1,9.047619047619E-1,9.523809523810E-1,1.E0),
.UNSPECIFIED.);
#308=B_SPLINE_CURVE_WITH_KNOTS('',3,(#302,#303,#304,#305,#306,#307),
.UNSPECIFIED.,.F.,.F.,(4,1,1,4),(0.E0,3.333333333333E-1,6.666666666667E-1,1.E0),
.UNSPECIFIED.);
#424=B_SPLINE_CURVE_WITH_KNOTS('',3,(#309,#310,#311,#312,#313,#314,#315,#316,
#317,#318,#319,#320,#321,#322,#323,#324,#325,#326,#327,#328,#329,#330,#331,#332,
#333,#334,#335,#336,#337,#338,#339,#340,#341,#342,#343,#344,#345,#346,#347,#348,
#349,#350,#351,#352,#353,#354,#355,#356,#357,#358,#359,#360,#361,#362,#363,#364,
#365,#366,#367,#368,#369,#370,#371,#372,#373,#374,#375,#376,#377,#378,#379,#380,
#381,#382,#383,#384,#385,#386,#387,#388,#389,#390,#391,#392,#393,#394,#395,#396,
#397,#398,#399,#400,#401,#402,#403,#404,#405,#406,#407,#408,#409,#410,#411,#412,
#413,#414,#415,#416,#417,#418,#419,#420,#421,#422,#423),.UNSPECIFIED.,.F.,.F.,
(4,1,1,1,1,1,1,1,1,1,1,1,1,1,1,1,1,1,1,1,1,1,1,1,1,1,1,1,1,1,1,1,1,1,1,1,1,1,1,
1,1,1,1,1,1,1,1,1,1,1,1,1,1,1,1,1,1,1,1,1,1,1,1,1,1,1,1,1,1,1,1,1,1,1,1,1,1,1,1,
1,1,1,1,1,1,1,1,1,1,1,1,1,1,1,1,1,1,1,1,1,1,1,1,1,1,1,1,1,1,1,1,1,4),(0.E0,
8.928571428571E-3,1.785714285714E-2,2.678571428571E-2,3.571428571429E-2,
4.464285714286E-2,5.357142857143E-2,6.25E-2,7.142857142857E-2,8.035714285714E-2,
8.928571428571E-2,9.821428571429E-2,1.071428571429E-1,1.160714285714E-1,1.25E-1,
1.339285714286E-1,1.428571428571E-1,1.517857142857E-1,1.607142857143E-1,
1.696428571429E-1,1.785714285714E-1,1.875E-1,1.964285714286E-1,
2.053571428571E-1,2.142857142857E-1,2.232142857143E-1,2.321428571429E-1,
2.410714285714E-1,2.5E-1,2.589285714286E-1,2.678571428571E-1,2.767857142857E-1,
2.857142857143E-1,2.946428571429E-1,3.035714285714E-1,3.125E-1,
3.214285714286E-1,3.303571428571E-1,3.392857142857E-1,3.482142857143E-1,
3.571428571429E-1,3.660714285714E-1,3.75E-1,3.839285714286E-1,3.928571428571E-1,
4.017857142857E-1,4.107142857143E-1,4.196428571429E-1,4.285714285714E-1,
4.375E-1,4.464285714286E-1,4.553571428571E-1,4.642857142857E-1,
4.732142857143E-1,4.821428571429E-1,4.910714285714E-1,5.E-1,5.089285714286E-1,
5.178571428571E-1,5.267857142857E-1,5.357142857143E-1,5.446428571429E-1,
5.535714285714E-1,5.625E-1,5.714285714286E-1,5.803571428571E-1,
5.892857142857E-1,5.982142857143E-1,6.071428571429E-1,6.160714285714E-1,6.25E-1,
6.339285714286E-1,6.428571428571E-1,6.517857142857E-1,6.607142857143E-1,
6.696428571429E-1,6.785714285714E-1,6.875E-1,6.964285714286E-1,
7.053571428571E-1,7.142857142857E-1,7.232142857143E-1,7.321428571429E-1,
7.410714285714E-1,7.5E-1,7.589285714286E-1,7.678571428571E-1,7.767857142857E-1,
7.857142857143E-1,7.946428571429E-1,8.035714285714E-1,8.125E-1,
8.214285714286E-1,8.303571428571E-1,8.392857142857E-1,8.482142857143E-1,
8.571428571429E-1,8.660714285714E-1,8.75E-1,8.839285714286E-1,8.928571428571E-1,
9.017857142857E-1,9.107142857143E-1,9.196428571429E-1,9.285714285714E-1,
9.375E-1,9.464285714286E-1,9.553571428571E-1,9.642857142857E-1,
9.732142857143E-1,9.821428571429E-1,9.910714285714E-1,1.E0),.UNSPECIFIED.);
#453=B_SPLINE_CURVE_WITH_KNOTS('',3,(#429,#430,#431,#432,#433,#434,#435,#436,
#437,#438,#439,#440,#441,#442,#443,#444,#445,#446,#447,#448,#449,#450,#451,
#452),.UNSPECIFIED.,.F.,.F.,(4,1,1,1,1,1,1,1,1,1,1,1,1,1,1,1,1,1,1,1,1,4),(0.E0,
4.761904761905E-2,9.523809523810E-2,1.428571428571E-1,1.904761904762E-1,
2.380952380952E-1,2.857142857143E-1,3.333333333333E-1,3.809523809524E-1,
4.285714285714E-1,4.761904761905E-1,5.238095238095E-1,5.714285714286E-1,
6.190476190476E-1,6.666666666667E-1,7.142857142857E-1,7.619047619048E-1,
8.095238095238E-1,8.571428571429E-1,9.047619047619E-1,9.523809523810E-1,1.E0),
.UNSPECIFIED.);
#478=B_SPLINE_CURVE_WITH_KNOTS('',3,(#454,#455,#456,#457,#458,#459,#460,#461,
#462,#463,#464,#465,#466,#467,#468,#469,#470,#471,#472,#473,#474,#475,#476,
#477),.UNSPECIFIED.,.F.,.F.,(4,1,1,1,1,1,1,1,1,1,1,1,1,1,1,1,1,1,1,1,1,4),(0.E0,
4.761904761905E-2,9.523809523810E-2,1.428571428571E-1,1.904761904762E-1,
2.380952380952E-1,2.857142857143E-1,3.333333333333E-1,3.809523809524E-1,
4.285714285714E-1,4.761904761905E-1,5.238095238095E-1,5.714285714286E-1,
6.190476190476E-1,6.666666666667E-1,7.142857142857E-1,7.619047619048E-1,
8.095238095238E-1,8.571428571429E-1,9.047619047619E-1,9.523809523810E-1,1.E0),
.UNSPECIFIED.);
#490=B_SPLINE_CURVE_WITH_KNOTS('',3,(#479,#480,#481,#482,#483,#484,#485,#486,
#487,#488,#489),.UNSPECIFIED.,.F.,.F.,(4,1,1,1,1,1,1,1,4),(0.E0,1.25E-1,2.5E-1,
3.75E-1,5.E-1,6.25E-1,7.5E-1,8.75E-1,1.E0),.UNSPECIFIED.);
#519=B_SPLINE_CURVE_WITH_KNOTS('',3,(#495,#496,#497,#498,#499,#500,#501,#502,
#503,#504,#505,#506,#507,#508,#509,#510,#511,#512,#513,#514,#515,#516,#517,
#518),.UNSPECIFIED.,.F.,.F.,(4,1,1,1,1,1,1,1,1,1,1,1,1,1,1,1,1,1,1,1,1,4),(0.E0,
4.761904761905E-2,9.523809523810E-2,1.428571428571E-1,1.904761904762E-1,
2.380952380952E-1,2.857142857143E-1,3.333333333333E-1,3.809523809524E-1,
4.285714285714E-1,4.761904761905E-1,5.238095238095E-1,5.714285714286E-1,
6.190476190476E-1,6.666666666667E-1,7.142857142857E-1,7.619047619048E-1,
8.095238095238E-1,8.571428571429E-1,9.047619047619E-1,9.523809523810E-1,1.E0),
.UNSPECIFIED.);
#541=B_SPLINE_CURVE_WITH_KNOTS('',3,(#524,#525,#526,#527,#528,#529,#530,#531,
#532,#533,#534,#535,#536,#537,#538,#539,#540),.UNSPECIFIED.,.F.,.F.,(4,1,1,1,1,
1,1,1,1,1,1,1,1,1,4),(0.E0,7.142857142857E-2,1.428571428571E-1,
2.142857142857E-1,2.857142857143E-1,3.571428571429E-1,4.285714285714E-1,5.E-1,
5.714285714286E-1,6.428571428571E-1,7.142857142857E-1,7.857142857143E-1,
8.571428571429E-1,9.285714285714E-1,1.E0),.UNSPECIFIED.);
#596=B_SPLINE_CURVE_WITH_KNOTS('',3,(#542,#543,#544,#545,#546,#547,#548,#549,
#550,#551,#552,#553,#554,#555,#556,#557,#558,#559,#560,#561,#562,#563,#564,#565,
#566,#567,#568,#569,#570,#571,#572,#573,#574,#575,#576,#577,#578,#579,#580,#581,
#582,#583,#584,#585,#586,#587,#588,#589,#590,#591,#592,#593,#594,#595),
.UNSPECIFIED.,.F.,.F.,(4,1,1,1,1,1,1,1,1,1,1,1,1,1,1,1,1,1,1,1,1,1,1,1,1,1,1,1,
1,1,1,1,1,1,1,1,1,1,1,1,1,1,1,1,1,1,1,1,1,1,1,4),(0.E0,1.960784313725E-2,
3.921568627451E-2,5.882352941176E-2,7.843137254902E-2,9.803921568627E-2,
1.176470588235E-1,1.372549019608E-1,1.568627450980E-1,1.764705882353E-1,
1.960784313725E-1,2.156862745098E-1,2.352941176471E-1,2.549019607843E-1,
2.745098039216E-1,2.941176470588E-1,3.137254901961E-1,3.333333333333E-1,
3.529411764706E-1,3.725490196078E-1,3.921568627451E-1,4.117647058824E-1,
4.313725490196E-1,4.509803921569E-1,4.705882352941E-1,4.901960784314E-1,
5.098039215686E-1,5.294117647059E-1,5.490196078431E-1,5.686274509804E-1,
5.882352941176E-1,6.078431372549E-1,6.274509803922E-1,6.470588235294E-1,
6.666666666667E-1,6.862745098039E-1,7.058823529412E-1,7.254901960784E-1,
7.450980392157E-1,7.647058823529E-1,7.843137254902E-1,8.039215686275E-1,
8.235294117647E-1,8.431372549020E-1,8.627450980392E-1,8.823529411765E-1,
9.019607843137E-1,9.215686274510E-1,9.411764705882E-1,9.607843137255E-1,
9.803921568627E-1,1.E0),.UNSPECIFIED.);
#621=B_SPLINE_CURVE_WITH_KNOTS('',3,(#597,#598,#599,#600,#601,#602,#603,#604,
#605,#606,#607,#608,#609,#610,#611,#612,#613,#614,#615,#616,#617,#618,#619,
#620),.UNSPECIFIED.,.F.,.F.,(4,1,1,1,1,1,1,1,1,1,1,1,1,1,1,1,1,1,1,1,1,4),(0.E0,
4.761904761905E-2,9.523809523810E-2,1.428571428571E-1,1.904761904762E-1,
2.380952380952E-1,2.857142857143E-1,3.333333333333E-1,3.809523809524E-1,
4.285714285714E-1,4.761904761905E-1,5.238095238095E-1,5.714285714286E-1,
6.190476190476E-1,6.666666666667E-1,7.142857142857E-1,7.619047619048E-1,
8.095238095238E-1,8.571428571429E-1,9.047619047619E-1,9.523809523810E-1,1.E0),
.UNSPECIFIED.);
#646=B_SPLINE_CURVE_WITH_KNOTS('',3,(#622,#623,#624,#625,#626,#627,#628,#629,
#630,#631,#632,#633,#634,#635,#636,#637,#638,#639,#640,#641,#642,#643,#644,
#645),.UNSPECIFIED.,.F.,.F.,(4,1,1,1,1,1,1,1,1,1,1,1,1,1,1,1,1,1,1,1,1,4),(0.E0,
4.761904761905E-2,9.523809523810E-2,1.428571428571E-1,1.904761904762E-1,
2.380952380952E-1,2.857142857143E-1,3.333333333333E-1,3.809523809524E-1,
4.285714285714E-1,4.761904761905E-1,5.238095238095E-1,5.714285714286E-1,
6.190476190476E-1,6.666666666667E-1,7.142857142857E-1,7.619047619048E-1,
8.095238095238E-1,8.571428571429E-1,9.047619047619E-1,9.523809523810E-1,1.E0),
.UNSPECIFIED.);
#651=CIRCLE('',#650,3.095E0);
#663=B_SPLINE_CURVE_WITH_KNOTS('',3,(#652,#653,#654,#655,#656,#657,#658,#659,
#660,#661,#662),.UNSPECIFIED.,.F.,.F.,(4,1,1,1,1,1,1,1,4),(0.E0,1.25E-1,2.5E-1,
3.75E-1,5.E-1,6.25E-1,7.5E-1,8.75E-1,1.E0),.UNSPECIFIED.);
#681=B_SPLINE_CURVE_WITH_KNOTS('',3,(#664,#665,#666,#667,#668,#669,#670,#671,
#672,#673,#674,#675,#676,#677,#678,#679,#680),.UNSPECIFIED.,.F.,.F.,(4,1,1,1,1,
1,1,1,1,1,1,1,1,1,4),(0.E0,7.142857142857E-2,1.428571428571E-1,
2.142857142857E-1,2.857142857143E-1,3.571428571429E-1,4.285714285714E-1,5.E-1,
5.714285714286E-1,6.428571428571E-1,7.142857142857E-1,7.857142857143E-1,
8.571428571429E-1,9.285714285714E-1,1.E0),.UNSPECIFIED.);
#705=B_SPLINE_CURVE_WITH_KNOTS('',3,(#686,#687,#688,#689,#690,#691,#692,#693,
#694,#695,#696,#697,#698,#699,#700,#701,#702,#703,#704),.UNSPECIFIED.,.F.,.F.,
(4,1,1,1,1,1,1,1,1,1,1,1,1,1,1,1,4),(0.E0,6.25E-2,1.25E-1,1.875E-1,2.5E-1,
3.125E-1,3.75E-1,4.375E-1,5.E-1,5.625E-1,6.25E-1,6.875E-1,7.5E-1,8.125E-1,
8.75E-1,9.375E-1,1.E0),.UNSPECIFIED.);
#718=B_SPLINE_CURVE_WITH_KNOTS('',3,(#706,#707,#708,#709,#710,#711,#712,#713,
#714,#715,#716,#717),.UNSPECIFIED.,.F.,.F.,(4,1,1,1,1,1,1,1,1,4),(0.E0,
1.111111111111E-1,2.222222222222E-1,3.333333333333E-1,4.444444444444E-1,
5.555555555556E-1,6.666666666667E-1,7.777777777778E-1,8.888888888889E-1,1.E0),
.UNSPECIFIED.);
#723=CIRCLE('',#722,2.7305E0);
#735=B_SPLINE_CURVE_WITH_KNOTS('',3,(#724,#725,#726,#727,#728,#729,#730,#731,
#732,#733,#734),.UNSPECIFIED.,.F.,.F.,(4,1,1,1,1,1,1,1,4),(0.E0,1.25E-1,2.5E-1,
3.75E-1,5.E-1,6.25E-1,7.5E-1,8.75E-1,1.E0),.UNSPECIFIED.);
#744=CIRCLE('',#743,2.665E0);
#757=B_SPLINE_CURVE_WITH_KNOTS('',3,(#749,#750,#751,#752,#753,#754,#755,#756),
.UNSPECIFIED.,.F.,.F.,(4,1,1,1,1,4),(0.E0,2.E-1,4.E-1,6.E-1,8.E-1,1.E0),
.UNSPECIFIED.);
#801=B_SPLINE_CURVE_WITH_KNOTS('',3,(#758,#759,#760,#761,#762,#763,#764,#765,
#766,#767,#768,#769,#770,#771,#772,#773,#774,#775,#776,#777,#778,#779,#780,#781,
#782,#783,#784,#785,#786,#787,#788,#789,#790,#791,#792,#793,#794,#795,#796,#797,
#798,#799,#800),.UNSPECIFIED.,.F.,.F.,(4,1,1,1,1,1,1,1,1,1,1,1,1,1,1,1,1,1,1,1,
1,1,1,1,1,1,1,1,1,1,1,1,1,1,1,1,1,1,1,1,4),(0.E0,2.5E-2,5.E-2,7.5E-2,1.E-1,
1.25E-1,1.5E-1,1.75E-1,2.E-1,2.25E-1,2.5E-1,2.75E-1,3.E-1,3.25E-1,3.5E-1,
3.75E-1,4.E-1,4.25E-1,4.5E-1,4.75E-1,5.E-1,5.25E-1,5.5E-1,5.75E-1,6.E-1,6.25E-1,
6.5E-1,6.75E-1,7.E-1,7.25E-1,7.5E-1,7.75E-1,8.E-1,8.25E-1,8.5E-1,8.75E-1,9.E-1,
9.25E-1,9.5E-1,9.75E-1,1.E0),.UNSPECIFIED.);
#921=B_SPLINE_CURVE_WITH_KNOTS('',3,(#806,#807,#808,#809,#810,#811,#812,#813,
#814,#815,#816,#817,#818,#819,#820,#821,#822,#823,#824,#825,#826,#827,#828,#829,
#830,#831,#832,#833,#834,#835,#836,#837,#838,#839,#840,#841,#842,#843,#844,#845,
#846,#847,#848,#849,#850,#851,#852,#853,#854,#855,#856,#857,#858,#859,#860,#861,
#862,#863,#864,#865,#866,#867,#868,#869,#870,#871,#872,#873,#874,#875,#876,#877,
#878,#879,#880,#881,#882,#883,#884,#885,#886,#887,#888,#889,#890,#891,#892,#893,
#894,#895,#896,#897,#898,#899,#900,#901,#902,#903,#904,#905,#906,#907,#908,#909,
#910,#911,#912,#913,#914,#915,#916,#917,#918,#919,#920),.UNSPECIFIED.,.F.,.F.,
(4,1,1,1,1,1,1,1,1,1,1,1,1,1,1,1,1,1,1,1,1,1,1,1,1,1,1,1,1,1,1,1,1,1,1,1,1,1,1,
1,1,1,1,1,1,1,1,1,1,1,1,1,1,1,1,1,1,1,1,1,1,1,1,1,1,1,1,1,1,1,1,1,1,1,1,1,1,1,1,
1,1,1,1,1,1,1,1,1,1,1,1,1,1,1,1,1,1,1,1,1,1,1,1,1,1,1,1,1,1,1,1,1,4),(0.E0,
8.928571428571E-3,1.785714285714E-2,2.678571428571E-2,3.571428571429E-2,
4.464285714286E-2,5.357142857143E-2,6.25E-2,7.142857142857E-2,8.035714285714E-2,
8.928571428571E-2,9.821428571429E-2,1.071428571429E-1,1.160714285714E-1,1.25E-1,
1.339285714286E-1,1.428571428571E-1,1.517857142857E-1,1.607142857143E-1,
1.696428571429E-1,1.785714285714E-1,1.875E-1,1.964285714286E-1,
2.053571428571E-1,2.142857142857E-1,2.232142857143E-1,2.321428571429E-1,
2.410714285714E-1,2.5E-1,2.589285714286E-1,2.678571428571E-1,2.767857142857E-1,
2.857142857143E-1,2.946428571429E-1,3.035714285714E-1,3.125E-1,
3.214285714286E-1,3.303571428571E-1,3.392857142857E-1,3.482142857143E-1,
3.571428571429E-1,3.660714285714E-1,3.75E-1,3.839285714286E-1,3.928571428571E-1,
4.017857142857E-1,4.107142857143E-1,4.196428571429E-1,4.285714285714E-1,
4.375E-1,4.464285714286E-1,4.553571428571E-1,4.642857142857E-1,
4.732142857143E-1,4.821428571429E-1,4.910714285714E-1,5.E-1,5.089285714286E-1,
5.178571428571E-1,5.267857142857E-1,5.357142857143E-1,5.446428571429E-1,
5.535714285714E-1,5.625E-1,5.714285714286E-1,5.803571428571E-1,
5.892857142857E-1,5.982142857143E-1,6.071428571429E-1,6.160714285714E-1,6.25E-1,
6.339285714286E-1,6.428571428571E-1,6.517857142857E-1,6.607142857143E-1,
6.696428571429E-1,6.785714285714E-1,6.875E-1,6.964285714286E-1,
7.053571428571E-1,7.142857142857E-1,7.232142857143E-1,7.321428571429E-1,
7.410714285714E-1,7.5E-1,7.589285714286E-1,7.678571428571E-1,7.767857142857E-1,
7.857142857143E-1,7.946428571429E-1,8.035714285714E-1,8.125E-1,
8.214285714286E-1,8.303571428571E-1,8.392857142857E-1,8.482142857143E-1,
8.571428571429E-1,8.660714285714E-1,8.75E-1,8.839285714286E-1,8.928571428571E-1,
9.017857142857E-1,9.107142857143E-1,9.196428571429E-1,9.285714285714E-1,
9.375E-1,9.464285714286E-1,9.553571428571E-1,9.642857142857E-1,
9.732142857143E-1,9.821428571429E-1,9.910714285714E-1,1.E0),.UNSPECIFIED.);
#998=B_SPLINE_CURVE_WITH_KNOTS('',3,(#922,#923,#924,#925,#926,#927,#928,#929,
#930,#931,#932,#933,#934,#935,#936,#937,#938,#939,#940,#941,#942,#943,#944,#945,
#946,#947,#948,#949,#950,#951,#952,#953,#954,#955,#956,#957,#958,#959,#960,#961,
#962,#963,#964,#965,#966,#967,#968,#969,#970,#971,#972,#973,#974,#975,#976,#977,
#978,#979,#980,#981,#982,#983,#984,#985,#986,#987,#988,#989,#990,#991,#992,#993,
#994,#995,#996,#997),.UNSPECIFIED.,.F.,.F.,(4,1,1,1,1,1,1,1,1,1,1,1,1,1,1,1,1,1,
1,1,1,1,1,1,1,1,1,1,1,1,1,1,1,1,1,1,1,1,1,1,1,1,1,1,1,1,1,1,1,1,1,1,1,1,1,1,1,1,
1,1,1,1,1,1,1,1,1,1,1,1,1,1,1,4),(0.E0,1.369863013699E-2,2.739726027397E-2,
4.109589041096E-2,5.479452054795E-2,6.849315068493E-2,8.219178082192E-2,
9.589041095890E-2,1.095890410959E-1,1.232876712329E-1,1.369863013699E-1,
1.506849315068E-1,1.643835616438E-1,1.780821917808E-1,1.917808219178E-1,
2.054794520548E-1,2.191780821918E-1,2.328767123288E-1,2.465753424658E-1,
2.602739726027E-1,2.739726027397E-1,2.876712328767E-1,3.013698630137E-1,
3.150684931507E-1,3.287671232877E-1,3.424657534247E-1,3.561643835616E-1,
3.698630136986E-1,3.835616438356E-1,3.972602739726E-1,4.109589041096E-1,
4.246575342466E-1,4.383561643836E-1,4.520547945205E-1,4.657534246575E-1,
4.794520547945E-1,4.931506849315E-1,5.068493150685E-1,5.205479452055E-1,
5.342465753425E-1,5.479452054795E-1,5.616438356164E-1,5.753424657534E-1,
5.890410958904E-1,6.027397260274E-1,6.164383561644E-1,6.301369863014E-1,
6.438356164384E-1,6.575342465753E-1,6.712328767123E-1,6.849315068493E-1,
6.986301369863E-1,7.123287671233E-1,7.260273972603E-1,7.397260273973E-1,
7.534246575342E-1,7.671232876712E-1,7.808219178082E-1,7.945205479452E-1,
8.082191780822E-1,8.219178082192E-1,8.356164383562E-1,8.493150684932E-1,
8.630136986301E-1,8.767123287671E-1,8.904109589041E-1,9.041095890411E-1,
9.178082191781E-1,9.315068493151E-1,9.452054794521E-1,9.589041095890E-1,
9.726027397260E-1,9.863013698630E-1,1.E0),.UNSPECIFIED.);
#1068=B_SPLINE_CURVE_WITH_KNOTS('',3,(#1003,#1004,#1005,#1006,#1007,#1008,#1009,
#1010,#1011,#1012,#1013,#1014,#1015,#1016,#1017,#1018,#1019,#1020,#1021,#1022,
#1023,#1024,#1025,#1026,#1027,#1028,#1029,#1030,#1031,#1032,#1033,#1034,#1035,
#1036,#1037,#1038,#1039,#1040,#1041,#1042,#1043,#1044,#1045,#1046,#1047,#1048,
#1049,#1050,#1051,#1052,#1053,#1054,#1055,#1056,#1057,#1058,#1059,#1060,#1061,
#1062,#1063,#1064,#1065,#1066,#1067),.UNSPECIFIED.,.F.,.F.,(4,1,1,1,1,1,1,1,1,1,
1,1,1,1,1,1,1,1,1,1,1,1,1,1,1,1,1,1,1,1,1,1,1,1,1,1,1,1,1,1,1,1,1,1,1,1,1,1,1,1,
1,1,1,1,1,1,1,1,1,1,1,1,4),(0.E0,1.612903225806E-2,3.225806451613E-2,
4.838709677419E-2,6.451612903226E-2,8.064516129032E-2,9.677419354839E-2,
1.129032258065E-1,1.290322580645E-1,1.451612903226E-1,1.612903225806E-1,
1.774193548387E-1,1.935483870968E-1,2.096774193548E-1,2.258064516129E-1,
2.419354838710E-1,2.580645161290E-1,2.741935483871E-1,2.903225806452E-1,
3.064516129032E-1,3.225806451613E-1,3.387096774194E-1,3.548387096774E-1,
3.709677419355E-1,3.870967741935E-1,4.032258064516E-1,4.193548387097E-1,
4.354838709677E-1,4.516129032258E-1,4.677419354839E-1,4.838709677419E-1,5.E-1,
5.161290322581E-1,5.322580645161E-1,5.483870967742E-1,5.645161290323E-1,
5.806451612903E-1,5.967741935484E-1,6.129032258065E-1,6.290322580645E-1,
6.451612903226E-1,6.612903225806E-1,6.774193548387E-1,6.935483870968E-1,
7.096774193548E-1,7.258064516129E-1,7.419354838710E-1,7.580645161290E-1,
7.741935483871E-1,7.903225806452E-1,8.064516129032E-1,8.225806451613E-1,
8.387096774194E-1,8.548387096774E-1,8.709677419355E-1,8.870967741935E-1,
9.032258064516E-1,9.193548387097E-1,9.354838709677E-1,9.516129032258E-1,
9.677419354839E-1,9.838709677419E-1,1.E0),.UNSPECIFIED.);
#1101=B_SPLINE_CURVE_WITH_KNOTS('',3,(#1077,#1078,#1079,#1080,#1081,#1082,#1083,
#1084,#1085,#1086,#1087,#1088,#1089,#1090,#1091,#1092,#1093,#1094,#1095,#1096,
#1097,#1098,#1099,#1100),.UNSPECIFIED.,.F.,.F.,(4,1,1,1,1,1,1,1,1,1,1,1,1,1,1,1,
1,1,1,1,1,4),(0.E0,4.761904761905E-2,9.523809523810E-2,1.428571428571E-1,
1.904761904762E-1,2.380952380952E-1,2.857142857143E-1,3.333333333333E-1,
3.809523809524E-1,4.285714285714E-1,4.761904761905E-1,5.238095238095E-1,
5.714285714286E-1,6.190476190476E-1,6.666666666667E-1,7.142857142857E-1,
7.619047619048E-1,8.095238095238E-1,8.571428571429E-1,9.047619047619E-1,
9.523809523810E-1,1.E0),.UNSPECIFIED.);
#1134=B_SPLINE_CURVE_WITH_KNOTS('',3,(#1110,#1111,#1112,#1113,#1114,#1115,#1116,
#1117,#1118,#1119,#1120,#1121,#1122,#1123,#1124,#1125,#1126,#1127,#1128,#1129,
#1130,#1131,#1132,#1133),.UNSPECIFIED.,.F.,.F.,(4,1,1,1,1,1,1,1,1,1,1,1,1,1,1,1,
1,1,1,1,1,4),(0.E0,4.761904761905E-2,9.523809523810E-2,1.428571428571E-1,
1.904761904762E-1,2.380952380952E-1,2.857142857143E-1,3.333333333333E-1,
3.809523809524E-1,4.285714285714E-1,4.761904761905E-1,5.238095238095E-1,
5.714285714286E-1,6.190476190476E-1,6.666666666667E-1,7.142857142857E-1,
7.619047619048E-1,8.095238095238E-1,8.571428571429E-1,9.047619047619E-1,
9.523809523810E-1,1.E0),.UNSPECIFIED.);
#1139=CIRCLE('',#1138,2.665E0);
#1144=CIRCLE('',#1143,2.665E0);
#1153=CIRCLE('',#1152,2.563E0);
#1158=CIRCLE('',#1157,2.563E0);
#1163=CIRCLE('',#1162,2.425E0);
#1168=CIRCLE('',#1167,2.425E0);
#1177=CIRCLE('',#1176,2.665E0);
#1198=CIRCLE('',#1197,2.325E0);
#1207=CIRCLE('',#1206,2.325E0);
#1216=CIRCLE('',#1215,2.325E0);
#1221=CIRCLE('',#1220,2.325E0);
#1226=CIRCLE('',#1225,2.15E0);
#1231=CIRCLE('',#1230,2.15E0);
#1236=CIRCLE('',#1235,2.05E0);
#1261=CIRCLE('',#1260,2.05E0);
#1270=CIRCLE('',#1269,6.25E-1);
#1279=CIRCLE('',#1278,6.25E-1);
#1296=CIRCLE('',#1295,5.75E-1);
#1303=B_SPLINE_CURVE_WITH_KNOTS('',3,(#1297,#1298,#1299,#1300,#1301,#1302),
.UNSPECIFIED.,.F.,.F.,(4,1,1,4),(0.E0,3.333333333333E-1,6.666666666667E-1,1.E0),
.UNSPECIFIED.);
#1310=B_SPLINE_CURVE_WITH_KNOTS('',3,(#1304,#1305,#1306,#1307,#1308,#1309),
.UNSPECIFIED.,.F.,.F.,(4,1,1,4),(0.E0,3.333333333333E-1,6.666666666667E-1,1.E0),
.UNSPECIFIED.);
#1315=CIRCLE('',#1314,6.25E-1);
#1324=CIRCLE('',#1323,6.25E-1);
#1343=B_SPLINE_CURVE_WITH_KNOTS('',3,(#1337,#1338,#1339,#1340,#1341,#1342),
.UNSPECIFIED.,.F.,.F.,(4,1,1,4),(0.E0,3.333333333333E-1,6.666666666667E-1,1.E0),
.UNSPECIFIED.);
#1348=CIRCLE('',#1347,5.75E-1);
#1355=B_SPLINE_CURVE_WITH_KNOTS('',3,(#1349,#1350,#1351,#1352,#1353,#1354),
.UNSPECIFIED.,.F.,.F.,(4,1,1,4),(0.E0,3.333333333333E-1,6.666666666667E-1,1.E0),
.UNSPECIFIED.);
#1360=CIRCLE('',#1359,4.75E-1);
#1369=CIRCLE('',#1368,4.75E-1);
#1374=CIRCLE('',#1373,4.75E-1);
#1379=CIRCLE('',#1378,4.75E-1);
#1388=CIRCLE('',#1387,4.75E-1);
#1397=CIRCLE('',#1396,4.75E-1);
#1406=CIRCLE('',#1405,4.75E-1);
#1415=CIRCLE('',#1414,4.75E-1);
#1452=B_SPLINE_CURVE_WITH_KNOTS('',3,(#1428,#1429,#1430,#1431,#1432,#1433,#1434,
#1435,#1436,#1437,#1438,#1439,#1440,#1441,#1442,#1443,#1444,#1445,#1446,#1447,
#1448,#1449,#1450,#1451),.UNSPECIFIED.,.F.,.F.,(4,1,1,1,1,1,1,1,1,1,1,1,1,1,1,1,
1,1,1,1,1,4),(0.E0,4.761904761905E-2,9.523809523810E-2,1.428571428571E-1,
1.904761904762E-1,2.380952380952E-1,2.857142857143E-1,3.333333333333E-1,
3.809523809524E-1,4.285714285714E-1,4.761904761905E-1,5.238095238095E-1,
5.714285714286E-1,6.190476190476E-1,6.666666666667E-1,7.142857142857E-1,
7.619047619048E-1,8.095238095238E-1,8.571428571429E-1,9.047619047619E-1,
9.523809523810E-1,1.E0),.UNSPECIFIED.);
#1476=B_SPLINE_CURVE_WITH_KNOTS('',3,(#1453,#1454,#1455,#1456,#1457,#1458,#1459,
#1460,#1461,#1462,#1463,#1464,#1465,#1466,#1467,#1468,#1469,#1470,#1471,#1472,
#1473,#1474,#1475),.UNSPECIFIED.,.F.,.F.,(4,1,1,1,1,1,1,1,1,1,1,1,1,1,1,1,1,1,1,
1,4),(0.E0,5.E-2,1.E-1,1.5E-1,2.E-1,2.5E-1,3.E-1,3.5E-1,4.E-1,4.5E-1,5.E-1,
5.5E-1,6.E-1,6.5E-1,7.E-1,7.5E-1,8.E-1,8.5E-1,9.E-1,9.5E-1,1.E0),.UNSPECIFIED.);
#1483=B_SPLINE_CURVE_WITH_KNOTS('',3,(#1477,#1478,#1479,#1480,#1481,#1482),
.UNSPECIFIED.,.F.,.F.,(4,1,1,4),(0.E0,3.333333333333E-1,6.666666666667E-1,1.E0),
.UNSPECIFIED.);
#1508=B_SPLINE_CURVE_WITH_KNOTS('',3,(#1484,#1485,#1486,#1487,#1488,#1489,#1490,
#1491,#1492,#1493,#1494,#1495,#1496,#1497,#1498,#1499,#1500,#1501,#1502,#1503,
#1504,#1505,#1506,#1507),.UNSPECIFIED.,.F.,.F.,(4,1,1,1,1,1,1,1,1,1,1,1,1,1,1,1,
1,1,1,1,1,4),(0.E0,4.761904761905E-2,9.523809523810E-2,1.428571428571E-1,
1.904761904762E-1,2.380952380952E-1,2.857142857143E-1,3.333333333333E-1,
3.809523809524E-1,4.285714285714E-1,4.761904761905E-1,5.238095238095E-1,
5.714285714286E-1,6.190476190476E-1,6.666666666667E-1,7.142857142857E-1,
7.619047619048E-1,8.095238095238E-1,8.571428571429E-1,9.047619047619E-1,
9.523809523810E-1,1.E0),.UNSPECIFIED.);
#1537=B_SPLINE_CURVE_WITH_KNOTS('',3,(#1513,#1514,#1515,#1516,#1517,#1518,#1519,
#1520,#1521,#1522,#1523,#1524,#1525,#1526,#1527,#1528,#1529,#1530,#1531,#1532,
#1533,#1534,#1535,#1536),.UNSPECIFIED.,.F.,.F.,(4,1,1,1,1,1,1,1,1,1,1,1,1,1,1,1,
1,1,1,1,1,4),(0.E0,4.761904761905E-2,9.523809523810E-2,1.428571428571E-1,
1.904761904762E-1,2.380952380952E-1,2.857142857143E-1,3.333333333333E-1,
3.809523809524E-1,4.285714285714E-1,4.761904761905E-1,5.238095238095E-1,
5.714285714286E-1,6.190476190476E-1,6.666666666667E-1,7.142857142857E-1,
7.619047619048E-1,8.095238095238E-1,8.571428571429E-1,9.047619047619E-1,
9.523809523810E-1,1.E0),.UNSPECIFIED.);
#1566=B_SPLINE_CURVE_WITH_KNOTS('',3,(#1542,#1543,#1544,#1545,#1546,#1547,#1548,
#1549,#1550,#1551,#1552,#1553,#1554,#1555,#1556,#1557,#1558,#1559,#1560,#1561,
#1562,#1563,#1564,#1565),.UNSPECIFIED.,.F.,.F.,(4,1,1,1,1,1,1,1,1,1,1,1,1,1,1,1,
1,1,1,1,1,4),(0.E0,4.761904761905E-2,9.523809523810E-2,1.428571428571E-1,
1.904761904762E-1,2.380952380952E-1,2.857142857143E-1,3.333333333333E-1,
3.809523809524E-1,4.285714285714E-1,4.761904761905E-1,5.238095238095E-1,
5.714285714286E-1,6.190476190476E-1,6.666666666667E-1,7.142857142857E-1,
7.619047619048E-1,8.095238095238E-1,8.571428571429E-1,9.047619047619E-1,
9.523809523810E-1,1.E0),.UNSPECIFIED.);
#1595=B_SPLINE_CURVE_WITH_KNOTS('',3,(#1571,#1572,#1573,#1574,#1575,#1576,#1577,
#1578,#1579,#1580,#1581,#1582,#1583,#1584,#1585,#1586,#1587,#1588,#1589,#1590,
#1591,#1592,#1593,#1594),.UNSPECIFIED.,.F.,.F.,(4,1,1,1,1,1,1,1,1,1,1,1,1,1,1,1,
1,1,1,1,1,4),(0.E0,4.761904761905E-2,9.523809523810E-2,1.428571428571E-1,
1.904761904762E-1,2.380952380952E-1,2.857142857143E-1,3.333333333333E-1,
3.809523809524E-1,4.285714285714E-1,4.761904761905E-1,5.238095238095E-1,
5.714285714286E-1,6.190476190476E-1,6.666666666667E-1,7.142857142857E-1,
7.619047619048E-1,8.095238095238E-1,8.571428571429E-1,9.047619047619E-1,
9.523809523810E-1,1.E0),.UNSPECIFIED.);
#1604=CIRCLE('',#1603,3.85E-1);
#1613=CIRCLE('',#1612,3.85E-1);
#1630=CIRCLE('',#1629,2.85E-1);
#1635=CIRCLE('',#1634,2.85E-1);
#1815=EDGE_CURVE('',#1742,#1743,#4,.T.);
#1817=EDGE_CURVE('',#1643,#1743,#120,.T.);
#1819=EDGE_CURVE('',#1642,#1643,#8,.T.);
#1821=EDGE_CURVE('',#1734,#1642,#12,.T.);
#1823=EDGE_CURVE('',#1734,#1735,#16,.T.);
#1825=EDGE_CURVE('',#1639,#1735,#20,.T.);
#1827=EDGE_CURVE('',#1638,#1639,#24,.T.);
#1829=EDGE_CURVE('',#1742,#1638,#61,.T.);
#1833=EDGE_CURVE('',#1792,#1793,#29,.T.);
#1835=EDGE_CURVE('',#1793,#1792,#34,.T.);
#1845=EDGE_CURVE('',#1747,#1745,#38,.T.);
#1847=EDGE_CURVE('',#1745,#1743,#106,.T.);
#1850=EDGE_CURVE('',#1747,#1742,#56,.T.);
#1861=EDGE_CURVE('',#1646,#1747,#70,.T.);
#1863=EDGE_CURVE('',#1646,#1647,#74,.T.);
#1865=EDGE_CURVE('',#1647,#1737,#82,.T.);
#1867=EDGE_CURVE('',#1739,#1737,#42,.T.);
#1869=EDGE_CURVE('',#1739,#1650,#94,.T.);
#1871=EDGE_CURVE('',#1650,#1651,#98,.T.);
#1873=EDGE_CURVE('',#1745,#1651,#111,.T.);
#1877=EDGE_CURVE('',#1655,#1659,#47,.T.);
#1879=EDGE_CURVE('',#1655,#1659,#52,.T.);
#1891=EDGE_CURVE('',#1646,#1638,#65,.T.);
#1905=EDGE_CURVE('',#1647,#1639,#86,.T.);
#1915=EDGE_CURVE('',#1737,#1735,#78,.T.);
#1931=EDGE_CURVE('',#1739,#1734,#90,.T.);
#1943=EDGE_CURVE('',#1650,#1642,#102,.T.);
#1957=EDGE_CURVE('',#1651,#1643,#115,.T.);
#1979=EDGE_CURVE('',#1654,#1655,#124,.T.);
#1981=EDGE_CURVE('',#1654,#1658,#129,.T.);
#1983=EDGE_CURVE('',#1658,#1659,#133,.T.);
#1997=EDGE_CURVE('',#1654,#1658,#138,.T.);
#2007=EDGE_CURVE('',#1708,#1709,#211,.T.);
#2009=EDGE_CURVE('',#1715,#1708,#151,.T.);
#2011=EDGE_CURVE('',#1714,#1715,#156,.T.);
#2013=EDGE_CURVE('',#1711,#1714,#166,.T.);
#2015=EDGE_CURVE('',#1711,#1654,#1076,.T.);
#2018=EDGE_CURVE('',#1713,#1658,#1105,.T.);
#2020=EDGE_CURVE('',#1709,#1713,#178,.T.);
#2030=EDGE_CURVE('',#1697,#1708,#206,.T.);
#2033=EDGE_CURVE('',#1709,#1694,#244,.T.);
#2035=EDGE_CURVE('',#1694,#1697,#248,.T.);
#2182=EDGE_CURVE('',#1696,#1697,#301,.T.);
#2184=EDGE_CURVE('',#1695,#1696,#1595,.T.);
#2186=EDGE_CURVE('',#1693,#1695,#1483,.T.);
#2188=EDGE_CURVE('',#1693,#1678,#252,.T.);
#2190=EDGE_CURVE('',#1678,#1715,#998,.T.);
#2201=EDGE_CURVE('',#1686,#1687,#276,.T.);
#2203=EDGE_CURVE('',#1686,#1696,#1599,.T.);
#2207=EDGE_CURVE('',#1687,#1694,#308,.T.);
#2353=EDGE_CURVE('',#1682,#1683,#453,.T.);
#2355=EDGE_CURVE('',#1683,#1684,#1508,.T.);
#2357=EDGE_CURVE('',#1684,#1685,#1452,.T.);
#2359=EDGE_CURVE('',#1685,#1686,#1566,.T.);
#2362=EDGE_CURVE('',#1679,#1687,#1072,.T.);
#2364=EDGE_CURVE('',#1675,#1679,#424,.T.);
#2366=EDGE_CURVE('',#1675,#1699,#428,.T.);
#2368=EDGE_CURVE('',#1699,#1682,#541,.T.);
#2379=EDGE_CURVE('',#1682,#1690,#523,.T.);
#2381=EDGE_CURVE('',#1690,#1691,#478,.T.);
#2383=EDGE_CURVE('',#1683,#1691,#1512,.T.);
#2393=EDGE_CURVE('',#1681,#1699,#490,.T.);
#2395=EDGE_CURVE('',#1681,#1689,#494,.T.);
#2397=EDGE_CURVE('',#1689,#1690,#519,.T.);
#2481=EDGE_CURVE('',#1680,#1681,#621,.T.);
#2485=EDGE_CURVE('',#1703,#1675,#596,.T.);
#2487=EDGE_CURVE('',#1703,#1698,#718,.T.);
#2489=EDGE_CURVE('',#1698,#1680,#705,.T.);
#2500=EDGE_CURVE('',#1680,#1688,#685,.T.);
#2502=EDGE_CURVE('',#1688,#1689,#646,.T.);
#2513=EDGE_CURVE('',#1698,#1704,#651,.T.);
#2515=EDGE_CURVE('',#1704,#1700,#663,.T.);
#2517=EDGE_CURVE('',#1700,#1688,#681,.T.);
#2530=EDGE_CURVE('',#1705,#1703,#723,.T.);
#2532=EDGE_CURVE('',#1702,#1705,#735,.T.);
#2534=EDGE_CURVE('',#1662,#1702,#739,.T.);
#2536=EDGE_CURVE('',#1662,#1663,#744,.T.);
#2538=EDGE_CURVE('',#1663,#1701,#748,.T.);
#2540=EDGE_CURVE('',#1704,#1701,#757,.T.);
#2625=EDGE_CURVE('',#1674,#1675,#805,.T.);
#2627=EDGE_CURVE('',#1705,#1674,#801,.T.);
#2775=EDGE_CURVE('',#1678,#1679,#1002,.T.);
#2777=EDGE_CURVE('',#1674,#1678,#921,.T.);
#2923=EDGE_CURVE('',#1679,#1714,#1068,.T.);
#3010=EDGE_CURVE('',#1713,#1711,#1101,.T.);
#3174=EDGE_CURVE('',#1700,#1674,#1109,.T.);
#3178=EDGE_CURVE('',#1692,#1693,#1476,.T.);
#3180=EDGE_CURVE('',#1691,#1692,#1537,.T.);
#3266=EDGE_CURVE('',#1701,#1702,#1134,.T.);
#3281=EDGE_CURVE('',#1662,#1663,#1139,.T.);
#3292=EDGE_CURVE('',#1670,#1671,#1144,.T.);
#3294=EDGE_CURVE('',#1671,#1662,#1185,.T.);
#3297=EDGE_CURVE('',#1670,#1663,#1181,.T.);
#3307=EDGE_CURVE('',#1666,#1667,#1153,.T.);
#3309=EDGE_CURVE('',#1667,#1671,#1172,.T.);
#3312=EDGE_CURVE('',#1666,#1670,#1148,.T.);
#3323=EDGE_CURVE('',#1667,#1666,#1158,.T.);
#3327=EDGE_CURVE('',#1726,#1727,#1163,.T.);
#3329=EDGE_CURVE('',#1727,#1726,#1168,.T.);
#3341=EDGE_CURVE('',#1671,#1670,#1177,.T.);
#3365=EDGE_CURVE('',#1727,#1731,#1193,.T.);
#3367=EDGE_CURVE('',#1730,#1731,#1216,.T.);
#3369=EDGE_CURVE('',#1726,#1730,#1189,.T.);
#3381=EDGE_CURVE('',#1731,#1730,#1198,.T.);
#3393=EDGE_CURVE('',#1718,#1730,#1202,.T.);
#3395=EDGE_CURVE('',#1718,#1719,#1207,.T.);
#3397=EDGE_CURVE('',#1719,#1731,#1211,.T.);
#3409=EDGE_CURVE('',#1718,#1719,#1221,.T.);
#3424=EDGE_CURVE('',#1722,#1723,#1226,.T.);
#3426=EDGE_CURVE('',#1723,#1722,#1231,.T.);
#3436=EDGE_CURVE('',#1750,#1751,#1236,.T.);
#3438=EDGE_CURVE('',#1751,#1723,#1265,.T.);
#3441=EDGE_CURVE('',#1750,#1722,#1240,.T.);
#3452=EDGE_CURVE('',#1751,#1750,#1261,.T.);
#3456=EDGE_CURVE('',#1799,#1801,#1279,.T.);
#3458=EDGE_CURVE('',#1779,#1801,#1244,.T.);
#3460=EDGE_CURVE('',#1781,#1779,#1348,.T.);
#3462=EDGE_CURVE('',#1809,#1781,#1248,.T.);
#3464=EDGE_CURVE('',#1807,#1809,#1324,.T.);
#3466=EDGE_CURVE('',#1807,#1780,#1252,.T.);
#3468=EDGE_CURVE('',#1778,#1780,#1296,.T.);
#3470=EDGE_CURVE('',#1778,#1799,#1256,.T.);
#3492=EDGE_CURVE('',#1796,#1797,#1270,.T.);
#3494=EDGE_CURVE('',#1797,#1801,#1274,.T.);
#3497=EDGE_CURVE('',#1796,#1799,#1283,.T.);
#3508=EDGE_CURVE('',#1796,#1764,#1287,.T.);
#3510=EDGE_CURVE('',#1764,#1765,#1360,.T.);
#3512=EDGE_CURVE('',#1765,#1797,#1291,.T.);
#3524=EDGE_CURVE('',#1767,#1778,#1310,.T.);
#3526=EDGE_CURVE('',#1764,#1767,#1364,.T.);
#3538=EDGE_CURVE('',#1780,#1775,#1303,.T.);
#3540=EDGE_CURVE('',#1759,#1775,#1415,.T.);
#3542=EDGE_CURVE('',#1767,#1759,#1369,.T.);
#3553=EDGE_CURVE('',#1805,#1807,#1319,.T.);
#3555=EDGE_CURVE('',#1773,#1805,#1336,.T.);
#3557=EDGE_CURVE('',#1773,#1775,#1419,.T.);
#3569=EDGE_CURVE('',#1804,#1805,#1315,.T.);
#3573=EDGE_CURVE('',#1804,#1809,#1328,.T.);
#3584=EDGE_CURVE('',#1804,#1772,#1332,.T.);
#3586=EDGE_CURVE('',#1772,#1773,#1388,.T.);
#3599=EDGE_CURVE('',#1777,#1781,#1343,.T.);
#3601=EDGE_CURVE('',#1772,#1777,#1392,.T.);
#3612=EDGE_CURVE('',#1761,#1769,#1379,.T.);
#3614=EDGE_CURVE('',#1777,#1761,#1397,.T.);
#3618=EDGE_CURVE('',#1779,#1769,#1355,.T.);
#3631=EDGE_CURVE('',#1755,#1759,#1410,.T.);
#3633=EDGE_CURVE('',#1755,#1757,#1374,.T.);
#3635=EDGE_CURVE('',#1757,#1761,#1401,.T.);
#3638=EDGE_CURVE('',#1765,#1769,#1383,.T.);
#3652=EDGE_CURVE('',#1755,#1757,#1406,.T.);
#3665=EDGE_CURVE('',#1754,#1755,#1423,.T.);
#3668=EDGE_CURVE('',#1754,#1757,#1427,.T.);
#3703=EDGE_CURVE('',#1684,#1692,#1541,.T.);
#3707=EDGE_CURVE('',#1685,#1695,#1570,.T.);
#3742=EDGE_CURVE('',#1784,#1792,#1617,.T.);
#3744=EDGE_CURVE('',#1785,#1784,#1604,.T.);
#3746=EDGE_CURVE('',#1785,#1793,#1608,.T.);
#3758=EDGE_CURVE('',#1784,#1785,#1613,.T.);
#3770=EDGE_CURVE('',#1785,#1789,#1625,.T.);
#3772=EDGE_CURVE('',#1788,#1789,#1630,.T.);
#3774=EDGE_CURVE('',#1784,#1788,#1621,.T.);
#3786=EDGE_CURVE('',#1789,#1788,#1635,.T.);
#3804=(LENGTH_UNIT()NAMED_UNIT(*)SI_UNIT(.MILLI.,.METRE.));
#3806=(NAMED_UNIT(*)PLANE_ANGLE_UNIT()SI_UNIT($,.RADIAN.));
#3809=(NAMED_UNIT(*)SI_UNIT($,.STERADIAN.)SOLID_ANGLE_UNIT());
#3812=ADVANCED_BREP_SHAPE_REPRESENTATION('',(#3803),#3811);
#3819=PRODUCT_DEFINITION('design','',#3818,#3815);
#3820=PRODUCT_DEFINITION_SHAPE('','SHAPE FOR 132372_SW0002.',#3819);
#3821=SHAPE_DEFINITION_REPRESENTATION(#3820,#3812);
ENDSEC;
END-ISO-10303-21;
