ISO-10303-21;
HEADER;
FILE_DESCRIPTION((''),'2;1');
FILE_NAME('901-10511-2_SW0001','2018-02-21T',('Kaviyarasan'),(''),
'CREO PARAMETRIC BY PTC INC, 2017020','CREO PARAMETRIC BY PTC INC, 2017020','');
FILE_SCHEMA(('CONFIG_CONTROL_DESIGN'));
ENDSEC;
DATA;
#1=CARTESIAN_POINT('',(3.937007874016E-3,0.E0,0.E0));
#2=DIRECTION('',(-1.E0,0.E0,0.E0));
#3=DIRECTION('',(0.E0,-1.E0,0.E0));
#4=AXIS2_PLACEMENT_3D('',#1,#2,#3);
#6=DIRECTION('',(-7.071067811865E-1,-7.071067811865E-1,7.883404387384E-10));
#7=VECTOR('',#6,5.567769927704E-3);
#8=CARTESIAN_POINT('',(3.937007879262E-3,-9.153543306562E-2,
1.123500072023E-11));
#9=LINE('',#8,#7);
#10=DIRECTION('',(-7.071067811865E-1,7.071067811865E-1,-7.883411914570E-10));
#11=VECTOR('',#10,5.567769927704E-3);
#12=CARTESIAN_POINT('',(3.937007879262E-3,9.153543306562E-2,
-1.123499336021E-11));
#13=LINE('',#12,#11);
#14=CARTESIAN_POINT('',(3.937007874016E-3,0.E0,0.E0));
#15=DIRECTION('',(-1.E0,0.E0,0.E0));
#16=DIRECTION('',(0.E0,1.E0,0.E0));
#17=AXIS2_PLACEMENT_3D('',#14,#15,#16);
#19=DIRECTION('',(1.E0,7.280452010294E-11,1.559052781854E-10));
#20=VECTOR('',#19,7.206299212074E-2);
#21=CARTESIAN_POINT('',(3.937007879262E-3,9.153543306562E-2,
-1.123499336022E-11));
#22=LINE('',#21,#20);
#23=DIRECTION('',(1.E0,-7.280452010294E-11,-1.559053803184E-10));
#24=VECTOR('',#23,7.206299212074E-2);
#25=CARTESIAN_POINT('',(3.937007879262E-3,-9.153543306562E-2,
1.123500072023E-11));
#26=LINE('',#25,#24);
#27=CARTESIAN_POINT('',(7.6E-2,0.E0,0.E0));
#28=DIRECTION('',(-1.E0,0.E0,0.E0));
#29=DIRECTION('',(0.E0,1.E0,0.E0));
#30=AXIS2_PLACEMENT_3D('',#27,#28,#29);
#32=CARTESIAN_POINT('',(7.6E-2,0.E0,0.E0));
#33=DIRECTION('',(1.E0,0.E0,0.E0));
#34=DIRECTION('',(0.E0,1.E0,0.E0));
#35=AXIS2_PLACEMENT_3D('',#32,#33,#34);
#37=CARTESIAN_POINT('',(7.6E-2,0.E0,0.E0));
#38=DIRECTION('',(-1.E0,0.E0,0.E0));
#39=DIRECTION('',(0.E0,-1.E0,0.E0));
#40=AXIS2_PLACEMENT_3D('',#37,#38,#39);
#42=CARTESIAN_POINT('',(7.6E-2,0.E0,0.E0));
#43=DIRECTION('',(-1.E0,0.E0,0.E0));
#44=DIRECTION('',(0.E0,1.E0,0.E0));
#45=AXIS2_PLACEMENT_3D('',#42,#43,#44);
#47=DIRECTION('',(-7.071067811865E-1,-7.071067811865E-1,9.009301483028E-10));
#48=VECTOR('',#47,5.567769925947E-3);
#49=CARTESIAN_POINT('',(7.993700788226E-2,-7.933070865318E-2,
1.255598363543E-11));
#50=LINE('',#49,#48);
#51=CARTESIAN_POINT('',(8.308661417323E-2,0.E0,0.E0));
#52=DIRECTION('',(-1.E0,0.E0,0.E0));
#53=DIRECTION('',(0.E0,-1.E0,0.E0));
#54=AXIS2_PLACEMENT_3D('',#51,#52,#53);
#56=CARTESIAN_POINT('',(7.993700787402E-2,0.E0,0.E0));
#57=DIRECTION('',(-1.E0,0.E0,0.E0));
#58=DIRECTION('',(0.E0,-1.E0,0.E0));
#59=AXIS2_PLACEMENT_3D('',#56,#57,#58);
#61=CARTESIAN_POINT('',(8.308661417323E-2,0.E0,0.E0));
#62=DIRECTION('',(-1.E0,0.E0,0.E0));
#63=DIRECTION('',(0.E0,0.E0,-1.E0));
#64=AXIS2_PLACEMENT_3D('',#61,#62,#63);
#66=DIRECTION('',(0.E0,0.E0,-1.E0));
#67=VECTOR('',#66,2.366741364398E-3);
#68=CARTESIAN_POINT('',(8.308661417323E-2,-4.921259842520E-3,
-2.249957805076E-2));
#69=LINE('',#68,#67);
#70=DIRECTION('',(0.E0,0.E0,-1.E0));
#71=VECTOR('',#70,2.366741364398E-3);
#72=CARTESIAN_POINT('',(8.308661417323E-2,-4.921259842520E-3,
2.486631941515E-2));
#73=LINE('',#72,#71);
#74=CARTESIAN_POINT('',(8.308661417323E-2,0.E0,0.E0));
#75=DIRECTION('',(-1.E0,0.E0,0.E0));
#76=DIRECTION('',(0.E0,-1.941430912240E-1,9.809732209036E-1));
#77=AXIS2_PLACEMENT_3D('',#74,#75,#76);
#79=CARTESIAN_POINT('',(8.308661417323E-2,0.E0,0.E0));
#80=DIRECTION('',(-1.E0,0.E0,0.E0));
#81=DIRECTION('',(0.E0,0.E0,1.E0));
#82=AXIS2_PLACEMENT_3D('',#79,#80,#81);
#84=DIRECTION('',(0.E0,0.E0,-1.E0));
#85=VECTOR('',#84,2.366741364398E-3);
#86=CARTESIAN_POINT('',(8.308661417323E-2,4.921259842520E-3,2.486631941515E-2));
#87=LINE('',#86,#85);
#88=DIRECTION('',(0.E0,0.E0,-1.E0));
#89=VECTOR('',#88,2.366741364398E-3);
#90=CARTESIAN_POINT('',(8.308661417323E-2,4.921259842520E-3,
-2.249957805076E-2));
#91=LINE('',#90,#89);
#92=CARTESIAN_POINT('',(8.308661417323E-2,0.E0,0.E0));
#93=DIRECTION('',(-1.E0,0.E0,0.E0));
#94=DIRECTION('',(0.E0,1.941430912240E-1,-9.809732209036E-1));
#95=AXIS2_PLACEMENT_3D('',#92,#93,#94);
#97=CARTESIAN_POINT('',(8.308661417323E-2,0.E0,0.E0));
#98=DIRECTION('',(-1.E0,0.E0,0.E0));
#99=DIRECTION('',(0.E0,1.E0,0.E0));
#100=AXIS2_PLACEMENT_3D('',#97,#98,#99);
#102=DIRECTION('',(1.E0,-2.616210692435E-9,-3.986529981758E-9));
#103=VECTOR('',#102,3.149606290973E-3);
#104=CARTESIAN_POINT('',(7.993700788226E-2,-7.933070865318E-2,
1.255598363543E-11));
#105=LINE('',#104,#103);
#106=CARTESIAN_POINT('',(7.993700787402E-2,0.E0,0.E0));
#107=DIRECTION('',(-1.E0,0.E0,0.E0));
#108=DIRECTION('',(0.E0,1.E0,0.E0));
#109=AXIS2_PLACEMENT_3D('',#106,#107,#108);
#111=DIRECTION('',(1.E0,2.616210692435E-9,3.986528676335E-9));
#112=VECTOR('',#111,3.149606290973E-3);
#113=CARTESIAN_POINT('',(7.993700788226E-2,7.933070865318E-2,
-1.255598608292E-11));
#114=LINE('',#113,#112);
#115=DIRECTION('',(-7.071067811865E-1,7.071067811865E-1,-9.009303192209E-10));
#116=VECTOR('',#115,5.567769925947E-3);
#117=CARTESIAN_POINT('',(7.993700788226E-2,7.933070865318E-2,
-1.255598608292E-11));
#118=LINE('',#117,#116);
#119=DIRECTION('',(-1.E0,0.E0,0.E0));
#120=VECTOR('',#119,8.270762536262E-2);
#121=CARTESIAN_POINT('',(1.657942395358E-1,-4.921259842520E-3,
-2.486631941515E-2));
#122=LINE('',#121,#120);
#123=DIRECTION('',(1.E0,0.E0,0.E0));
#124=VECTOR('',#123,8.818897637795E-2);
#125=CARTESIAN_POINT('',(8.308661417323E-2,0.E0,-2.534862204724E-2));
#126=LINE('',#125,#124);
#127=DIRECTION('',(-1.E0,0.E0,0.E0));
#128=VECTOR('',#127,8.270762536262E-2);
#129=CARTESIAN_POINT('',(1.657942395358E-1,-4.921259842520E-3,
2.486631941515E-2));
#130=LINE('',#129,#128);
#131=DIRECTION('',(1.E0,0.E0,0.E0));
#132=VECTOR('',#131,8.606299212598E-2);
#133=CARTESIAN_POINT('',(8.702362204724E-2,-4.921259842520E-3,
-1.844940868324E-2));
#134=LINE('',#133,#132);
#135=CARTESIAN_POINT('',(8.308661417323E-2,-4.921259842520E-3,
-2.249957805076E-2));
#136=CARTESIAN_POINT('',(8.354246319383E-2,-4.921259842520E-3,
-2.203295219228E-2));
#137=CARTESIAN_POINT('',(8.444198020717E-2,-4.921259842520E-3,
-2.111084652032E-2));
#138=CARTESIAN_POINT('',(8.575493795460E-2,-4.921259842520E-3,
-1.976042808899E-2));
#139=CARTESIAN_POINT('',(8.660493193620E-2,-4.921259842520E-3,
-1.888273820168E-2));
#140=CARTESIAN_POINT('',(8.702362204724E-2,-4.921259842520E-3,
-1.844940868324E-2));
#142=CARTESIAN_POINT('',(1.712755905512E-1,-4.921259559085E-3,
-2.478584750017E-2));
#143=CARTESIAN_POINT('',(1.703622947528E-1,-4.921259559085E-3,
-2.479743553132E-2));
#144=CARTESIAN_POINT('',(1.685357038569E-1,-4.921259984237E-3,
-2.483700209082E-2));
#145=CARTESIAN_POINT('',(1.667081372651E-1,-4.921259842520E-3,
-2.485472497391E-2));
#146=CARTESIAN_POINT('',(1.657942395358E-1,-4.921259842520E-3,
-2.486631941515E-2));
#148=DIRECTION('',(-9.999699088971E-1,1.565007377900E-7,-7.757660752108E-3));
#149=VECTOR('',#148,1.811078119385E-3);
#150=CARTESIAN_POINT('',(1.730866141732E-1,-4.921259842520E-3,
-2.477179777053E-2));
#151=LINE('',#150,#149);
#152=CARTESIAN_POINT('',(1.712755905512E-1,0.E0,0.E0));
#153=DIRECTION('',(-1.E0,0.E0,0.E0));
#154=DIRECTION('',(0.E0,1.947140920305E-1,-9.808600421899E-1));
#155=AXIS2_PLACEMENT_3D('',#152,#153,#154);
#157=DIRECTION('',(-9.999699088971E-1,-1.565007377900E-7,-7.757660752113E-3));
#158=VECTOR('',#157,1.811078119385E-3);
#159=CARTESIAN_POINT('',(1.730866141732E-1,4.921259842520E-3,
-2.477179777053E-2));
#160=LINE('',#159,#158);
#161=CARTESIAN_POINT('',(1.730866141732E-1,0.E0,0.E0));
#162=DIRECTION('',(-1.E0,0.E0,0.E0));
#163=DIRECTION('',(0.E0,1.948558067030E-1,-9.808318992539E-1));
#164=AXIS2_PLACEMENT_3D('',#161,#162,#163);
#166=CARTESIAN_POINT('',(1.712755905512E-1,0.E0,0.E0));
#167=DIRECTION('',(-1.E0,0.E0,0.E0));
#168=DIRECTION('',(0.E0,0.E0,1.E0));
#169=AXIS2_PLACEMENT_3D('',#166,#167,#168);
#171=CARTESIAN_POINT('',(1.712755905512E-1,0.E0,0.E0));
#172=DIRECTION('',(-1.E0,0.E0,0.E0));
#173=DIRECTION('',(0.E0,0.E0,-1.E0));
#174=AXIS2_PLACEMENT_3D('',#171,#172,#173);
#176=DIRECTION('',(-1.E0,0.E0,0.E0));
#177=VECTOR('',#176,8.270762536262E-2);
#178=CARTESIAN_POINT('',(1.657942395358E-1,4.921259842520E-3,
2.486631941515E-2));
#179=LINE('',#178,#177);
#180=DIRECTION('',(1.E0,0.E0,0.E0));
#181=VECTOR('',#180,8.818897637795E-2);
#182=CARTESIAN_POINT('',(8.308661417323E-2,0.E0,2.534862204724E-2));
#183=LINE('',#182,#181);
#184=DIRECTION('',(-1.E0,0.E0,0.E0));
#185=VECTOR('',#184,8.270762536262E-2);
#186=CARTESIAN_POINT('',(1.657942395358E-1,4.921259842520E-3,
-2.486631941515E-2));
#187=LINE('',#186,#185);
#188=DIRECTION('',(0.E0,0.E0,-1.E0));
#189=VECTOR('',#188,6.322389087284E-3);
#190=CARTESIAN_POINT('',(1.730866141732E-1,4.921259842520E-3,
2.477179777053E-2));
#191=LINE('',#190,#189);
#192=DIRECTION('',(1.E0,0.E0,0.E0));
#193=VECTOR('',#192,8.606299212598E-2);
#194=CARTESIAN_POINT('',(8.702362204724E-2,4.921259842520E-3,
1.844940868324E-2));
#195=LINE('',#194,#193);
#196=CARTESIAN_POINT('',(8.308661417323E-2,4.921259842520E-3,
2.249957805076E-2));
#197=CARTESIAN_POINT('',(8.354246319383E-2,4.921259842520E-3,
2.203295219228E-2));
#198=CARTESIAN_POINT('',(8.444198020717E-2,4.921259842520E-3,
2.111084652032E-2));
#199=CARTESIAN_POINT('',(8.575493795460E-2,4.921259842520E-3,
1.976042808899E-2));
#200=CARTESIAN_POINT('',(8.660493193620E-2,4.921259842520E-3,
1.888273820168E-2));
#201=CARTESIAN_POINT('',(8.702362204724E-2,4.921259842520E-3,
1.844940868324E-2));
#203=CARTESIAN_POINT('',(1.712755905512E-1,4.921259559085E-3,
2.478584750017E-2));
#204=CARTESIAN_POINT('',(1.703622947528E-1,4.921259559085E-3,
2.479743553132E-2));
#205=CARTESIAN_POINT('',(1.685357038569E-1,4.921259984237E-3,
2.483700209082E-2));
#206=CARTESIAN_POINT('',(1.667081372651E-1,4.921259842520E-3,
2.485472497391E-2));
#207=CARTESIAN_POINT('',(1.657942395358E-1,4.921259842520E-3,
2.486631941515E-2));
#209=DIRECTION('',(-9.999699088971E-1,1.565007373111E-7,7.757660752109E-3));
#210=VECTOR('',#209,1.811078119385E-3);
#211=CARTESIAN_POINT('',(1.730866141732E-1,-4.921259842520E-3,
2.477179777053E-2));
#212=LINE('',#211,#210);
#213=CARTESIAN_POINT('',(1.730866141732E-1,0.E0,0.E0));
#214=DIRECTION('',(-1.E0,0.E0,0.E0));
#215=DIRECTION('',(0.E0,-1.948558067030E-1,9.808318992539E-1));
#216=AXIS2_PLACEMENT_3D('',#213,#214,#215);
#218=DIRECTION('',(-9.999699088971E-1,-1.565007358743E-7,7.757660752109E-3));
#219=VECTOR('',#218,1.811078119385E-3);
#220=CARTESIAN_POINT('',(1.730866141732E-1,4.921259842520E-3,
2.477179777053E-2));
#221=LINE('',#220,#219);
#222=CARTESIAN_POINT('',(1.712755905512E-1,0.E0,0.E0));
#223=DIRECTION('',(-1.E0,0.E0,0.E0));
#224=DIRECTION('',(0.E0,-1.947140920305E-1,9.808600421899E-1));
#225=AXIS2_PLACEMENT_3D('',#222,#223,#224);
#227=CARTESIAN_POINT('',(1.657942395358E-1,-4.921259842520E-3,
2.486631941515E-2));
#228=CARTESIAN_POINT('',(1.667081346372E-1,-4.921259842520E-3,
2.485472500725E-2));
#229=CARTESIAN_POINT('',(1.685356986012E-1,-4.921259984237E-3,
2.483700215750E-2));
#230=CARTESIAN_POINT('',(1.703622921251E-1,-4.921259559085E-3,
2.479743556466E-2));
#231=CARTESIAN_POINT('',(1.712755905512E-1,-4.921259559085E-3,
2.478584750017E-2));
#233=CARTESIAN_POINT('',(8.702362204724E-2,-4.921259842520E-3,
1.844940868324E-2));
#234=CARTESIAN_POINT('',(8.660568467834E-2,-4.921259842520E-3,
1.888195914008E-2));
#235=CARTESIAN_POINT('',(8.575669809887E-2,-4.921259842520E-3,
1.975861343187E-2));
#236=CARTESIAN_POINT('',(8.444376463287E-2,-4.921259842520E-3,
2.110901533216E-2));
#237=CARTESIAN_POINT('',(8.354322902927E-2,-4.921259842520E-3,
2.203216825153E-2));
#238=CARTESIAN_POINT('',(8.308661417323E-2,-4.921259842520E-3,
2.249957805076E-2));
#240=DIRECTION('',(1.E0,0.E0,0.E0));
#241=VECTOR('',#240,8.606299212598E-2);
#242=CARTESIAN_POINT('',(8.702362204724E-2,-4.921259842520E-3,
1.844940868324E-2));
#243=LINE('',#242,#241);
#244=CARTESIAN_POINT('',(1.657942395358E-1,0.E0,0.E0));
#245=DIRECTION('',(-1.E0,0.E0,0.E0));
#246=DIRECTION('',(0.E0,-1.941430912240E-1,-9.809732209036E-1));
#247=AXIS2_PLACEMENT_3D('',#244,#245,#246);
#249=CARTESIAN_POINT('',(1.712755905512E-1,0.E0,0.E0));
#250=DIRECTION('',(1.E0,0.E0,0.E0));
#251=DIRECTION('',(0.E0,-1.947141149493E-1,9.808600376402E-1));
#252=AXIS2_PLACEMENT_3D('',#249,#250,#251);
#254=CARTESIAN_POINT('',(8.308661417323E-2,0.E0,0.E0));
#255=DIRECTION('',(1.E0,0.E0,0.E0));
#256=DIRECTION('',(0.E0,-2.136752136752E-1,9.769047563918E-1));
#257=AXIS2_PLACEMENT_3D('',#254,#255,#256);
#259=CARTESIAN_POINT('',(8.702362204724E-2,0.E0,0.E0));
#260=DIRECTION('',(1.E0,0.E0,0.E0));
#261=DIRECTION('',(0.E0,2.577319587629E-1,-9.662164547513E-1));
#262=AXIS2_PLACEMENT_3D('',#259,#260,#261);
#264=CARTESIAN_POINT('',(1.980866141732E-1,0.E0,0.E0));
#265=DIRECTION('',(1.E0,0.E0,0.E0));
#266=DIRECTION('',(0.E0,-1.E0,0.E0));
#267=AXIS2_PLACEMENT_3D('',#264,#265,#266);
#269=DIRECTION('',(1.E0,-7.006282198721E-11,-2.225497645450E-10));
#270=VECTOR('',#269,1.110629921182E-1);
#271=CARTESIAN_POINT('',(8.702362205503E-2,-1.909448818119E-2,
2.471704391477E-11));
#272=LINE('',#271,#270);
#273=CARTESIAN_POINT('',(8.702362204724E-2,0.E0,0.E0));
#274=DIRECTION('',(1.E0,0.E0,0.E0));
#275=DIRECTION('',(0.E0,-1.E0,0.E0));
#276=AXIS2_PLACEMENT_3D('',#273,#274,#275);
#278=CARTESIAN_POINT('',(1.730866141732E-1,0.E0,0.E0));
#279=DIRECTION('',(1.E0,0.E0,0.E0));
#280=DIRECTION('',(0.E0,-2.577319587629E-1,-9.662164547513E-1));
#281=AXIS2_PLACEMENT_3D('',#278,#279,#280);
#283=DIRECTION('',(0.E0,0.E0,-1.E0));
#284=VECTOR('',#283,6.322389087284E-3);
#285=CARTESIAN_POINT('',(1.730866141732E-1,-4.921259842520E-3,
-1.844940868324E-2));
#286=LINE('',#285,#284);
#287=CARTESIAN_POINT('',(1.657942395358E-1,4.921259842520E-3,
-2.486631941515E-2));
#288=CARTESIAN_POINT('',(1.667081346372E-1,4.921259842520E-3,
-2.485472500725E-2));
#289=CARTESIAN_POINT('',(1.685356986012E-1,4.921259984237E-3,
-2.483700215750E-2));
#290=CARTESIAN_POINT('',(1.703622921251E-1,4.921259559085E-3,
-2.479743556466E-2));
#291=CARTESIAN_POINT('',(1.712755905512E-1,4.921259559085E-3,
-2.478584750017E-2));
#293=CARTESIAN_POINT('',(8.702362204724E-2,4.921259842520E-3,
-1.844940868324E-2));
#294=CARTESIAN_POINT('',(8.660568467834E-2,4.921259842520E-3,
-1.888195914008E-2));
#295=CARTESIAN_POINT('',(8.575669809887E-2,4.921259842520E-3,
-1.975861343187E-2));
#296=CARTESIAN_POINT('',(8.444376463287E-2,4.921259842520E-3,
-2.110901533216E-2));
#297=CARTESIAN_POINT('',(8.354322902927E-2,4.921259842520E-3,
-2.203216825153E-2));
#298=CARTESIAN_POINT('',(8.308661417323E-2,4.921259842520E-3,
-2.249957805076E-2));
#300=DIRECTION('',(1.E0,0.E0,0.E0));
#301=VECTOR('',#300,8.606299212598E-2);
#302=CARTESIAN_POINT('',(8.702362204724E-2,4.921259842520E-3,
-1.844940868324E-2));
#303=LINE('',#302,#301);
#304=DIRECTION('',(0.E0,0.E0,-1.E0));
#305=VECTOR('',#304,6.322389087284E-3);
#306=CARTESIAN_POINT('',(1.730866141732E-1,4.921259842520E-3,
-1.844940868324E-2));
#307=LINE('',#306,#305);
#308=CARTESIAN_POINT('',(1.712755905512E-1,0.E0,0.E0));
#309=DIRECTION('',(1.E0,0.E0,0.E0));
#310=DIRECTION('',(0.E0,1.947141149493E-1,-9.808600376402E-1));
#311=AXIS2_PLACEMENT_3D('',#308,#309,#310);
#313=CARTESIAN_POINT('',(1.657942395358E-1,0.E0,0.E0));
#314=DIRECTION('',(-1.E0,0.E0,0.E0));
#315=DIRECTION('',(0.E0,1.941430912240E-1,9.809732209036E-1));
#316=AXIS2_PLACEMENT_3D('',#313,#314,#315);
#318=CARTESIAN_POINT('',(8.308661417323E-2,0.E0,0.E0));
#319=DIRECTION('',(1.E0,0.E0,0.E0));
#320=DIRECTION('',(0.E0,2.136752136752E-1,-9.769047563918E-1));
#321=AXIS2_PLACEMENT_3D('',#318,#319,#320);
#323=CARTESIAN_POINT('',(8.702362204724E-2,0.E0,0.E0));
#324=DIRECTION('',(1.E0,0.E0,0.E0));
#325=DIRECTION('',(0.E0,-2.577319587629E-1,9.662164547513E-1));
#326=AXIS2_PLACEMENT_3D('',#323,#324,#325);
#328=CARTESIAN_POINT('',(1.980866141732E-1,0.E0,0.E0));
#329=DIRECTION('',(1.E0,0.E0,0.E0));
#330=DIRECTION('',(0.E0,1.E0,0.E0));
#331=AXIS2_PLACEMENT_3D('',#328,#329,#330);
#333=DIRECTION('',(1.E0,7.006257207880E-11,2.225498352449E-10));
#334=VECTOR('',#333,1.110629921182E-1);
#335=CARTESIAN_POINT('',(8.702362205503E-2,1.909448818120E-2,
-2.471705176691E-11));
#336=LINE('',#335,#334);
#337=CARTESIAN_POINT('',(8.702362204724E-2,0.E0,0.E0));
#338=DIRECTION('',(1.E0,0.E0,0.E0));
#339=DIRECTION('',(0.E0,1.E0,0.E0));
#340=AXIS2_PLACEMENT_3D('',#337,#338,#339);
#342=DIRECTION('',(5.E-1,8.660254037844E-1,0.E0));
#343=VECTOR('',#342,2.204841579189E-2);
#344=CARTESIAN_POINT('',(1.980866141732E-1,-1.909448818898E-2,0.E0));
#345=LINE('',#344,#343);
#346=DIRECTION('',(5.E-1,-8.660254037844E-1,0.E0));
#347=VECTOR('',#346,2.204841579189E-2);
#348=CARTESIAN_POINT('',(1.980866141732E-1,1.909448818898E-2,0.E0));
#349=LINE('',#348,#347);
#350=DIRECTION('',(0.E0,0.E0,-1.E0));
#351=VECTOR('',#350,6.322389087284E-3);
#352=CARTESIAN_POINT('',(1.730866141732E-1,-4.921259842520E-3,
2.477179777053E-2));
#353=LINE('',#352,#351);
#354=CARTESIAN_POINT('',(1.730866141732E-1,0.E0,0.E0));
#355=DIRECTION('',(1.E0,0.E0,0.E0));
#356=DIRECTION('',(0.E0,2.577319587629E-1,9.662164547513E-1));
#357=AXIS2_PLACEMENT_3D('',#354,#355,#356);
#359=CARTESIAN_POINT('',(0.E0,0.E0,0.E0));
#360=DIRECTION('',(-1.E0,0.E0,0.E0));
#361=DIRECTION('',(0.E0,1.E0,0.E0));
#362=AXIS2_PLACEMENT_3D('',#359,#360,#361);
#364=CARTESIAN_POINT('',(0.E0,0.E0,0.E0));
#365=DIRECTION('',(-1.E0,0.E0,0.E0));
#366=DIRECTION('',(0.E0,-1.E0,0.E0));
#367=AXIS2_PLACEMENT_3D('',#364,#365,#366);
#369=CARTESIAN_POINT('',(0.E0,0.E0,0.E0));
#370=DIRECTION('',(-1.E0,0.E0,0.E0));
#371=DIRECTION('',(0.E0,-1.E0,0.E0));
#372=AXIS2_PLACEMENT_3D('',#369,#370,#371);
#374=CARTESIAN_POINT('',(0.E0,0.E0,0.E0));
#375=DIRECTION('',(-1.E0,0.E0,0.E0));
#376=DIRECTION('',(0.E0,1.E0,0.E0));
#377=AXIS2_PLACEMENT_3D('',#374,#375,#376);
#379=DIRECTION('',(7.071067811865E-1,7.071067811865E-1,-1.750589772237E-9));
#380=VECTOR('',#379,5.567769932433E-3);
#381=CARTESIAN_POINT('',(-5.861131024965E-12,1.009842519626E-1,
4.415139669217E-11));
#382=LINE('',#381,#380);
#383=DIRECTION('',(7.071067811865E-1,-7.071067811865E-1,1.750587807479E-9));
#384=VECTOR('',#383,5.567769932433E-3);
#385=CARTESIAN_POINT('',(-5.861135650894E-12,-1.009842519626E-1,
-4.415140081450E-11));
#386=LINE('',#385,#384);
#387=CARTESIAN_POINT('',(3.937007874016E-3,0.E0,0.E0));
#388=DIRECTION('',(-1.E0,0.E0,0.E0));
#389=DIRECTION('',(0.E0,-1.E0,0.E0));
#390=AXIS2_PLACEMENT_3D('',#387,#388,#389);
#392=CARTESIAN_POINT('',(3.937007874016E-3,0.E0,0.E0));
#393=DIRECTION('',(-1.E0,0.E0,0.E0));
#394=DIRECTION('',(0.E0,1.E0,0.E0));
#395=AXIS2_PLACEMENT_3D('',#392,#393,#394);
#397=DIRECTION('',(-1.E0,1.657243944974E-10,-1.248392619628E-9));
#398=VECTOR('',#397,2.755905512268E-2);
#399=CARTESIAN_POINT('',(3.149606299213E-2,-1.049212598425E-1,0.E0));
#400=LINE('',#399,#398);
#401=DIRECTION('',(-1.E0,-1.657243944974E-10,1.248392189665E-9));
#402=VECTOR('',#401,2.755905512268E-2);
#403=CARTESIAN_POINT('',(3.149606299213E-2,1.049212598425E-1,0.E0));
#404=LINE('',#403,#402);
#405=CARTESIAN_POINT('',(3.407480314961E-2,0.E0,0.E0));
#406=DIRECTION('',(-1.E0,0.E0,0.E0));
#407=DIRECTION('',(0.E0,-4.721879345918E-1,-8.814979038125E-1));
#408=AXIS2_PLACEMENT_3D('',#405,#406,#407);
#410=CARTESIAN_POINT('',(3.985573536893E-2,1.132809322193E-1,0.E0));
#411=CARTESIAN_POINT('',(3.974934339489E-2,1.131745402453E-1,
-4.300074928757E-3));
#412=CARTESIAN_POINT('',(3.953650931195E-2,1.124714504659E-1,
-1.287796167530E-2));
#413=CARTESIAN_POINT('',(3.921715603357E-2,1.099664077464E-1,
-2.550966300926E-2));
#414=CARTESIAN_POINT('',(3.889755584994E-2,1.060485374920E-1,
-3.774913523333E-2));
#415=CARTESIAN_POINT('',(3.857751352614E-2,1.007691601726E-1,
-4.944530693081E-2));
#416=CARTESIAN_POINT('',(3.825745461485E-2,9.420883318283E-2,
-6.043231235356E-2));
#417=CARTESIAN_POINT('',(3.793719568991E-2,8.645591727001E-2,
-7.057689506444E-2));
#418=CARTESIAN_POINT('',(3.761661107333E-2,7.761221455300E-2,
-7.975328001747E-2));
#419=CARTESIAN_POINT('',(3.729569264418E-2,6.779582477533E-2,
-8.784385375815E-2));
#420=CARTESIAN_POINT('',(3.697474267343E-2,5.714856521562E-2,
-9.473964993711E-2));
#421=CARTESIAN_POINT('',(3.665353916224E-2,4.580667371906E-2,
-1.003609455969E-1));
#422=CARTESIAN_POINT('',(3.633191482343E-2,3.391477074817E-2,
-1.046395328562E-1));
#423=CARTESIAN_POINT('',(3.601019139611E-2,2.164302426190E-2,
-1.075193803313E-1));
#424=CARTESIAN_POINT('',(3.568830422978E-2,9.152448631662E-3,
-1.089701243722E-1));
#425=CARTESIAN_POINT('',(3.536611383341E-2,-3.396937937475E-3,
-1.089785825428E-1));
#426=CARTESIAN_POINT('',(3.504354092387E-2,-1.584213705592E-2,
-1.075479941757E-1));
#427=CARTESIAN_POINT('',(3.472092165600E-2,-2.800600110773E-2,
-1.047045214464E-1));
#428=CARTESIAN_POINT('',(3.439807675648E-2,-3.973564423759E-2,
-1.004914275599E-1));
#429=CARTESIAN_POINT('',(3.418259712009E-2,-4.716663110952E-2,
-9.680826179636E-2));
#430=CARTESIAN_POINT('',(3.407480314961E-2,-5.076020296862E-2,
-9.476102465985E-2));
#432=CARTESIAN_POINT('',(3.149606299213E-2,0.E0,0.E0));
#433=DIRECTION('',(1.E0,0.E0,0.E0));
#434=DIRECTION('',(0.E0,-1.E0,0.E0));
#435=AXIS2_PLACEMENT_3D('',#432,#433,#434);
#437=CARTESIAN_POINT('',(4.842519685039E-2,0.E0,0.E0));
#438=DIRECTION('',(1.E0,0.E0,0.E0));
#439=DIRECTION('',(0.E0,-9.964648279626E-1,8.401099114700E-2));
#440=AXIS2_PLACEMENT_3D('',#437,#438,#439);
#442=CARTESIAN_POINT('',(4.842519685039E-2,-3.338667501025E-2,
-1.171872364074E-1));
#443=CARTESIAN_POINT('',(4.803230744574E-2,-3.768065255907E-2,
-1.155553576514E-1));
#444=CARTESIAN_POINT('',(4.724567910671E-2,-4.605112624595E-2,
-1.118158196730E-1));
#445=CARTESIAN_POINT('',(4.606331427484E-2,-5.779863873045E-2,
-1.048708579627E-1));
#446=CARTESIAN_POINT('',(4.487814832428E-2,-6.859894407745E-2,
-9.669567938915E-2));
#447=CARTESIAN_POINT('',(4.368968582985E-2,-7.832602824032E-2,
-8.740844103529E-2));
#448=CARTESIAN_POINT('',(4.249830442247E-2,-8.686118324248E-2,
-7.714761584454E-2));
#449=CARTESIAN_POINT('',(4.130440913611E-2,-9.410438455042E-2,
-6.606562475942E-2));
#450=CARTESIAN_POINT('',(4.010753240273E-2,-9.997952757877E-2,
-5.431682358303E-2));
#451=CARTESIAN_POINT('',(3.890718037541E-2,-1.044271180045E-1,
-4.206196128061E-2));
#452=CARTESIAN_POINT('',(3.770373288648E-2,-1.074035294458E-1,
-2.947634922038E-2));
#453=CARTESIAN_POINT('',(3.649761005591E-2,-1.088880983974E-1,
-1.673948504925E-2));
#454=CARTESIAN_POINT('',(3.528830923584E-2,-1.088824382333E-1,
-4.021690992024E-3));
#455=CARTESIAN_POINT('',(3.447969146233E-2,-1.078981937119E-1,
4.331204223718E-3));
#456=CARTESIAN_POINT('',(3.407480314961E-2,-1.071675697493E-1,
8.447602857043E-3));
#458=CARTESIAN_POINT('',(3.407480314961E-2,0.E0,0.E0));
#459=DIRECTION('',(-1.E0,0.E0,0.E0));
#460=DIRECTION('',(0.E0,-1.E0,0.E0));
#461=AXIS2_PLACEMENT_3D('',#458,#459,#460);
#463=DIRECTION('',(7.071067811865E-1,-7.071067811866E-1,1.950091255161E-14));
#464=VECTOR('',#463,3.646889304545E-3);
#465=CARTESIAN_POINT('',(3.149606299213E-2,-1.049212598425E-1,0.E0));
#466=LINE('',#465,#464);
#467=CARTESIAN_POINT('',(3.149606299213E-2,0.E0,0.E0));
#468=DIRECTION('',(1.E0,0.E0,0.E0));
#469=DIRECTION('',(0.E0,1.E0,0.E0));
#470=AXIS2_PLACEMENT_3D('',#467,#468,#469);
#472=DIRECTION('',(7.071067811865E-1,7.071067811865E-1,0.E0));
#473=VECTOR('',#472,1.182236205227E-2);
#474=CARTESIAN_POINT('',(3.149606299213E-2,1.049212598425E-1,0.E0));
#475=LINE('',#474,#473);
#476=CARTESIAN_POINT('',(4.842519685039E-2,-1.214196315962E-1,
1.023677234646E-2));
#477=CARTESIAN_POINT('',(4.832031943884E-2,-1.209320748309E-1,
1.477136658828E-2));
#478=CARTESIAN_POINT('',(4.811051971511E-2,-1.194481371932E-1,
2.377593040247E-2));
#479=CARTESIAN_POINT('',(4.779572160068E-2,-1.157303332716E-1,
3.691812180900E-2));
#480=CARTESIAN_POINT('',(4.748071643881E-2,-1.105720725814E-1,
4.953600606640E-2));
#481=CARTESIAN_POINT('',(4.716534179411E-2,-1.040389172554E-1,
6.147775307457E-2));
#482=CARTESIAN_POINT('',(4.684987317873E-2,-9.622322250516E-2,
7.258391608751E-2));
#483=CARTESIAN_POINT('',(4.653425840865E-2,-8.722822528127E-2,
8.271936025366E-2));
#484=CARTESIAN_POINT('',(4.621842907015E-2,-7.717014848646E-2,
9.176142291829E-2));
#485=CARTESIAN_POINT('',(4.590222931001E-2,-6.617416364495E-2,
9.960211596736E-2));
#486=CARTESIAN_POINT('',(4.558593349411E-2,-5.439237759761E-2,
1.061385661299E-1));
#487=CARTESIAN_POINT('',(4.526948449310E-2,-4.197606081547E-2,
1.112944868597E-1));
#488=CARTESIAN_POINT('',(4.495280551898E-2,-2.908255425793E-2,
1.150104095036E-1));
#489=CARTESIAN_POINT('',(4.463575105838E-2,-1.587166244549E-2,
1.172436916631E-1));
#490=CARTESIAN_POINT('',(4.431862202658E-2,-2.525737452020E-3,
1.179683790139E-1));
#491=CARTESIAN_POINT('',(4.400132599592E-2,1.078774413938E-2,
1.171822832156E-1));
#492=CARTESIAN_POINT('',(4.368376331431E-2,2.390260366411E-2,
1.149002071939E-1));
#493=CARTESIAN_POINT('',(4.336586727288E-2,3.665362805128E-2,
1.111544038034E-1));
#494=CARTESIAN_POINT('',(4.304789914297E-2,4.886782735652E-2,
1.060012542385E-1));
#495=CARTESIAN_POINT('',(4.272974223468E-2,6.039500862362E-2,
9.951149596386E-2));
#496=CARTESIAN_POINT('',(4.241128097755E-2,7.109302315843E-2,
9.177041832963E-2));
#497=CARTESIAN_POINT('',(4.209250487288E-2,8.082592251186E-2,
8.288054793267E-2));
#498=CARTESIAN_POINT('',(4.177369036180E-2,8.946340467045E-2,
7.296896602699E-2));
#499=CARTESIAN_POINT('',(4.145465085315E-2,9.690384563112E-2,
6.216272791678E-2));
#500=CARTESIAN_POINT('',(4.113529177894E-2,1.030563738350E-1,
5.060104205547E-2));
#501=CARTESIAN_POINT('',(4.081567796508E-2,1.078433147107E-1,
3.843837101614E-2));
#502=CARTESIAN_POINT('',(4.049597372191E-2,1.112056403180E-1,
2.584138940565E-2));
#503=CARTESIAN_POINT('',(4.017604271754E-2,1.131072038523E-1,
1.297038427105E-2));
#504=CARTESIAN_POINT('',(3.996253713343E-2,1.133877339838E-1,
4.316637547640E-3));
#505=CARTESIAN_POINT('',(3.985573536893E-2,1.132809322193E-1,0.E0));
#507=CARTESIAN_POINT('',(4.842519685039E-2,-1.214196315962E-1,
1.023677234646E-2));
#508=CARTESIAN_POINT('',(4.859501670328E-2,-1.218128501045E-1,
5.572758652540E-3));
#509=CARTESIAN_POINT('',(4.893461282136E-2,-1.220610626684E-1,
-3.799411356077E-3));
#510=CARTESIAN_POINT('',(4.944378434345E-2,-1.208156341614E-1,
-1.780115725675E-2));
#511=CARTESIAN_POINT('',(4.995300888547E-2,-1.179695255634E-1,
-3.156856175352E-2));
#512=CARTESIAN_POINT('',(5.046256634849E-2,-1.135562885985E-1,
-4.492609357990E-2));
#513=CARTESIAN_POINT('',(5.097179353932E-2,-1.076401418370E-1,
-5.767925130791E-2));
#514=CARTESIAN_POINT('',(5.148095729773E-2,-1.002989618424E-1,
-6.966678781892E-2));
#515=CARTESIAN_POINT('',(5.199037912417E-2,-9.162413769247E-2,
-8.073668269516E-2));
#516=CARTESIAN_POINT('',(5.249980231376E-2,-8.173376635349E-2,
-9.073552105877E-2));
#517=CARTESIAN_POINT('',(5.300896599018E-2,-7.076525740759E-2,
-9.952675252256E-2));
#518=CARTESIAN_POINT('',(5.351819267377E-2,-5.885790965378E-2,
-1.070006101451E-1));
#519=CARTESIAN_POINT('',(5.402774942179E-2,-4.616188702826E-2,
-1.130595611132E-1));
#520=CARTESIAN_POINT('',(5.453697650492E-2,-3.286196420893E-2,
-1.176154222532E-1));
#521=CARTESIAN_POINT('',(5.504614009324E-2,-1.912843993389E-2,
-1.206127932614E-1));
#522=CARTESIAN_POINT('',(5.555556218139E-2,-5.134282189080E-3,
-1.220124325896E-1));
#523=CARTESIAN_POINT('',(5.606498491603E-2,8.928007264242E-3,
-1.217934068364E-1));
#524=CARTESIAN_POINT('',(5.657414845526E-2,2.286479352434E-2,
-1.199603992196E-1));
#525=CARTESIAN_POINT('',(5.708337515645E-2,3.650043383448E-2,
-1.165379871638E-1));
#526=CARTESIAN_POINT('',(5.759293175135E-2,4.966059253932E-2,
-1.115670636270E-1));
#527=CARTESIAN_POINT('',(5.810215853514E-2,6.215373940364E-2,
-1.051199737940E-1));
#528=CARTESIAN_POINT('',(5.861132201300E-2,7.382203295671E-2,
-9.728129629485E-2));
#529=CARTESIAN_POINT('',(5.912074409256E-2,8.451743634760E-2,
-8.814872360643E-2));
#530=CARTESIAN_POINT('',(5.963016641124E-2,9.409160344546E-2,
-7.784673030057E-2));
#531=CARTESIAN_POINT('',(6.013932988527E-2,1.024139167252E-1,
-6.651831116411E-2));
#532=CARTESIAN_POINT('',(6.064855626702E-2,1.093805499842E-1,
-5.430727167262E-2));
#533=CARTESIAN_POINT('',(6.115811333766E-2,1.149003683872E-1,
-4.136772309449E-2));
#534=CARTESIAN_POINT('',(6.166733796476E-2,1.188930344913E-1,
-2.788808025691E-2));
#535=CARTESIAN_POINT('',(6.217650874097E-2,1.213103611760E-1,
-1.404047071352E-2));
#536=CARTESIAN_POINT('',(6.251610497555E-2,1.218503937008E-1,
-4.680568149574E-3));
#537=CARTESIAN_POINT('',(6.268592494280E-2,1.218503937008E-1,0.E0));
#539=CARTESIAN_POINT('',(4.842519685039E-2,-3.338667501025E-2,
-1.171872364074E-1));
#540=CARTESIAN_POINT('',(4.858545013205E-2,-2.913882307153E-2,
-1.183974505614E-1));
#541=CARTESIAN_POINT('',(4.890593147483E-2,-2.051206496762E-2,
-1.203552715528E-1));
#542=CARTESIAN_POINT('',(4.938654500551E-2,-7.332643504306E-3,
-1.218702267258E-1));
#543=CARTESIAN_POINT('',(4.986714851738E-2,5.933057427172E-3,
-1.219464005831E-1));
#544=CARTESIAN_POINT('',(5.034782129882E-2,1.913063649818E-2,
-1.205826712252E-1));
#545=CARTESIAN_POINT('',(5.082861794279E-2,3.210556534048E-2,
-1.177938269851E-1));
#546=CARTESIAN_POINT('',(5.130924804720E-2,4.469683231281E-2,
-1.136147629145E-1));
#547=CARTESIAN_POINT('',(5.178985705005E-2,5.675984123477E-2,
-1.080945892185E-1));
#548=CARTESIAN_POINT('',(5.227049070201E-2,6.815339104957E-2,
-1.012979521301E-1));
#549=CARTESIAN_POINT('',(5.275132182995E-2,7.874629795698E-2,
-9.330157751778E-2));
#550=CARTESIAN_POINT('',(5.323197667430E-2,8.840515309622E-2,
-8.420601073567E-2));
#551=CARTESIAN_POINT('',(5.371258460566E-2,9.701934616391E-2,
-7.411723317668E-2));
#552=CARTESIAN_POINT('',(5.419319248415E-2,1.044882108256E-1,
-6.315346182101E-2));
#553=CARTESIAN_POINT('',(5.467397761477E-2,1.107254960794E-1,
-5.143960894303E-2));
#554=CARTESIAN_POINT('',(5.515470187733E-2,1.156537944692E-1,
-3.911948369848E-2));
#555=CARTESIAN_POINT('',(5.563530828373E-2,1.192153385351E-1,
-2.634050539603E-2));
#556=CARTESIAN_POINT('',(5.611593025325E-2,1.213695707875E-1,
-1.325013844418E-2));
#557=CARTESIAN_POINT('',(5.643641627376E-2,1.218503937008E-1,
-4.416953335513E-3));
#558=CARTESIAN_POINT('',(5.659667204427E-2,1.218503937008E-1,0.E0));
#560=CARTESIAN_POINT('',(7.097112860892E-2,1.075E-1,0.E0));
#561=CARTESIAN_POINT('',(7.079785498188E-2,1.075E-1,-4.213313880316E-3));
#562=CARTESIAN_POINT('',(7.045135356561E-2,1.070039732004E-1,
-1.263879949707E-2));
#563=CARTESIAN_POINT('',(6.993182872761E-2,1.047840158520E-1,
-2.509711953575E-2));
#564=CARTESIAN_POINT('',(6.941226185714E-2,1.011188033239E-1,
-3.721035987744E-2));
#565=CARTESIAN_POINT('',(6.889234398218E-2,9.605441062528E-2,
-4.881780451057E-2));
#566=CARTESIAN_POINT('',(6.837274985632E-2,8.966715842829E-2,
-5.974411413292E-2));
#567=CARTESIAN_POINT('',(6.785323331832E-2,8.204435652311E-2,
-6.984488302942E-2));
#568=CARTESIAN_POINT('',(6.733350388699E-2,7.328614547429E-2,
-7.898591601098E-2));
#569=CARTESIAN_POINT('',(6.681367317624E-2,6.351400436374E-2,
-8.703777198330E-2));
#570=CARTESIAN_POINT('',(6.629415281245E-2,5.287132092691E-2,
-9.388382739942E-2));
#571=CARTESIAN_POINT('',(6.577460359828E-2,4.149897770356E-2,
-9.943567970435E-2));
#572=CARTESIAN_POINT('',(6.525469723011E-2,2.954564804696E-2,
-1.036179759380E-1));
#573=CARTESIAN_POINT('',(6.473507158963E-2,1.719085552586E-2,
-1.063674725686E-1));
#574=CARTESIAN_POINT('',(6.421555531087E-2,4.601617396645E-3,
-1.076494347119E-1));
#575=CARTESIAN_POINT('',(6.369587170543E-2,-8.055207164076E-3,
-1.074464828748E-1));
#576=CARTESIAN_POINT('',(6.317600242417E-2,-2.060527757885E-2,
-1.057593155736E-1));
#577=CARTESIAN_POINT('',(6.265647398007E-2,-3.286275651739E-2,
-1.026137771964E-1));
#578=CARTESIAN_POINT('',(6.213693974539E-2,-4.466724423503E-2,
-9.805330693406E-2));
#579=CARTESIAN_POINT('',(6.161705527253E-2,-5.586283758960E-2,
-9.213563729814E-2));
#580=CARTESIAN_POINT('',(6.109739237857E-2,-6.628235615988E-2,
-8.494834349410E-2));
#581=CARTESIAN_POINT('',(6.057787604320E-2,-7.578469365522E-2,
-7.659143794963E-2));
#582=CARTESIAN_POINT('',(6.005823238890E-2,-8.424391106213E-2,
-6.717584986398E-2));
#583=CARTESIAN_POINT('',(5.953833548034E-2,-9.154355456164E-2,
-5.682776087048E-2));
#584=CARTESIAN_POINT('',(5.901879419120E-2,-9.757476647992E-2,
-4.570244535420E-2));
#585=CARTESIAN_POINT('',(5.849927017106E-2,-1.022603753771E-1,
-3.394734441004E-2));
#586=CARTESIAN_POINT('',(5.797941854275E-2,-1.055369400099E-1,
-2.171607531978E-2));
#587=CARTESIAN_POINT('',(5.745971250595E-2,-1.073552695642E-1,
-9.188354798716E-3));
#588=CARTESIAN_POINT('',(5.694019583822E-2,-1.076920586918E-1,
3.461507956399E-3));
#589=CARTESIAN_POINT('',(5.642058624861E-2,-1.065434890342E-1,
1.606592461467E-2));
#590=CARTESIAN_POINT('',(5.590067266038E-2,-1.039225223498E-1,
2.845577842031E-2));
#591=CARTESIAN_POINT('',(5.538111376019E-2,-9.986891746710E-2,
4.044441289401E-2));
#592=CARTESIAN_POINT('',(5.486159518914E-2,-9.443856558448E-2,
5.187441997955E-2));
#593=CARTESIAN_POINT('',(5.434178735594E-2,-8.770143256452E-2,
6.259467256227E-2));
#594=CARTESIAN_POINT('',(5.382203228568E-2,-7.975382282350E-2,
7.244940563843E-2));
#595=CARTESIAN_POINT('',(5.330251501273E-2,-7.070960410867E-2,
8.130010897216E-2));
#596=CARTESIAN_POINT('',(5.278293358970E-2,-6.068906581483E-2,
8.903068692635E-2));
#597=CARTESIAN_POINT('',(5.226301431117E-2,-4.982371859098E-2,
9.553650081019E-2));
#598=CARTESIAN_POINT('',(5.174343288257E-2,-3.827765347109E-2,
1.007192984125E-1));
#599=CARTESIAN_POINT('',(5.122391555770E-2,-2.620520606976E-2,
1.045125629505E-1));
#600=CARTESIAN_POINT('',(5.070416036984E-2,-1.376551309804E-2,
1.068650782828E-1));
#601=CARTESIAN_POINT('',(5.018435247296E-2,-1.134440930429E-3,
1.077418728002E-1));
#602=CARTESIAN_POINT('',(4.966483377597E-2,1.150523293533E-2,
1.071316051799E-1));
#603=CARTESIAN_POINT('',(4.914527470653E-2,2.398725277346E-2,
1.050439607251E-1));
#604=CARTESIAN_POINT('',(4.862536093081E-2,3.614647192686E-2,
1.015039977260E-1));
#605=CARTESIAN_POINT('',(4.810575115971E-2,4.779957895997E-2,
9.656480616302E-2));
#606=CARTESIAN_POINT('',(4.758623426047E-2,5.879137872401E-2,
9.029481469607E-2));
#607=CARTESIAN_POINT('',(4.706652793410E-2,6.897594541021E-2,
8.277652196889E-2));
#608=CARTESIAN_POINT('',(4.654667605198E-2,7.821062860371E-2,
7.411277981895E-2));
#609=CARTESIAN_POINT('',(4.602715172933E-2,8.636023736935E-2,
6.443180866411E-2));
#610=CARTESIAN_POINT('',(4.550761009621E-2,9.331931429418E-2,
5.386206801409E-2));
#611=CARTESIAN_POINT('',(4.498771281483E-2,9.899432951898E-2,
4.254120446672E-2));
#612=CARTESIAN_POINT('',(4.446806880048E-2,1.032998100093E-1,
3.063849551056E-2));
#613=CARTESIAN_POINT('',(4.394855205397E-2,1.061795156348E-1,
1.831617494794E-2));
#614=CARTESIAN_POINT('',(4.342888870012E-2,1.075951290918E-1,
5.737637172100E-3));
#615=CARTESIAN_POINT('',(4.290900378307E-2,1.075251182823E-1,
-6.925506666875E-3));
#616=CARTESIAN_POINT('',(4.238946906799E-2,1.059712265940E-1,
-1.948453670356E-2));
#617=CARTESIAN_POINT('',(4.186994010484E-2,1.029561783694E-1,
-3.177476410236E-2));
#618=CARTESIAN_POINT('',(4.135007026946E-2,9.851742077829E-2,
-4.363428522115E-2));
#619=CARTESIAN_POINT('',(4.083038612173E-2,9.271992274459E-2,
-5.488708043667E-2));
#620=CARTESIAN_POINT('',(4.031086925215E-2,8.564538945510E-2,
-6.537914042318E-2));
#621=CARTESIAN_POINT('',(3.979124298201E-2,7.738792971884E-2,
-7.497158522006E-2));
#622=CARTESIAN_POINT('',(3.927133598104E-2,6.805702643784E-2,
-8.353359024205E-2));
#623=CARTESIAN_POINT('',(3.875178610636E-2,5.779319713468E-2,
-9.093676917543E-2));
#624=CARTESIAN_POINT('',(3.823226504728E-2,4.673306686866E-2,
-9.708564757740E-2));
#625=CARTESIAN_POINT('',(3.771243360717E-2,3.502108532443E-2,
-1.018977802927E-1));
#626=CARTESIAN_POINT('',(3.719270344654E-2,2.282776267070E-2,
-1.053018393561E-1));
#627=CARTESIAN_POINT('',(3.667318613791E-2,1.032456095456E-2,
-1.072518620661E-1));
#628=CARTESIAN_POINT('',(3.615359121211E-2,-2.322941606678E-3,
-1.077229398971E-1));
#629=CARTESIAN_POINT('',(3.563367251952E-2,-1.494622474752E-2,
-1.067062961244E-1));
#630=CARTESIAN_POINT('',(3.511410480533E-2,-2.735468977684E-2,
-1.042174473600E-1));
#631=CARTESIAN_POINT('',(3.459457909376E-2,-3.938490987840E-2,
-1.002916666895E-1));
#632=CARTESIAN_POINT('',(3.424807707974E-2,-4.704617563004E-2,
-9.675050063074E-2));
#633=CARTESIAN_POINT('',(3.407480314961E-2,-5.076020296862E-2,
-9.476102465985E-2));
#635=DIRECTION('',(-5.E-1,8.660254037844E-1,0.E0));
#636=VECTOR('',#635,1.657040733225E-2);
#637=CARTESIAN_POINT('',(7.097112860892E-2,1.075E-1,0.E0));
#638=LINE('',#637,#636);
#639=CARTESIAN_POINT('',(7.608923884514E-2,1.075E-1,0.E0));
#640=CARTESIAN_POINT('',(7.591412424971E-2,1.075E-1,-4.258078786609E-3));
#641=CARTESIAN_POINT('',(7.556394318714E-2,1.069933538119E-1,
-1.277303544112E-2));
#642=CARTESIAN_POINT('',(7.503892149263E-2,1.047262790823E-1,
-2.535941584076E-2));
#643=CARTESIAN_POINT('',(7.451383315414E-2,1.009838749091E-1,
-3.759024145821E-2));
#644=CARTESIAN_POINT('',(7.398838105901E-2,9.581418219515E-2,
-4.929920120107E-2));
#645=CARTESIAN_POINT('',(7.346330258090E-2,8.929735946763E-2,
-6.030481200760E-2));
#646=CARTESIAN_POINT('',(7.293828804282E-2,8.152388501204E-2,
-7.045986911387E-2));
#647=CARTESIAN_POINT('',(7.241296088198E-2,7.259634553348E-2,
-7.962756540612E-2));
#648=CARTESIAN_POINT('',(7.188768405426E-2,6.264568638076E-2,
-8.767123587329E-2));
#649=CARTESIAN_POINT('',(7.136267073144E-2,5.181742855970E-2,
-9.447564862308E-2));
#650=CARTESIAN_POINT('',(7.083756699814E-2,4.025742377180E-2,
-9.995054489075E-2));
#651=CARTESIAN_POINT('',(7.031211757668E-2,2.812184262342E-2,
-1.040188852385E-1));
#652=CARTESIAN_POINT('',(6.978704973458E-2,1.559862581973E-2,
-1.066178677228E-1));
#653=CARTESIAN_POINT('',(6.926203319641E-2,2.857000577422E-3,
-1.077152676056E-1));
#654=CARTESIAN_POINT('',(6.873668322733E-2,-9.933022860804E-3,
-1.072945171543E-1));
#655=CARTESIAN_POINT('',(6.821143046087E-2,-2.258058580735E-2,
-1.053605251989E-1));
#656=CARTESIAN_POINT('',(6.768641727596E-2,-3.490422478200E-2,
-1.019430828453E-1));
#657=CARTESIAN_POINT('',(6.716129911600E-2,-4.673869528980E-2,
-9.708896586875E-2));
#658=CARTESIAN_POINT('',(6.663585406467E-2,-5.792110482925E-2,
-9.086203793214E-2));
#659=CARTESIAN_POINT('',(6.611079602390E-2,-6.827877307972E-2,
-8.335882932140E-2));
#660=CARTESIAN_POINT('',(6.558577645301E-2,-7.767422873755E-2,
-7.468239163813E-2));
#661=CARTESIAN_POINT('',(6.506040597302E-2,-8.598062391359E-2,
-6.494698078424E-2));
#662=CARTESIAN_POINT('',(6.453517603766E-2,-9.307215852959E-2,
-5.429817797137E-2));
#663=CARTESIAN_POINT('',(6.401016293630E-2,-9.884960189938E-2,
-4.288888439514E-2));
#664=CARTESIAN_POINT('',(6.348502912643E-2,-1.032358814925E-1,
-3.087275337046E-2));
#665=CARTESIAN_POINT('',(6.295959072826E-2,-1.061681833290E-1,
-1.841408974652E-2));
#666=CARTESIAN_POINT('',(6.243454149723E-2,-1.076017477830E-1,
-5.705088500815E-3));
#667=CARTESIAN_POINT('',(6.190951790340E-2,-1.075200987675E-1,
7.083616460333E-3));
#668=CARTESIAN_POINT('',(6.138412919763E-2,-1.059220305734E-1,
1.978132824331E-2));
#669=CARTESIAN_POINT('',(6.085892086687E-2,-1.028306900145E-1,
3.219571254386E-2));
#670=CARTESIAN_POINT('',(6.033390779393E-2,-9.829197300033E-2,
4.415191488316E-2));
#671=CARTESIAN_POINT('',(5.980875711127E-2,-9.236729257725E-2,
5.548926424601E-2));
#672=CARTESIAN_POINT('',(5.928332764868E-2,-8.513630150623E-2,
6.604974850068E-2));
#673=CARTESIAN_POINT('',(5.875828623619E-2,-7.671061712738E-2,
7.567142598085E-2));
#674=CARTESIAN_POINT('',(5.823325762944E-2,-6.720497748064E-2,
8.422733416571E-2));
#675=CARTESIAN_POINT('',(5.770785298223E-2,-5.674465443114E-2,
9.160142502696E-2));
#676=CARTESIAN_POINT('',(5.718266503013E-2,-4.548840414916E-2,
9.768068327747E-2));
#677=CARTESIAN_POINT('',(5.665765193048E-2,-3.359519300749E-2,
1.023819812560E-1));
#678=CARTESIAN_POINT('',(5.613248315226E-2,-2.122508308347E-2,
1.056421882972E-1));
#679=CARTESIAN_POINT('',(5.560706490724E-2,-8.549655024676E-3,
1.074134977393E-1));
#680=CARTESIAN_POINT('',(5.508203032242E-2,4.237014428536E-3,
1.076695452556E-1));
#681=CARTESIAN_POINT('',(5.455699571294E-2,1.696402221304E-2,
1.064094829155E-1));
#682=CARTESIAN_POINT('',(5.403157740793E-2,2.946106000203E-2,
1.036475857989E-1));
#683=CARTESIAN_POINT('',(5.350640860906E-2,4.153672127045E-2,
9.942538839713E-2));
#684=CARTESIAN_POINT('',(5.298139542761E-2,5.302371511562E-2,
9.380403211259E-2));
#685=CARTESIAN_POINT('',(5.245620733112E-2,6.376743518488E-2,
8.685902995509E-2));
#686=CARTESIAN_POINT('',(5.193080258528E-2,7.361593694393E-2,
7.868574610344E-2));
#687=CARTESIAN_POINT('',(5.140577383758E-2,8.241983801305E-2,
6.940932064855E-2));
#688=CARTESIAN_POINT('',(5.088073223567E-2,9.006337315899E-2,
5.915528659273E-2));
#689=CARTESIAN_POINT('',(5.035530255591E-2,9.644213571323E-2,
4.805923055591E-2));
#690=CARTESIAN_POINT('',(4.983015168531E-2,1.014575788090E-1,
3.629136591357E-2));
#691=CARTESIAN_POINT('',(4.930513836696E-2,1.050427139409E-1,
2.401547356354E-2));
#692=CARTESIAN_POINT('',(4.877992972950E-2,1.071489434321E-1,
1.139655343003E-2));
#693=CARTESIAN_POINT('',(4.825454076423E-2,1.077442535695E-1,
-1.387471455818E-3));
#694=CARTESIAN_POINT('',(4.772951686332E-2,1.068206835894E-1,
-1.414304493397E-2));
#695=CARTESIAN_POINT('',(4.720446727937E-2,1.043928489322E-1,
-2.670009267233E-2));
#696=CARTESIAN_POINT('',(4.667902850742E-2,1.004905835722E-1,
-3.888980251089E-2));
#697=CARTESIAN_POINT('',(4.615389434052E-2,9.517361236384E-2,
-5.052409033962E-2));
#698=CARTESIAN_POINT('',(4.562888083020E-2,8.851746589525E-2,
-6.144409705228E-2));
#699=CARTESIAN_POINT('',(4.510365042902E-2,8.061105238284E-2,
-7.150270089733E-2));
#700=CARTESIAN_POINT('',(4.457827952554E-2,7.156531266595E-2,
-8.055526952062E-2));
#701=CARTESIAN_POINT('',(4.405325948130E-2,6.151709648800E-2,
-8.846655933728E-2));
#702=CARTESIAN_POINT('',(4.352820092575E-2,5.060183794037E-2,
-9.513263541941E-2));
#703=CARTESIAN_POINT('',(4.300275534376E-2,3.896468178934E-2,
-1.004615672871E-1));
#704=CARTESIAN_POINT('',(4.247763665635E-2,2.678536042656E-2,
-1.043706927766E-1));
#705=CARTESIAN_POINT('',(4.195262289899E-2,1.423128007244E-2,
-1.068091466045E-1));
#706=CARTESIAN_POINT('',(4.142736951124E-2,1.470849839863E-3,
-1.077432826451E-1));
#707=CARTESIAN_POINT('',(4.090201895071E-2,-1.131268496106E-2,
-1.071576617963E-1));
#708=CARTESIAN_POINT('',(4.037700177319E-2,-2.392867201858E-2,
-1.050623886211E-1));
#709=CARTESIAN_POINT('',(3.985193325645E-2,-3.620892841704E-2,
-1.014873392262E-1));
#710=CARTESIAN_POINT('',(3.932648314635E-2,-4.798728203108E-2,
-9.647793713690E-2));
#711=CARTESIAN_POINT('',(3.880137871429E-2,-5.908130844761E-2,
-9.011155905515E-2));
#712=CARTESIAN_POINT('',(3.827636465563E-2,-6.934137451539E-2,
-8.247727811400E-2));
#713=CARTESIAN_POINT('',(3.775108705527E-2,-7.862917217721E-2,
-7.367653520320E-2));
#714=CARTESIAN_POINT('',(3.722575913022E-2,-8.680868491790E-2,
-6.383564210496E-2));
#715=CARTESIAN_POINT('',(3.670074378740E-2,-9.376011261847E-2,
-5.310113033015E-2));
#716=CARTESIAN_POINT('',(3.617566447719E-2,-9.939193613233E-2,
-4.161744562995E-2));
#717=CARTESIAN_POINT('',(3.565021153346E-2,-1.036255245752E-1,
-2.953844782607E-2));
#718=CARTESIAN_POINT('',(3.512512232451E-2,-1.063952287630E-1,
-1.705135767339E-2));
#719=CARTESIAN_POINT('',(3.460009973090E-2,-1.076662254727E-1,
-4.325746974861E-3));
#720=CARTESIAN_POINT('',(3.424991805537E-2,-1.075021795946E-1,
4.202691662414E-3));
#721=CARTESIAN_POINT('',(3.407480314961E-2,-1.071675697493E-1,
8.447602857043E-3));
#723=DIRECTION('',(-1.E0,0.E0,0.E0));
#724=VECTOR('',#723,5.118110236220E-3);
#725=CARTESIAN_POINT('',(7.608923884514E-2,1.075E-1,0.E0));
#726=LINE('',#725,#724);
#727=DIRECTION('',(-5.E-1,-8.660254037844E-1,0.E0));
#728=VECTOR('',#727,1.657040733225E-2);
#729=CARTESIAN_POINT('',(8.437444251127E-2,1.218503937008E-1,0.E0));
#730=LINE('',#729,#728);
#731=DIRECTION('',(1.E0,0.E0,1.512182835751E-14));
#732=VECTOR('',#731,6.089252898528E-3);
#733=CARTESIAN_POINT('',(5.659667204427E-2,1.218503937008E-1,0.E0));
#734=LINE('',#733,#732);
#735=CARTESIAN_POINT('',(7.657480469319E-2,-1.218503937008E-1,0.E0));
#736=CARTESIAN_POINT('',(7.640941974162E-2,-1.218503937008E-1,
4.558326004248E-3));
#737=CARTESIAN_POINT('',(7.607868916498E-2,-1.213382452117E-1,
1.367387099908E-2));
#738=CARTESIAN_POINT('',(7.558278304460E-2,-1.190449274732E-1,
2.717004392486E-2));
#739=CARTESIAN_POINT('',(7.508685137447E-2,-1.152555192804E-1,
4.032551020557E-2));
#740=CARTESIAN_POINT('',(7.459058884695E-2,-1.100130477867E-1,
5.298222837780E-2));
#741=CARTESIAN_POINT('',(7.409463045055E-2,-1.033899817899E-1,
6.496476594411E-2));
#742=CARTESIAN_POINT('',(7.359873358921E-2,-9.546856583588E-2,
7.612944557184E-2));
#743=CARTESIAN_POINT('',(7.310264284232E-2,-8.634348729993E-2,
8.634117234885E-2));
#744=CARTESIAN_POINT('',(7.260645976733E-2,-7.613006124690E-2,
9.546816481211E-2));
#745=CARTESIAN_POINT('',(7.211057043626E-2,-6.496554240836E-2,
1.033894717098E-1));
#746=CARTESIAN_POINT('',(7.161461428349E-2,-5.298311587800E-2,
1.100125930516E-1));
#747=CARTESIAN_POINT('',(7.111838365711E-2,-4.032727833842E-2,
1.152549131970E-1));
#748=CARTESIAN_POINT('',(7.062240783617E-2,-2.717068110637E-2,
1.190447983752E-1));
#749=CARTESIAN_POINT('',(7.012652113111E-2,-1.367504468418E-2,
1.213381145328E-1));
#750=CARTESIAN_POINT('',(6.963038419612E-2,-5.824159614431E-7,
1.221065156543E-1));
#751=CARTESIAN_POINT('',(6.913421969643E-2,1.367464613496E-2,
1.213381850496E-1));
#752=CARTESIAN_POINT('',(6.863833330605E-2,2.717027715717E-2,
1.190448727447E-1));
#753=CARTESIAN_POINT('',(6.814237171829E-2,4.032652235101E-2,
1.152551775051E-1));
#754=CARTESIAN_POINT('',(6.764613319070E-2,5.298259153839E-2,
1.100128443536E-1));
#755=CARTESIAN_POINT('',(6.715018197089E-2,6.496495036957E-2,
1.033898614688E-1));
#756=CARTESIAN_POINT('',(6.665428787980E-2,7.612957280584E-2,
9.546847888561E-2));
#757=CARTESIAN_POINT('',(6.615818731282E-2,8.634146212485E-2,
8.634317142623E-2));
#758=CARTESIAN_POINT('',(6.566203709682E-2,9.546786722132E-2,
7.613042296254E-2));
#759=CARTESIAN_POINT('',(6.516613551811E-2,1.033893901018E-1,
6.496564307533E-2));
#760=CARTESIAN_POINT('',(6.467020964504E-2,1.100121934575E-1,
5.298398053514E-2));
#761=CARTESIAN_POINT('',(6.417392417830E-2,1.152551304032E-1,
4.032675637513E-2));
#762=CARTESIAN_POINT('',(6.367795673012E-2,1.190448747481E-1,
2.717034501578E-2));
#763=CARTESIAN_POINT('',(6.318205274017E-2,1.213382059634E-1,
1.367422030473E-2));
#764=CARTESIAN_POINT('',(6.285131368044E-2,1.218503937008E-1,
4.558434854647E-3));
#765=CARTESIAN_POINT('',(6.268592494280E-2,1.218503937008E-1,0.E0));
#767=DIRECTION('',(1.E0,0.E0,-1.613938892575E-14));
#768=VECTOR('',#767,6.089241932335E-3);
#769=CARTESIAN_POINT('',(7.048556276086E-2,-1.218503937008E-1,0.E0));
#770=LINE('',#769,#768);
#771=CARTESIAN_POINT('',(5.659667204427E-2,1.218503937008E-1,0.E0));
#772=CARTESIAN_POINT('',(5.676205861081E-2,1.218503937008E-1,
4.558367816453E-3));
#773=CARTESIAN_POINT('',(5.709279217969E-2,1.213382287025E-1,
1.367398834132E-2));
#774=CARTESIAN_POINT('',(5.758869548455E-2,1.190449279872E-1,
2.717007872447E-2));
#775=CARTESIAN_POINT('',(5.808463680769E-2,1.152554134676E-1,
4.032578060431E-2));
#776=CARTESIAN_POINT('',(5.858087497279E-2,1.100132049370E-1,
5.298187103326E-2));
#777=CARTESIAN_POINT('',(5.907684110985E-2,1.033900902952E-1,
6.496461405522E-2));
#778=CARTESIAN_POINT('',(5.957273651340E-2,9.546870195353E-2,
7.612925299951E-2));
#779=CARTESIAN_POINT('',(6.006881741222E-2,8.634385727637E-2,
8.634081173122E-2));
#780=CARTESIAN_POINT('',(6.056501971753E-2,7.613006639562E-2,
9.546817864550E-2));
#781=CARTESIAN_POINT('',(6.106090964964E-2,6.496553082373E-2,
1.033894747679E-1));
#782=CARTESIAN_POINT('',(6.155687428182E-2,5.298291417739E-2,
1.100127196068E-1));
#783=CARTESIAN_POINT('',(6.205312883007E-2,4.032644072601E-2,
1.152552014393E-1));
#784=CARTESIAN_POINT('',(6.254907888329E-2,2.717051610600E-2,
1.190448194972E-1));
#785=CARTESIAN_POINT('',(6.304497051893E-2,1.367475753709E-2,
1.213381491587E-1));
#786=CARTESIAN_POINT('',(6.354109669765E-2,5.996591298826E-7,
1.221065021158E-1));
#787=CARTESIAN_POINT('',(6.403725664320E-2,-1.367449283480E-2,
1.213382045780E-1));
#788=CARTESIAN_POINT('',(6.453314563853E-2,-2.717018494302E-2,
1.190448896041E-1));
#789=CARTESIAN_POINT('',(6.502909989135E-2,-4.032623120432E-2,
1.152552761656E-1));
#790=CARTESIAN_POINT('',(6.552534497013E-2,-5.298247198917E-2,
1.100129144366E-1));
#791=CARTESIAN_POINT('',(6.602130571108E-2,-6.496504895136E-2,
1.033898055082E-1));
#792=CARTESIAN_POINT('',(6.651720263535E-2,-7.612971620194E-2,
9.546836988635E-2));
#793=CARTESIAN_POINT('',(6.701330649649E-2,-8.634164085693E-2,
8.634298483878E-2));
#794=CARTESIAN_POINT('',(6.750944650237E-2,-9.546784037807E-2,
7.613044684246E-2));
#795=CARTESIAN_POINT('',(6.800535042945E-2,-1.033894012346E-1,
6.496563069983E-2));
#796=CARTESIAN_POINT('',(6.850127617713E-2,-1.100121926659E-1,
5.298397926702E-2));
#797=CARTESIAN_POINT('',(6.899756205954E-2,-1.152551304073E-1,
4.032675727278E-2));
#798=CARTESIAN_POINT('',(6.949352998956E-2,-1.190448745613E-1,
2.717034544296E-2));
#799=CARTESIAN_POINT('',(6.998943443534E-2,-1.213382058530E-1,
1.367422143810E-2));
#800=CARTESIAN_POINT('',(7.032017384321E-2,-1.218503937008E-1,
4.558435316938E-3));
#801=CARTESIAN_POINT('',(7.048556276086E-2,-1.218503937008E-1,0.E0));
#803=CARTESIAN_POINT('',(1.543044619423E-1,1.075E-1,0.E0));
#804=CARTESIAN_POINT('',(1.541297044066E-1,1.075E-1,-4.249396536967E-3));
#805=CARTESIAN_POINT('',(1.537802373760E-1,1.069954171105E-1,
-1.274699056913E-2));
#806=CARTESIAN_POINT('',(1.532562902208E-1,1.047375712690E-1,
-2.530834363676E-2));
#807=CARTESIAN_POINT('',(1.527322686509E-1,1.010101983280E-1,
-3.751649561060E-2));
#808=CARTESIAN_POINT('',(1.522078869453E-1,9.586097302720E-2,
-4.920588546364E-2));
#809=CARTESIAN_POINT('',(1.516838875648E-1,8.936956902496E-2,
-6.019588197744E-2));
#810=CARTESIAN_POINT('',(1.511599456133E-1,8.162558009784E-2,
-7.034047921449E-2));
#811=CARTESIAN_POINT('',(1.506356663652E-1,7.273031259985E-2,
-7.950382157775E-2));
#812=CARTESIAN_POINT('',(1.501114853965E-1,6.281506519334E-2,
-8.754865742174E-2));
#813=CARTESIAN_POINT('',(1.495875468756E-1,5.202309897393E-2,
-9.436139093657E-2));
#814=CARTESIAN_POINT('',(1.490634941770E-1,4.049892209227E-2,
-9.985183265013E-2));
#815=CARTESIAN_POINT('',(1.485391219641E-1,2.839866182995E-2,
-1.039425635634E-1));
#816=CARTESIAN_POINT('',(1.480151424896E-1,1.590877604242E-2,
-1.065709719936E-1));
#817=CARTESIAN_POINT('',(1.474911935094E-1,3.196530268308E-3,
-1.077047286633E-1));
#818=CARTESIAN_POINT('',(1.469668751867E-1,-9.569587913491E-3,
-1.073265025881E-1));
#819=CARTESIAN_POINT('',(1.464427392361E-1,-2.219686201861E-2,
-1.054409342076E-1));
#820=CARTESIAN_POINT('',(1.459188009059E-1,-3.450793767969E-2,
-1.020768531745E-1));
#821=CARTESIAN_POINT('',(1.453947142447E-1,-4.633834697029E-2,
-9.727955029467E-2));
#822=CARTESIAN_POINT('',(1.448703601439E-1,-5.752367399355E-2,
-9.111290714325E-2));
#823=CARTESIAN_POINT('',(1.443463966571E-1,-6.789316395791E-2,
-8.367184939691E-2));
#824=CARTESIAN_POINT('',(1.438224365323E-1,-7.731048207776E-2,
-7.505746274296E-2));
#825=CARTESIAN_POINT('',(1.432980883540E-1,-8.564874662961E-2,
-6.538230608407E-2));
#826=CARTESIAN_POINT('',(1.427739923934E-1,-9.278012292436E-2,
-5.479354268104E-2));
#827=CARTESIAN_POINT('',(1.422500539749E-1,-9.860785899109E-2,
-4.343937648030E-2));
#828=CARTESIAN_POINT('',(1.417259283301E-1,-1.030538655095E-1,
-3.147150572729E-2));
#829=CARTESIAN_POINT('',(1.412016015458E-1,-1.060535929433E-1,
-1.905685298093E-2));
#830=CARTESIAN_POINT('',(1.406776499720E-1,-1.075625876686E-1,
-6.383612527501E-3));
#831=CARTESIAN_POINT('',(1.401536746296E-1,-1.075631824278E-1,
6.379734185888E-3));
#832=CARTESIAN_POINT('',(1.396293058017E-1,-1.060525922946E-1,
1.906303820552E-2));
#833=CARTESIAN_POINT('',(1.391052448070E-1,-1.030535787729E-1,
3.147120030582E-2));
#834=CARTESIAN_POINT('',(1.385813060204E-1,-9.860982317364E-2,
4.343501354341E-2));
#835=CARTESIAN_POINT('',(1.380571363719E-1,-9.277997061211E-2,
5.479446065649E-2));
#836=CARTESIAN_POINT('',(1.375328461071E-1,-8.564522916382E-2,
6.538665878689E-2));
#837=CARTESIAN_POINT('',(1.370089023722E-1,-7.731322555780E-2,
7.505416992985E-2));
#838=CARTESIAN_POINT('',(1.364849077394E-1,-6.789607542864E-2,
8.366998824535E-2));
#839=CARTESIAN_POINT('',(1.359605274668E-1,-5.751802818705E-2,
9.111654972543E-2));
#840=CARTESIAN_POINT('',(1.354364964148E-1,-4.633922486050E-2,
9.727870568913E-2));
#841=CARTESIAN_POINT('',(1.349125569804E-1,-3.451249302528E-2,
1.020754357066E-1));
#842=CARTESIAN_POINT('',(1.343883383079E-1,-2.219489569849E-2,
1.054416563709E-1));
#843=CARTESIAN_POINT('',(1.338640937663E-1,-9.564881572180E-3,
1.073267188305E-1));
#844=CARTESIAN_POINT('',(1.333401537913E-1,3.191990274821E-3,
1.077045902656E-1));
#845=CARTESIAN_POINT('',(1.328161358165E-1,1.590601235387E-2,
1.065717902194E-1));
#846=CARTESIAN_POINT('',(1.322917532258E-1,2.840537963734E-2,
1.039407541434E-1));
#847=CARTESIAN_POINT('',(1.317677473817E-1,4.049693752306E-2,
9.985220700310E-2));
#848=CARTESIAN_POINT('',(1.312438059463E-1,5.201905900073E-2,
9.436383642792E-2));
#849=CARTESIAN_POINT('',(1.307195372365E-1,6.281792305825E-2,
8.754692851741E-2));
#850=CARTESIAN_POINT('',(1.301953436171E-1,7.273281711505E-2,
7.950119116711E-2));
#851=CARTESIAN_POINT('',(1.296714043838E-1,8.162235851704E-2,
7.034389769487E-2));
#852=CARTESIAN_POINT('',(1.291473587782E-1,8.936869010826E-2,
6.019790511966E-2));
#853=CARTESIAN_POINT('',(1.286229828840E-1,9.586414841515E-2,
4.919966248334E-2));
#854=CARTESIAN_POINT('',(1.280989981951E-1,1.010088835107E-1,
3.751889184684E-2));
#855=CARTESIAN_POINT('',(1.275750507907E-1,1.047367454620E-1,
2.531281529738E-2));
#856=CARTESIAN_POINT('',(1.270507408083E-1,1.069961569001E-1,
1.274275659713E-2));
#857=CARTESIAN_POINT('',(1.265265935305E-1,1.077519992647E-1,
-2.393483702759E-6));
#858=CARTESIAN_POINT('',(1.260026546407E-1,1.069958459753E-1,
-1.274240522507E-2));
#859=CARTESIAN_POINT('',(1.254785764160E-1,1.047382721486E-1,
-2.530705776585E-2));
#860=CARTESIAN_POINT('',(1.249542164119E-1,1.010077789497E-1,
-3.752285985225E-2));
#861=CARTESIAN_POINT('',(1.244302488075E-1,9.586212947531E-2,
-4.920276760115E-2));
#862=CARTESIAN_POINT('',(1.239062913610E-1,8.937225841333E-2,
-6.019245084215E-2));
#863=CARTESIAN_POINT('',(1.233819493091E-1,8.162218593328E-2,
-7.034467229442E-2));
#864=CARTESIAN_POINT('',(1.228578433513E-1,7.272923848566E-2,-7.950436005E-2));
#865=CARTESIAN_POINT('',(1.223339045252E-1,6.281891703509E-2,
-8.754582217640E-2));
#866=CARTESIAN_POINT('',(1.218097886613E-1,5.202367817492E-2,
-9.436149341772E-2));
#867=CARTESIAN_POINT('',(1.212854537490E-1,4.049295665256E-2,
-9.985414594093E-2));
#868=CARTESIAN_POINT('',(1.207614991562E-1,2.840222864208E-2,
-1.039412037769E-1));
#869=CARTESIAN_POINT('',(1.202375275955E-1,1.591279344926E-2,
-1.065707317278E-1));
#870=CARTESIAN_POINT('',(1.197131626765E-1,3.190419885094E-3,
-1.077050301982E-1));
#871=CARTESIAN_POINT('',(1.191890930174E-1,-9.569603403833E-3,
-1.073261427246E-1));
#872=CARTESIAN_POINT('',(1.186651539753E-1,-2.219218233244E-2,
-1.054419390451E-1));
#873=CARTESIAN_POINT('',(1.181409954524E-1,-3.450860272798E-2,
-1.020769905843E-1));
#874=CARTESIAN_POINT('',(1.176166948330E-1,-4.634350442582E-2,
-9.727693497484E-2));
#875=CARTESIAN_POINT('',(1.170927491794E-1,-5.751994939276E-2,
-9.111486101116E-2));
#876=CARTESIAN_POINT('',(1.165687594324E-1,-6.789063977492E-2,
-8.367439232777E-2));
#877=CARTESIAN_POINT('',(1.160443808480E-1,-7.731515143413E-2,
-7.505276312428E-2));
#878=CARTESIAN_POINT('',(1.155203424668E-1,-8.564787880245E-2,
-6.538281638913E-2));
#879=CARTESIAN_POINT('',(1.149964029291E-1,-9.277777803678E-2,
-5.479770336915E-2));
#880=CARTESIAN_POINT('',(1.144721967268E-1,-9.860885227364E-2,
-4.343789236120E-2));
#881=CARTESIAN_POINT('',(1.139479396023E-1,-1.030551285223E-1,
-3.146671810873E-2));
#882=CARTESIAN_POINT('',(1.134239988131E-1,-1.060525179344E-1,
-1.906121096930E-2));
#883=CARTESIAN_POINT('',(1.128999868168E-1,-1.075628080945E-1,
-6.386640491773E-3));
#884=CARTESIAN_POINT('',(1.123756037344E-1,-1.075628080945E-1,
6.386640491770E-3));
#885=CARTESIAN_POINT('',(1.118515917381E-1,-1.060525179344E-1,
1.906121096929E-2));
#886=CARTESIAN_POINT('',(1.113276509489E-1,-1.030551285223E-1,
3.146671810873E-2));
#887=CARTESIAN_POINT('',(1.108033938244E-1,-9.860885227364E-2,
4.343789236119E-2));
#888=CARTESIAN_POINT('',(1.102791876221E-1,-9.277777803678E-2,
5.479770336915E-2));
#889=CARTESIAN_POINT('',(1.097552480845E-1,-8.564787880245E-2,
6.538281638913E-2));
#890=CARTESIAN_POINT('',(1.092312097032E-1,-7.731515143413E-2,
7.505276312428E-2));
#891=CARTESIAN_POINT('',(1.087068311189E-1,-6.789063977492E-2,
8.367439232777E-2));
#892=CARTESIAN_POINT('',(1.081828413719E-1,-5.751994939276E-2,
9.111486101115E-2));
#893=CARTESIAN_POINT('',(1.076588957182E-1,-4.634350442582E-2,
9.727693497484E-2));
#894=CARTESIAN_POINT('',(1.071345950989E-1,-3.450860272798E-2,
1.020769905843E-1));
#895=CARTESIAN_POINT('',(1.066104365759E-1,-2.219218233245E-2,
1.054419390451E-1));
#896=CARTESIAN_POINT('',(1.060864975339E-1,-9.569603403834E-3,
1.073261427246E-1));
#897=CARTESIAN_POINT('',(1.055624278748E-1,3.190419885092E-3,
1.077050301982E-1));
#898=CARTESIAN_POINT('',(1.050380629558E-1,1.591279344926E-2,
1.065707317278E-1));
#899=CARTESIAN_POINT('',(1.045140913951E-1,2.840222864208E-2,
1.039412037769E-1));
#900=CARTESIAN_POINT('',(1.039901368023E-1,4.049295665256E-2,
9.985414594093E-2));
#901=CARTESIAN_POINT('',(1.034658018899E-1,5.202367817492E-2,
9.436149341772E-2));
#902=CARTESIAN_POINT('',(1.029416860260E-1,6.281891703509E-2,
8.754582217640E-2));
#903=CARTESIAN_POINT('',(1.024177472E-1,7.272923848566E-2,7.950436005001E-2));
#904=CARTESIAN_POINT('',(1.018936412421E-1,8.162218593328E-2,
7.034467229442E-2));
#905=CARTESIAN_POINT('',(1.013692991903E-1,8.937225841333E-2,
6.019245084215E-2));
#906=CARTESIAN_POINT('',(1.008453417438E-1,9.586212947531E-2,
4.920276760115E-2));
#907=CARTESIAN_POINT('',(1.003213741394E-1,1.010077789497E-1,
3.752285985225E-2));
#908=CARTESIAN_POINT('',(9.979701413527E-2,1.047382721486E-1,
2.530705776586E-2));
#909=CARTESIAN_POINT('',(9.927293591053E-2,1.069958459753E-1,
1.274240522507E-2));
#910=CARTESIAN_POINT('',(9.874899702072E-2,1.077519992647E-1,
2.393483704012E-6));
#911=CARTESIAN_POINT('',(9.822484974299E-2,1.069961569001E-1,
-1.274275659713E-2));
#912=CARTESIAN_POINT('',(9.770053976055E-2,1.047367454620E-1,
-2.531281529737E-2));
#913=CARTESIAN_POINT('',(9.717659235610E-2,1.010088835107E-1,
-3.751889184684E-2));
#914=CARTESIAN_POINT('',(9.665260766728E-2,9.586414841515E-2,
-4.919966248334E-2));
#915=CARTESIAN_POINT('',(9.612823177306E-2,8.936869010826E-2,
-6.019790511965E-2));
#916=CARTESIAN_POINT('',(9.560418616748E-2,8.162235851704E-2,
-7.034389769486E-2));
#917=CARTESIAN_POINT('',(9.508024693418E-2,7.273281711505E-2,
-7.950119116711E-2));
#918=CARTESIAN_POINT('',(9.455605331474E-2,6.281792305825E-2,
-8.754692851741E-2));
#919=CARTESIAN_POINT('',(9.403178460490E-2,5.201905900074E-2,
-9.436383642791E-2));
#920=CARTESIAN_POINT('',(9.350784316951E-2,4.049693752306E-2,
-9.985220700310E-2));
#921=CARTESIAN_POINT('',(9.298383732545E-2,2.840537963734E-2,
-1.039407541434E-1));
#922=CARTESIAN_POINT('',(9.245945473469E-2,1.590601235387E-2,
-1.065717902194E-1));
#923=CARTESIAN_POINT('',(9.193543675989E-2,3.191990274823E-3,
-1.077045902656E-1));
#924=CARTESIAN_POINT('',(9.141149678490E-2,-9.564881572179E-3,
-1.073267188305E-1));
#925=CARTESIAN_POINT('',(9.088725224333E-2,-2.219489569849E-2,
-1.054416563709E-1));
#926=CARTESIAN_POINT('',(9.036303357080E-2,-3.451249302527E-2,
-1.020754357066E-1));
#927=CARTESIAN_POINT('',(8.983909413643E-2,-4.633922486050E-2,
-9.727870568913E-2));
#928=CARTESIAN_POINT('',(8.931506308444E-2,-5.751802818705E-2,
-9.111654972543E-2));
#929=CARTESIAN_POINT('',(8.879068281182E-2,-6.789607542864E-2,
-8.366998824536E-2));
#930=CARTESIAN_POINT('',(8.826668817903E-2,-7.731322555779E-2,
-7.505416992985E-2));
#931=CARTESIAN_POINT('',(8.774274444415E-2,-8.564522916381E-2,
-6.538665878690E-2));
#932=CARTESIAN_POINT('',(8.721845417936E-2,-9.277997061211E-2,
-5.479446065650E-2));
#933=CARTESIAN_POINT('',(8.669428453085E-2,-9.860982317364E-2,
-4.343501354341E-2));
#934=CARTESIAN_POINT('',(8.617034574426E-2,-1.030535787729E-1,
-3.147120030583E-2));
#935=CARTESIAN_POINT('',(8.564628474954E-2,-1.060525922946E-1,
-1.906303820552E-2));
#936=CARTESIAN_POINT('',(8.512191592167E-2,-1.075631824278E-1,
-6.379734185890E-3));
#937=CARTESIAN_POINT('',(8.459794057922E-2,-1.075625876686E-1,
6.383612527499E-3));
#938=CARTESIAN_POINT('',(8.407398900542E-2,-1.060535929433E-1,
1.905685298093E-2));
#939=CARTESIAN_POINT('',(8.354966222108E-2,-1.030538655095E-1,
3.147150572729E-2));
#940=CARTESIAN_POINT('',(8.302553657633E-2,-9.860785899109E-2,
4.343937648030E-2));
#941=CARTESIAN_POINT('',(8.250159815785E-2,-9.278012292436E-2,
5.479354268104E-2));
#942=CARTESIAN_POINT('',(8.197750219719E-2,-8.564874662961E-2,
6.538230608407E-2));
#943=CARTESIAN_POINT('',(8.145315401888E-2,-7.731048207776E-2,
7.505746274296E-2));
#944=CARTESIAN_POINT('',(8.092919389408E-2,-6.789316395791E-2,
8.367184939691E-2));
#945=CARTESIAN_POINT('',(8.040523040731E-2,-5.752367399356E-2,
9.111290714325E-2));
#946=CARTESIAN_POINT('',(7.988087630653E-2,-4.633834697030E-2,
9.727955029467E-2));
#947=CARTESIAN_POINT('',(7.935678964533E-2,-3.450793767969E-2,
1.020768531745E-1));
#948=CARTESIAN_POINT('',(7.883285131514E-2,-2.219686201861E-2,
1.054409342076E-1));
#949=CARTESIAN_POINT('',(7.830871536449E-2,-9.569587913492E-3,
1.073265025881E-1));
#950=CARTESIAN_POINT('',(7.778439704184E-2,3.196530268307E-3,
1.077047286633E-1));
#951=CARTESIAN_POINT('',(7.726044806155E-2,1.590877604242E-2,
1.065709719936E-1));
#952=CARTESIAN_POINT('',(7.673646858714E-2,2.839866182995E-2,
1.039425635634E-1));
#953=CARTESIAN_POINT('',(7.621209637419E-2,4.049892209227E-2,
9.985183265013E-2));
#954=CARTESIAN_POINT('',(7.568804367560E-2,5.202309897392E-2,
9.436139093657E-2));
#955=CARTESIAN_POINT('',(7.516410515464E-2,6.281506519334E-2,
8.754865742174E-2));
#956=CARTESIAN_POINT('',(7.463992418599E-2,7.273031259985E-2,
7.950382157775E-2));
#957=CARTESIAN_POINT('',(7.411564493790E-2,8.162558009784E-2,
7.034047921450E-2));
#958=CARTESIAN_POINT('',(7.359170298637E-2,8.936956902496E-2,
6.019588197744E-2));
#959=CARTESIAN_POINT('',(7.306770360594E-2,9.586097302720E-2,
4.920588546364E-2));
#960=CARTESIAN_POINT('',(7.254332190024E-2,1.010101983280E-1,
3.751649561060E-2));
#961=CARTESIAN_POINT('',(7.201930033040E-2,1.047375712690E-1,
2.530834363676E-2));
#962=CARTESIAN_POINT('',(7.149535317518E-2,1.069954171105E-1,
1.274699056913E-2));
#963=CARTESIAN_POINT('',(7.114588614459E-2,1.075E-1,4.249396536967E-3));
#964=CARTESIAN_POINT('',(7.097112860892E-2,1.075E-1,0.E0));
#966=DIRECTION('',(-5.E-1,8.660254037844E-1,0.E0));
#967=VECTOR('',#966,1.657040733225E-2);
#968=CARTESIAN_POINT('',(1.543044619423E-1,1.075E-1,0.E0));
#969=LINE('',#968,#967);
#970=CARTESIAN_POINT('',(1.260411091780E-1,-1.218503937008E-1,0.E0));
#971=CARTESIAN_POINT('',(1.262064965655E-1,-1.218503937008E-1,
-4.558389544257E-3));
#972=CARTESIAN_POINT('',(1.265372325494E-1,-1.213382201290E-1,
-1.367407448802E-2));
#973=CARTESIAN_POINT('',(1.270331368538E-1,-1.190449080448E-1,
-2.717018788455E-2));
#974=CARTESIAN_POINT('',(1.275290913796E-1,-1.152552788335E-1,
-4.032623477631E-2));
#975=CARTESIAN_POINT('',(1.280253462354E-1,-1.100127970177E-1,
-5.298270713761E-2));
#976=CARTESIAN_POINT('',(1.285212907300E-1,-1.033898982813E-1,
-6.496488186708E-2));
#977=CARTESIAN_POINT('',(1.290171868764E-1,-9.546850184472E-2,
-7.612953566580E-2));
#978=CARTESIAN_POINT('',(1.295132858414E-1,-8.634326158212E-2,
-8.634140480463E-2));
#979=CARTESIAN_POINT('',(1.300094685818E-1,-7.612982334699E-2,
-9.546834967849E-2));
#980=CARTESIAN_POINT('',(1.305053573668E-1,-6.496531535255E-2,
-1.033896197135E-1));
#981=CARTESIAN_POINT('',(1.310013297352E-1,-5.298249291408E-2,
-1.100129277796E-1));
#982=CARTESIAN_POINT('',(1.314975819334E-1,-4.032606018320E-2,
-1.152553223454E-1));
#983=CARTESIAN_POINT('',(1.319935228647E-1,-2.717037714453E-2,
-1.190448563292E-1));
#984=CARTESIAN_POINT('',(1.324894218540E-1,-1.367441780352E-2,
-1.213381721858E-1));
#985=CARTESIAN_POINT('',(1.329855144528E-1,-1.191224184412E-6,
-1.221064753099E-1));
#986=CARTESIAN_POINT('',(1.334816727484E-1,1.367385471899E-2,
-1.213382887600E-1));
#987=CARTESIAN_POINT('',(1.339775677635E-1,2.716971273599E-2,
-1.190449871754E-1));
#988=CARTESIAN_POINT('',(1.344735005110E-1,4.032520183244E-2,
-1.152556133736E-1));
#989=CARTESIAN_POINT('',(1.349697444334E-1,5.298147394168E-2,
-1.100134231505E-1));
#990=CARTESIAN_POINT('',(1.354657353214E-1,6.496480377753E-2,
-1.033899698210E-1));
#991=CARTESIAN_POINT('',(1.359616241322E-1,7.612931133526E-2,
-9.546870164930E-2));
#992=CARTESIAN_POINT('',(1.364577544576E-1,8.634179481822E-2,
-8.634285764560E-2));
#993=CARTESIAN_POINT('',(1.369538926650E-1,9.546792392135E-2,
-7.613032933407E-2));
#994=CARTESIAN_POINT('',(1.374497954534E-1,1.033894587675E-1,
-6.496554366966E-2));
#995=CARTESIAN_POINT('',(1.379457235855E-1,1.100122639754E-1,
-5.298383221222E-2));
#996=CARTESIAN_POINT('',(1.384420077869E-1,1.152551631347E-1,
-4.032665283623E-2));
#997=CARTESIAN_POINT('',(1.389379731204E-1,1.190448803062E-1,
-2.717031589805E-2));
#998=CARTESIAN_POINT('',(1.394338783168E-1,1.213382106916E-1,
-1.367417878046E-2));
#999=CARTESIAN_POINT('',(1.397646169044E-1,1.218503937008E-1,
-4.558420370723E-3));
#1000=CARTESIAN_POINT('',(1.399300053777E-1,1.218503937008E-1,0.E0));
#1002=CARTESIAN_POINT('',(1.460192582761E-1,1.218503937008E-1,0.E0));
#1003=CARTESIAN_POINT('',(1.458538695538E-1,1.218503937008E-1,
-4.558434432281E-3));
#1004=CARTESIAN_POINT('',(1.455231305272E-1,1.213382061090E-1,
-1.367421897658E-2));
#1005=CARTESIAN_POINT('',(1.450272265290E-1,1.190448749563E-1,
-2.717034392775E-2));
#1006=CARTESIAN_POINT('',(1.445312592101E-1,1.152551317470E-1,
-4.032675188046E-2));
#1007=CARTESIAN_POINT('',(1.440349738935E-1,1.100121973206E-1,
-5.298397260431E-2));
#1008=CARTESIAN_POINT('',(1.435390479054E-1,1.033893930671E-1,
-6.496563826062E-2));
#1009=CARTESIAN_POINT('',(1.430431465279E-1,9.546787413422E-2,
-7.613041412607E-2));
#1010=CARTESIAN_POINT('',(1.425469960125E-1,8.634146474408E-2,
-8.634316990931E-2));
#1011=CARTESIAN_POINT('',(1.420508947208E-1,7.612955956381E-2,
-9.546848964204E-2));
#1012=CARTESIAN_POINT('',(1.415550009035E-1,6.496494228682E-2,
-1.033898665559E-1));
#1013=CARTESIAN_POINT('',(1.410590493519E-1,5.298257473503E-2,
-1.100128524425E-1));
#1014=CARTESIAN_POINT('',(1.405628112281E-1,4.032651513869E-2,
-1.152551797977E-1));
#1015=CARTESIAN_POINT('',(1.400668495455E-1,2.717026729357E-2,
-1.190448749107E-1));
#1016=CARTESIAN_POINT('',(1.395709632183E-1,1.367463781748E-2,
-1.213381866425E-1));
#1017=CARTESIAN_POINT('',(1.390747978021E-1,-6.161078306664E-7,
-1.221065157739E-1));
#1018=CARTESIAN_POINT('',(1.385786616761E-1,-1.367505591597E-2,
-1.213381124610E-1));
#1019=CARTESIAN_POINT('',(1.380827749787E-1,-2.717069209479E-2,
-1.190447964449E-1));
#1020=CARTESIAN_POINT('',(1.375867987111E-1,-4.032730050531E-2,
-1.152549053352E-1));
#1021=CARTESIAN_POINT('',(1.370905688112E-1,-5.298311849829E-2,
-1.100125906422E-1));
#1022=CARTESIAN_POINT('',(1.365946132213E-1,-6.496553233428E-2,
-1.033894783376E-1));
#1023=CARTESIAN_POINT('',(1.360987238680E-1,-7.613005116143E-2,
-9.546817072122E-2));
#1024=CARTESIAN_POINT('',(1.356025430788E-1,-8.634343414415E-2,
-8.634122467857E-2));
#1025=CARTESIAN_POINT('',(1.351064507941E-1,-9.546854708607E-2,
-7.612947180694E-2));
#1026=CARTESIAN_POINT('',(1.346105538102E-1,-1.033899655768E-1,
-6.496478971305E-2));
#1027=CARTESIAN_POINT('',(1.341145963136E-1,-1.100130247370E-1,
-5.298227680193E-2));
#1028=CARTESIAN_POINT('',(1.336183324972E-1,-1.152555145483E-1,
-4.032552768078E-2));
#1029=CARTESIAN_POINT('',(1.331224002684E-1,-1.190449271553E-1,
-2.717004648215E-2));
#1030=CARTESIAN_POINT('',(1.326264939156E-1,-1.213382457549E-1,
-1.367386722001E-2));
#1031=CARTESIAN_POINT('',(1.322957633956E-1,-1.218503937008E-1,
-4.558323751784E-3));
#1032=CARTESIAN_POINT('',(1.321303785258E-1,-1.218503937008E-1,0.E0));
#1034=DIRECTION('',(1.E0,0.E0,0.E0));
#1035=VECTOR('',#1034,6.089252898463E-3);
#1036=CARTESIAN_POINT('',(1.399300053777E-1,1.218503937008E-1,0.E0));
#1037=LINE('',#1036,#1035);
#1038=CARTESIAN_POINT('',(1.599081380265E-1,-1.218503937008E-1,0.E0));
#1039=CARTESIAN_POINT('',(1.597427530749E-1,-1.218503937008E-1,
4.558326004248E-3));
#1040=CARTESIAN_POINT('',(1.594120224983E-1,-1.213382452117E-1,
1.367387099908E-2));
#1041=CARTESIAN_POINT('',(1.589161163779E-1,-1.190449274732E-1,
2.717004392486E-2));
#1042=CARTESIAN_POINT('',(1.584201847078E-1,-1.152555192804E-1,
4.032551020557E-2));
#1043=CARTESIAN_POINT('',(1.579239221803E-1,-1.100130477867E-1,
5.298222837780E-2));
#1044=CARTESIAN_POINT('',(1.574279637839E-1,-1.033899817899E-1,
6.496476594411E-2));
#1045=CARTESIAN_POINT('',(1.569320669225E-1,-9.546856583588E-2,
7.612944557184E-2));
#1046=CARTESIAN_POINT('',(1.564359761756E-1,-8.634348729993E-2,
8.634117234885E-2));
#1047=CARTESIAN_POINT('',(1.559397931006E-1,-7.613006124690E-2,
9.546816481211E-2));
#1048=CARTESIAN_POINT('',(1.554439037696E-1,-6.496554240836E-2,
1.033894717098E-1));
#1049=CARTESIAN_POINT('',(1.549479476168E-1,-5.298311587800E-2,
1.100125930516E-1));
#1050=CARTESIAN_POINT('',(1.544517169904E-1,-4.032727833842E-2,
1.152549131970E-1));
#1051=CARTESIAN_POINT('',(1.539557411695E-1,-2.717068110637E-2,
1.190447983752E-1));
#1052=CARTESIAN_POINT('',(1.534598544644E-1,-1.367504468418E-2,
1.213381145328E-1));
#1053=CARTESIAN_POINT('',(1.529637175294E-1,-5.824159610745E-7,
1.221065156543E-1));
#1054=CARTESIAN_POINT('',(1.524675530297E-1,1.367464613496E-2,
1.213381850496E-1));
#1055=CARTESIAN_POINT('',(1.519716666394E-1,2.717027715717E-2,
1.190448727447E-1));
#1056=CARTESIAN_POINT('',(1.514757050516E-1,4.032652235101E-2,
1.152551775051E-1));
#1057=CARTESIAN_POINT('',(1.509794665240E-1,5.298259153839E-2,
1.100128443536E-1));
#1058=CARTESIAN_POINT('',(1.504835153042E-1,6.496495036957E-2,
1.033898614688E-1));
#1059=CARTESIAN_POINT('',(1.499876212131E-1,7.612957280584E-2,
9.546847888561E-2));
#1060=CARTESIAN_POINT('',(1.494915206461E-1,8.634146212485E-2,
8.634317142623E-2));
#1061=CARTESIAN_POINT('',(1.489953704301E-1,9.546786722132E-2,
7.613042296254E-2));
#1062=CARTESIAN_POINT('',(1.484994688514E-1,1.033893901018E-1,
6.496564307533E-2));
#1063=CARTESIAN_POINT('',(1.480035429784E-1,1.100121934575E-1,
5.298398053514E-2));
#1064=CARTESIAN_POINT('',(1.475072575116E-1,1.152551304032E-1,
4.032675637513E-2));
#1065=CARTESIAN_POINT('',(1.470112900634E-1,1.190448747481E-1,
2.717034501578E-2));
#1066=CARTESIAN_POINT('',(1.465153860735E-1,1.213382059634E-1,
1.367422030473E-2));
#1067=CARTESIAN_POINT('',(1.461846470138E-1,1.218503937008E-1,
4.558434854647E-3));
#1068=CARTESIAN_POINT('',(1.460192582761E-1,1.218503937008E-1,0.E0));
#1070=DIRECTION('',(1.E0,0.E0,-2.206376568319E-14));
#1071=VECTOR('',#1070,6.089241932245E-3);
#1072=CARTESIAN_POINT('',(1.538188960942E-1,-1.218503937008E-1,0.E0));
#1073=LINE('',#1072,#1071);
#1074=CARTESIAN_POINT('',(1.399300053777E-1,1.218503937008E-1,0.E0));
#1075=CARTESIAN_POINT('',(1.400953919442E-1,1.218503937008E-1,
4.558367816453E-3));
#1076=CARTESIAN_POINT('',(1.404261255131E-1,1.213382287025E-1,
1.367398834132E-2));
#1077=CARTESIAN_POINT('',(1.409220288179E-1,1.190449279872E-1,
2.717007872447E-2));
#1078=CARTESIAN_POINT('',(1.414179701411E-1,1.152554134676E-1,
4.032578060431E-2));
#1079=CARTESIAN_POINT('',(1.419142083062E-1,1.100132049370E-1,
5.298187103326E-2));
#1080=CARTESIAN_POINT('',(1.424101744433E-1,1.033900902952E-1,
6.496461405522E-2));
#1081=CARTESIAN_POINT('',(1.429060698468E-1,9.546870195353E-2,
7.612925299951E-2));
#1082=CARTESIAN_POINT('',(1.434021507456E-1,8.634385727637E-2,
8.634081173122E-2));
#1083=CARTESIAN_POINT('',(1.438983530509E-1,7.613006639562E-2,
9.546817864550E-2));
#1084=CARTESIAN_POINT('',(1.443942429830E-1,6.496553082373E-2,
1.033894747679E-1));
#1085=CARTESIAN_POINT('',(1.448902076152E-1,5.298291417739E-2,
1.100127196068E-1));
#1086=CARTESIAN_POINT('',(1.453864621635E-1,4.032644072601E-2,
1.152552014393E-1));
#1087=CARTESIAN_POINT('',(1.458824122167E-1,2.717051610600E-2,
1.190448194972E-1));
#1088=CARTESIAN_POINT('',(1.463783038523E-1,1.367475753709E-2,
1.213381491587E-1));
#1089=CARTESIAN_POINT('',(1.468744300310E-1,5.996591297954E-7,
1.221065021158E-1));
#1090=CARTESIAN_POINT('',(1.473705899766E-1,-1.367449283480E-2,
1.213382045780E-1));
#1091=CARTESIAN_POINT('',(1.478664789719E-1,-2.717018494302E-2,
1.190448896041E-1));
#1092=CARTESIAN_POINT('',(1.483624332247E-1,-4.032623120432E-2,
1.152552761656E-1));
#1093=CARTESIAN_POINT('',(1.488586783035E-1,-5.298247198917E-2,
1.100129144366E-1));
#1094=CARTESIAN_POINT('',(1.493546390445E-1,-6.496504895136E-2,
1.033898055082E-1));
#1095=CARTESIAN_POINT('',(1.498505359687E-1,-7.612971620194E-2,
9.546836988635E-2));
#1096=CARTESIAN_POINT('',(1.503466398299E-1,-8.634164085693E-2,
8.634298483878E-2));
#1097=CARTESIAN_POINT('',(1.508427798358E-1,-9.546784037807E-2,
7.613044684246E-2));
#1098=CARTESIAN_POINT('',(1.513386837628E-1,-1.033894012346E-1,
6.496563069983E-2));
#1099=CARTESIAN_POINT('',(1.518346095105E-1,-1.100121926659E-1,
5.298397926702E-2));
#1100=CARTESIAN_POINT('',(1.523308953929E-1,-1.152551304073E-1,
4.032675727278E-2));
#1101=CARTESIAN_POINT('',(1.528268633229E-1,-1.190448745613E-1,
2.717034544296E-2));
#1102=CARTESIAN_POINT('',(1.533227677687E-1,-1.213382058530E-1,
1.367422143810E-2));
#1103=CARTESIAN_POINT('',(1.536535071766E-1,-1.218503937008E-1,
4.558435316938E-3));
#1104=CARTESIAN_POINT('',(1.538188960942E-1,-1.218503937008E-1,0.E0));
#1106=CARTESIAN_POINT('',(1.942716535433E-1,-9.965455434146E-2,
4.031401492044E-2));
#1107=CARTESIAN_POINT('',(1.940963065066E-1,-9.805559803457E-2,
4.426656785989E-2));
#1108=CARTESIAN_POINT('',(1.937456589909E-1,-9.438721769831E-2,
5.198010051723E-2));
#1109=CARTESIAN_POINT('',(1.932199103048E-1,-8.755345501190E-2,
6.281110048687E-2));
#1110=CARTESIAN_POINT('',(1.926941354643E-1,-7.948287523697E-2,
7.275561955317E-2));
#1111=CARTESIAN_POINT('',(1.921680064654E-1,-7.028268094330E-2,
8.167779391392E-2));
#1112=CARTESIAN_POINT('',(1.916421696465E-1,-6.009395908794E-2,
8.944030287739E-2));
#1113=CARTESIAN_POINT('',(1.911164298717E-1,-4.905843257362E-2,
9.593816627623E-2));
#1114=CARTESIAN_POINT('',(1.905905412196E-1,-3.732658935203E-2,
1.010823706672E-1));
#1115=CARTESIAN_POINT('',(1.900644424546E-1,-2.506208829279E-2,
1.047988185316E-1));
#1116=CARTESIAN_POINT('',(1.895386869371E-1,-1.245140250462E-2,
1.070317651449E-1));
#1117=CARTESIAN_POINT('',(1.890129404713E-1,3.348792844176E-4,
1.077533377264E-1));
#1118=CARTESIAN_POINT('',(1.884868736412E-1,1.312423150606E-2,
1.069517447658E-1));
#1119=CARTESIAN_POINT('',(1.879609440321E-1,2.572467278669E-2,
1.046379960394E-1));
#1120=CARTESIAN_POINT('',(1.874352040590E-1,3.795713192906E-2,
1.008469258947E-1));
#1121=CARTESIAN_POINT('',(1.869093950790E-1,4.965512319110E-2,
9.563097237704E-2));
#1122=CARTESIAN_POINT('',(1.863832591903E-1,6.065800056067E-2,
8.905907819095E-2));
#1123=CARTESIAN_POINT('',(1.858574622122E-1,7.079636033122E-2,
8.123250135762E-2));
#1124=CARTESIAN_POINT('',(1.853317220534E-1,7.993382690499E-2,
7.225964538094E-2));
#1125=CARTESIAN_POINT('',(1.848057700747E-1,8.794530363852E-2,
6.226190737294E-2));
#1126=CARTESIAN_POINT('',(1.842797228652E-1,9.471434268016E-2,
5.138174229143E-2));
#1127=CARTESIAN_POINT('',(1.837539794011E-1,1.001411140036E-1,
3.978183213964E-2));
#1128=CARTESIAN_POINT('',(1.832282178570E-1,1.041539859278E-1,
2.761975294073E-2));
#1129=CARTESIAN_POINT('',(1.827021068644E-1,1.066965154890E-1,
1.505897360171E-2));
#1130=CARTESIAN_POINT('',(1.821762368E-1,1.077293336326E-1,2.291017115489E-3));
#1131=CARTESIAN_POINT('',(1.816504972161E-1,1.072402769739E-1,
-1.050608540409E-2));
#1132=CARTESIAN_POINT('',(1.811246444261E-1,1.052361394251E-1,
-2.315757043302E-2));
#1133=CARTESIAN_POINT('',(1.805985235641E-1,1.017423890231E-1,
-3.548791949862E-2));
#1134=CARTESIAN_POINT('',(1.800727549148E-1,9.681296381046E-2,
-4.730843584234E-2));
#1135=CARTESIAN_POINT('',(1.795470134205E-1,9.051673667363E-2,
-5.846029801875E-2));
#1136=CARTESIAN_POINT('',(1.790209883453E-1,8.293744478290E-2,
-6.879172932535E-2));
#1137=CARTESIAN_POINT('',(1.784950127097E-1,7.418596515575E-2,
-7.814934320120E-2));
#1138=CARTESIAN_POINT('',(1.779692724051E-1,6.439032735166E-2,
-8.639865420817E-2));
#1139=CARTESIAN_POINT('',(1.774434862556E-1,5.368445209042E-2,
-9.342852965350E-2));
#1140=CARTESIAN_POINT('',(1.769173530122E-1,4.221218411217E-2,
-9.914155112576E-2));
#1141=CARTESIAN_POINT('',(1.763915308557E-1,3.014993699006E-2,
-1.034496508307E-1));
#1142=CARTESIAN_POINT('',(1.758657912151E-1,1.766382318652E-2,
-1.062960700764E-1));
#1143=CARTESIAN_POINT('',(1.753398829479E-1,4.924066342886E-3,
-1.076414148820E-1));
#1144=CARTESIAN_POINT('',(1.748137991336E-1,-7.889580626783E-3,
-1.074646544295E-1));
#1145=CARTESIAN_POINT('',(1.742880488863E-1,-2.058359937846E-2,
-1.057693309781E-1));
#1146=CARTESIAN_POINT('',(1.737622986596E-1,-3.298696733255E-2,
-1.025804923664E-1));
#1147=CARTESIAN_POINT('',(1.732362149115E-1,-4.493174998910E-2,
-9.793905488228E-2));
#1148=CARTESIAN_POINT('',(1.727103066677E-1,-5.623722565053E-2,
-9.191430585753E-2));
#1149=CARTESIAN_POINT('',(1.721845671129E-1,-6.674464442111E-2,
-8.459315216711E-2));
#1150=CARTESIAN_POINT('',(1.716587450922E-1,-7.631097950562E-2,
-7.607594923190E-2));
#1151=CARTESIAN_POINT('',(1.711326119765E-1,-8.480352780912E-2,
-6.647760693861E-2));
#1152=CARTESIAN_POINT('',(1.706068259684E-1,-9.209177671217E-2,
-5.594592363265E-2));
#1153=CARTESIAN_POINT('',(1.700810858485E-1,-9.807891224819E-2,
-4.462515247593E-2));
#1154=CARTESIAN_POINT('',(1.695551104638E-1,-1.026824637856E-1,
-3.266853840446E-2));
#1155=CARTESIAN_POINT('',(1.690290855807E-1,-1.058341802525E-1,
-2.024876194181E-2));
#1156=CARTESIAN_POINT('',(1.685033443418E-1,-1.074887976564E-1,
-7.549598628413E-3));
#1157=CARTESIAN_POINT('',(1.679775759877E-1,-1.076256088656E-1,
5.256849517538E-3));
#1158=CARTESIAN_POINT('',(1.674514554457E-1,-1.062403277426E-1,
1.799752406773E-2));
#1159=CARTESIAN_POINT('',(1.669256029597E-1,-1.033537163054E-1,
3.047727295582E-2));
#1160=CARTESIAN_POINT('',(1.663998637320E-1,-9.900798737614E-2,
4.252383466760E-2));
#1161=CARTESIAN_POINT('',(1.658739940749E-1,-9.326238198078E-2,
5.397265242279E-2));
#1162=CARTESIAN_POINT('',(1.653478834693E-1,-8.619493907225E-2,
6.466325092237E-2));
#1163=CARTESIAN_POINT('',(1.648221223448E-1,-7.791397888554E-2,
7.443284743724E-2));
#1164=CARTESIAN_POINT('',(1.642963793386E-1,-6.853312845954E-2,
8.315107003863E-2));
#1165=CARTESIAN_POINT('',(1.637703326345E-1,-5.817788526343E-2,
9.069870566223E-2));
#1166=CARTESIAN_POINT('',(1.632443811272E-1,-4.700179995692E-2,
9.696238363686E-2));
#1167=CARTESIAN_POINT('',(1.627186414962E-1,-3.516624638438E-2,
1.018537138506E-1));
#1168=CARTESIAN_POINT('',(1.621928450835E-1,-2.283271685E-2,1.053070723160E-1));
#1169=CARTESIAN_POINT('',(1.616667097711E-1,-1.016828632048E-2,
1.072731098291E-1));
#1170=CARTESIAN_POINT('',(1.611409013780E-1,2.632031553907E-3,
1.077214868958E-1));
#1171=CARTESIAN_POINT('',(1.606151620315E-1,1.539345964669E-2,
1.066485367996E-1));
#1172=CARTESIAN_POINT('',(1.600892330919E-1,2.794199744917E-2,
1.040680831939E-1));
#1173=CARTESIAN_POINT('',(1.595631669183E-1,4.009858047484E-2,
1.000149877903E-1));
#1174=CARTESIAN_POINT('',(1.590374211493E-1,5.168110820962E-2,
9.455104033201E-2));
#1175=CARTESIAN_POINT('',(1.585116663600E-1,6.253406839908E-2,
8.775187133621E-2));
#1176=CARTESIAN_POINT('',(1.579855683499E-1,7.250977485152E-2,
7.970729254162E-2));
#1177=CARTESIAN_POINT('',(1.574596804582E-1,8.145626881539E-2,
7.053891002609E-2));
#1178=CARTESIAN_POINT('',(1.569339414819E-1,8.924962242154E-2,
6.037678853516E-2));
#1179=CARTESIAN_POINT('',(1.564081054902E-1,9.578371199436E-2,
4.935988022570E-2));
#1180=CARTESIAN_POINT('',(1.558819773332E-1,1.009665268762E-1,
3.763865146728E-2));
#1181=CARTESIAN_POINT('',(1.553562033612E-1,1.047187737851E-1,
2.539331104368E-2));
#1182=CARTESIAN_POINT('',(1.548304555719E-1,1.069920247670E-1,
1.279000980616E-2));
#1183=CARTESIAN_POINT('',(1.544798086687E-1,1.075E-1,4.263723274707E-3));
#1184=CARTESIAN_POINT('',(1.543044619423E-1,1.075E-1,0.E0));
#1186=CARTESIAN_POINT('',(1.599081380265E-1,-1.218503937008E-1,0.E0));
#1187=CARTESIAN_POINT('',(1.600749637271E-1,-1.218503937008E-1,
-4.598035806197E-3));
#1188=CARTESIAN_POINT('',(1.604085726834E-1,-1.213292312881E-1,
-1.379290622092E-2));
#1189=CARTESIAN_POINT('',(1.609087371809E-1,-1.189963338179E-1,
-2.740196211217E-2));
#1190=CARTESIAN_POINT('',(1.614090175476E-1,-1.151413812539E-1,
-4.066382544038E-2));
#1191=CARTESIAN_POINT('',(1.619095878013E-1,-1.098096544495E-1,
-5.341261248778E-2));
#1192=CARTESIAN_POINT('',(1.624097775274E-1,-1.030770374751E-1,
-6.546832129332E-2));
#1193=CARTESIAN_POINT('',(1.629099677701E-1,-9.502698097254E-2,
-7.668728760914E-2));
#1194=CARTESIAN_POINT('',(1.634105376863E-1,-8.575407815868E-2,
-8.693286675088E-2));
#1195=CARTESIAN_POINT('',(1.639108195388E-1,-7.538893124819E-2,
-9.605988520010E-2));
#1196=CARTESIAN_POINT('',(1.644109769057E-1,-6.406271296390E-2,
-1.039567220510E-1));
#1197=CARTESIAN_POINT('',(1.649114182015E-1,-5.191032365544E-2,
-1.105278630132E-1));
#1198=CARTESIAN_POINT('',(1.654118579053E-1,-3.909332359709E-2,
-1.156838058337E-1));
#1199=CARTESIAN_POINT('',(1.659120152989E-1,-2.578363878418E-2,
-1.193574326251E-1));
#1200=CARTESIAN_POINT('',(1.664122982107E-1,-1.214092646072E-2,
-1.215058980534E-1));
#1201=CARTESIAN_POINT('',(1.669128678182E-1,1.665083934106E-3,
-1.220995267928E-1));
#1202=CARTESIAN_POINT('',(1.674130575552E-1,1.543930597125E-2,
-1.211305274836E-1));
#1203=CARTESIAN_POINT('',(1.679132481633E-1,2.901622081568E-2,
-1.186133475678E-1));
#1204=CARTESIAN_POINT('',(1.684138185732E-1,4.223192559735E-2,
-1.145755195724E-1));
#1205=CARTESIAN_POINT('',(1.689140999802E-1,5.489947072934E-2,
-1.090735552241E-1));
#1206=CARTESIAN_POINT('',(1.694142574533E-1,6.686210059030E-2,
-1.021787209106E-1));
#1207=CARTESIAN_POINT('',(1.699146999831E-1,7.797602095445E-2,
-9.397249800161E-2));
#1208=CARTESIAN_POINT('',(1.704151387621E-1,8.809147007603E-2,
-8.456313338290E-2));
#1209=CARTESIAN_POINT('',(1.709152962168E-1,9.707467915744E-2,
-7.407765927892E-2));
#1210=CARTESIAN_POINT('',(1.714155799821E-1,1.048189819382E-1,
-6.264236934922E-2));
#1211=CARTESIAN_POINT('',(1.719161492487E-1,1.112253367939E-1,
-5.039832577540E-2));
#1212=CARTESIAN_POINT('',(1.724163387315E-1,1.162037813704E-1,
-3.751876926797E-2));
#1213=CARTESIAN_POINT('',(1.729165297637E-1,1.196970306930E-1,
-2.415964213814E-2));
#1214=CARTESIAN_POINT('',(1.734171007030E-1,1.216603196470E-1,
-1.048101863842E-2));
#1215=CARTESIAN_POINT('',(1.739173812735E-1,1.220653284223E-1,
3.323820244975E-3));
#1216=CARTESIAN_POINT('',(1.744175389872E-1,1.209099290086E-1,
1.708276009738E-2));
#1217=CARTESIAN_POINT('',(1.749179816766E-1,1.182067400005E-1,
3.063097584858E-2));
#1218=CARTESIAN_POINT('',(1.754184196549E-1,1.139900885247E-1,
4.378687317215E-2));
#1219=CARTESIAN_POINT('',(1.759185773526E-1,1.083180717676E-1,
5.637542213227E-2));
#1220=CARTESIAN_POINT('',(1.764188603999E-1,1.012596803534E-1,
6.824633570861E-2));
#1221=CARTESIAN_POINT('',(1.769194295068E-1,9.290047460394E-2,
7.925003919651E-2));
#1222=CARTESIAN_POINT('',(1.774196194801E-1,8.335900905551E-2,
8.923145399106E-2));
#1223=CARTESIAN_POINT('',(1.779198099007E-1,7.275211823583E-2,
9.807240582146E-2));
#1224=CARTESIAN_POINT('',(1.784203804168E-1,6.120563531781E-2,
1.056643478593E-1));
#1225=CARTESIAN_POINT('',(1.789206602499E-1,4.888248824402E-2,
1.118994961538E-1));
#1226=CARTESIAN_POINT('',(1.794208252432E-1,3.593731490748E-2,
1.167027679250E-1));
#1227=CARTESIAN_POINT('',(1.797544341637E-1,2.699638248271E-2,
1.189111251097E-1));
#1228=CARTESIAN_POINT('',(1.799212598425E-1,2.247725795044E-2,
1.197593057765E-1));
#1230=CARTESIAN_POINT('',(1.799212598425E-1,0.E0,0.E0));
#1231=DIRECTION('',(1.E0,0.E0,0.E0));
#1232=DIRECTION('',(0.E0,1.844660264753E-1,9.828388907020E-1));
#1233=AXIS2_PLACEMENT_3D('',#1230,#1231,#1232);
#1235=CARTESIAN_POINT('',(1.677077758446E-1,1.218503937008E-1,0.E0));
#1236=CARTESIAN_POINT('',(1.678774476452E-1,1.218503937008E-1,
4.676484388277E-3));
#1237=CARTESIAN_POINT('',(1.682167566903E-1,1.213113397899E-1,
1.402847718496E-2));
#1238=CARTESIAN_POINT('',(1.687255734662E-1,1.188976396355E-1,
2.786676694048E-2));
#1239=CARTESIAN_POINT('',(1.692343728201E-1,1.149112166537E-1,
4.133596693276E-2));
#1240=CARTESIAN_POINT('',(1.697434138331E-1,1.094014173745E-1,
5.426425692200E-2));
#1241=CARTESIAN_POINT('',(1.702523629048E-1,1.024438984460E-1,
6.647164589967E-2));
#1242=CARTESIAN_POINT('',(1.707611630509E-1,9.413291070020E-2,
7.779589432097E-2));
#1243=CARTESIAN_POINT('',(1.712699632194E-1,8.457667183763E-2,
8.809102441160E-2));
#1244=CARTESIAN_POINT('',(1.717789569736E-1,7.389713996017E-2,
9.722390213805E-2));
#1245=CARTESIAN_POINT('',(1.722879216258E-1,6.223967681244E-2,
1.050688291398E-1));
#1246=CARTESIAN_POINT('',(1.727967215282E-1,4.976241819340E-2,
1.115208861557E-1));
#1247=CARTESIAN_POINT('',(1.733055189475E-1,3.662693636884E-2,
1.164976472697E-1));
#1248=CARTESIAN_POINT('',(1.738144817911E-1,2.300235484786E-2,
1.199340256076E-1));
#1249=CARTESIAN_POINT('',(1.743235052022E-1,9.071514304099E-3,
1.217824106640E-1));
#1250=CARTESIAN_POINT('',(1.748323084822E-1,-4.973343078699E-3,
1.220183143026E-1));
#1251=CARTESIAN_POINT('',(1.753411178578E-1,-1.895257843774E-2,
1.206401548072E-1));
#1252=CARTESIAN_POINT('',(1.758501260684E-1,-3.268636854384E-2,
1.176642508343E-1));
#1253=CARTESIAN_POINT('',(1.763590846054E-1,-4.598599995921E-2,
1.131305639037E-1));
#1254=CARTESIAN_POINT('',(1.768678916363E-1,-5.867312764832E-2,
1.071012087025E-1));
#1255=CARTESIAN_POINT('',(1.773766862288E-1,-7.058381686657E-2,
9.965524482185E-2));
#1256=CARTESIAN_POINT('',(1.778856968508E-1,-8.156512634499E-2,
9.088679868613E-2));
#1257=CARTESIAN_POINT('',(1.783946759387E-1,-9.146559124236E-2,
8.091527969097E-2));
#1258=CARTESIAN_POINT('',(1.789034725002E-1,-1.001521850093E-1,
6.987665056706E-2));
#1259=CARTESIAN_POINT('',(1.794122777482E-1,-1.075140392161E-1,
5.791345002667E-2));
#1260=CARTESIAN_POINT('',(1.797515870651E-1,-1.114747193223E-1,
4.942443845111E-2));
#1261=CARTESIAN_POINT('',(1.799212598425E-1,-1.132048386877E-1,
4.507973982552E-2));
#1263=CARTESIAN_POINT('',(1.538188960942E-1,-1.218503937008E-1,0.E0));
#1264=CARTESIAN_POINT('',(1.539842809641E-1,-1.218503937008E-1,
-4.558323751785E-3));
#1265=CARTESIAN_POINT('',(1.543150114841E-1,-1.213382457549E-1,
-1.367386722001E-2));
#1266=CARTESIAN_POINT('',(1.548109178368E-1,-1.190449271553E-1,
-2.717004648215E-2));
#1267=CARTESIAN_POINT('',(1.553068500657E-1,-1.152555145483E-1,
-4.032552768078E-2));
#1268=CARTESIAN_POINT('',(1.558031138821E-1,-1.100130247370E-1,
-5.298227680193E-2));
#1269=CARTESIAN_POINT('',(1.562990713787E-1,-1.033899655768E-1,
-6.496478971305E-2));
#1270=CARTESIAN_POINT('',(1.567949683625E-1,-9.546854708607E-2,
-7.612947180694E-2));
#1271=CARTESIAN_POINT('',(1.572910606473E-1,-8.634343414415E-2,
-8.634122467857E-2));
#1272=CARTESIAN_POINT('',(1.577872414365E-1,-7.613005116143E-2,
-9.546817072122E-2));
#1273=CARTESIAN_POINT('',(1.582831307898E-1,-6.496553233428E-2,
-1.033894783376E-1));
#1274=CARTESIAN_POINT('',(1.587790863797E-1,-5.298311849829E-2,
-1.100125906422E-1));
#1275=CARTESIAN_POINT('',(1.592753162795E-1,-4.032730050531E-2,
-1.152549053352E-1));
#1276=CARTESIAN_POINT('',(1.597712925472E-1,-2.717069209479E-2,
-1.190447964449E-1));
#1277=CARTESIAN_POINT('',(1.602671792446E-1,-1.367505591597E-2,
-1.213381124610E-1));
#1278=CARTESIAN_POINT('',(1.607633153706E-1,-6.161078303850E-7,
-1.221065157739E-1));
#1279=CARTESIAN_POINT('',(1.612594807868E-1,1.367463781748E-2,
-1.213381866425E-1));
#1280=CARTESIAN_POINT('',(1.617553671140E-1,2.717026729357E-2,
-1.190448749107E-1));
#1281=CARTESIAN_POINT('',(1.622513287966E-1,4.032651513869E-2,
-1.152551797977E-1));
#1282=CARTESIAN_POINT('',(1.627475669203E-1,5.298257473503E-2,
-1.100128524425E-1));
#1283=CARTESIAN_POINT('',(1.632435184720E-1,6.496494228682E-2,
-1.033898665559E-1));
#1284=CARTESIAN_POINT('',(1.637394122893E-1,7.612955956381E-2,
-9.546848964204E-2));
#1285=CARTESIAN_POINT('',(1.642355135809E-1,8.634146474408E-2,
-8.634316990931E-2));
#1286=CARTESIAN_POINT('',(1.647316640964E-1,9.546787413422E-2,
-7.613041412607E-2));
#1287=CARTESIAN_POINT('',(1.652275654739E-1,1.033893930671E-1,
-6.496563826062E-2));
#1288=CARTESIAN_POINT('',(1.657234914619E-1,1.100121973206E-1,
-5.298397260431E-2));
#1289=CARTESIAN_POINT('',(1.662197767786E-1,1.152551317470E-1,
-4.032675188046E-2));
#1290=CARTESIAN_POINT('',(1.667157440975E-1,1.190448749563E-1,
-2.717034392775E-2));
#1291=CARTESIAN_POINT('',(1.672116480956E-1,1.213382061090E-1,
-1.367421897658E-2));
#1292=CARTESIAN_POINT('',(1.675423871223E-1,1.218503937008E-1,
-4.558434432281E-3));
#1293=CARTESIAN_POINT('',(1.677077758446E-1,1.218503937008E-1,0.E0));
#1295=CARTESIAN_POINT('',(1.897886220721E-1,1.119830314712E-1,0.E0));
#1296=CARTESIAN_POINT('',(1.898948509746E-1,1.118768025687E-1,
4.244292014097E-3));
#1297=CARTESIAN_POINT('',(1.901073591754E-1,1.111811317824E-1,
1.271067287049E-2));
#1298=CARTESIAN_POINT('',(1.904262160480E-1,1.087084168917E-1,
2.517767242910E-2));
#1299=CARTESIAN_POINT('',(1.907453373405E-1,1.048432889228E-1,
3.725852281299E-2));
#1300=CARTESIAN_POINT('',(1.910649010950E-1,9.963633102335E-2,
4.880390396989E-2));
#1301=CARTESIAN_POINT('',(1.913844612372E-1,9.316736320194E-2,
5.964986475901E-2));
#1302=CARTESIAN_POINT('',(1.917042319503E-1,8.552285709911E-2,
6.966650205433E-2));
#1303=CARTESIAN_POINT('',(1.920243900322E-1,7.680116864976E-2,
7.873116049981E-2));
#1304=CARTESIAN_POINT('',(1.923447876239E-1,6.712294803074E-2,
8.672387522874E-2));
#1305=CARTESIAN_POINT('',(1.926652508146E-1,5.662423545268E-2,
9.354102315055E-2));
#1306=CARTESIAN_POINT('',(1.929860112498E-1,4.543825021667E-2,
9.910367913847E-2));
#1307=CARTESIAN_POINT('',(1.933071813990E-1,3.370906885171E-2,
1.033434112961E-1));
#1308=CARTESIAN_POINT('',(1.936283885891E-1,2.160619851877E-2,
1.062048451629E-1));
#1309=CARTESIAN_POINT('',(1.939498077475E-1,9.283855667466E-3,
1.076591534245E-1));
#1310=CARTESIAN_POINT('',(1.941643361033E-1,1.026986058344E-3,
1.076811152874E-1));
#1311=CARTESIAN_POINT('',(1.942716535433E-1,-3.084369867198E-3,
1.074557428085E-1));
#1313=DIRECTION('',(-7.071067811865E-1,7.071067811865E-1,0.E0));
#1314=VECTOR('',#1313,9.986853211680E-3);
#1315=CARTESIAN_POINT('',(1.968503937008E-1,1.049212598425E-1,0.E0));
#1316=LINE('',#1315,#1314);
#1317=CARTESIAN_POINT('',(1.968503937008E-1,0.E0,0.E0));
#1318=DIRECTION('',(1.E0,0.E0,0.E0));
#1319=DIRECTION('',(0.E0,1.E0,0.E0));
#1320=AXIS2_PLACEMENT_3D('',#1317,#1318,#1319);
#1322=DIRECTION('',(-7.071067811865E-1,-7.071067811865E-1,0.E0));
#1323=VECTOR('',#1322,2.243929196378E-2);
#1324=CARTESIAN_POINT('',(1.968503937008E-1,-1.049212598425E-1,0.E0));
#1325=LINE('',#1324,#1323);
#1326=CARTESIAN_POINT('',(1.799212598425E-1,-1.132048386877E-1,
4.507973982552E-2));
#1327=CARTESIAN_POINT('',(1.800096923327E-1,-1.145450222280E-1,
4.147522045901E-2));
#1328=CARTESIAN_POINT('',(1.801865922542E-1,-1.168813555915E-1,
3.414559642954E-2));
#1329=CARTESIAN_POINT('',(1.804520260132E-1,-1.193255637862E-1,
2.288995671360E-2));
#1330=CARTESIAN_POINT('',(1.807176064903E-1,-1.206914552864E-1,
1.147219605246E-2));
#1331=CARTESIAN_POINT('',(1.808947939836E-1,-1.208768595597E-1,
3.819333533558E-3));
#1332=CARTESIAN_POINT('',(1.809834181882E-1,-1.207882353551E-1,0.E0));
#1334=CARTESIAN_POINT('',(1.942716535433E-1,-9.965455434146E-2,
4.031401492044E-2));
#1335=CARTESIAN_POINT('',(1.938667751742E-1,-9.846945775512E-2,
4.432315906464E-2));
#1336=CARTESIAN_POINT('',(1.930581732928E-1,-9.561886680773E-2,
5.223586480280E-2));
#1337=CARTESIAN_POINT('',(1.918488674733E-1,-8.994287528569E-2,
6.361684481785E-2));
#1338=CARTESIAN_POINT('',(1.906427613642E-1,-8.292519574683E-2,
7.434900108972E-2));
#1339=CARTESIAN_POINT('',(1.894393216932E-1,-7.464036000808E-2,
8.427955111356E-2));
#1340=CARTESIAN_POINT('',(1.882388902531E-1,-6.518628505133E-2,
9.325761729135E-2));
#1341=CARTESIAN_POINT('',(1.870420252955E-1,-5.468174683586E-2,
1.011445115243E-1));
#1342=CARTESIAN_POINT('',(1.858481039030E-1,-4.325077543471E-2,
1.078239660820E-1));
#1343=CARTESIAN_POINT('',(1.846566797857E-1,-3.103048890132E-2,
1.131915605079E-1));
#1344=CARTESIAN_POINT('',(1.834682978140E-1,-1.818004869615E-2,
1.171552495539E-1));
#1345=CARTESIAN_POINT('',(1.822831279446E-1,-4.865295174818E-3,
1.196449469619E-1));
#1346=CARTESIAN_POINT('',(1.811007691575E-1,8.747266914599E-3,
1.206108198674E-1));
#1347=CARTESIAN_POINT('',(1.803141459466E-1,1.790658471727E-2,
1.202174152692E-1));
#1348=CARTESIAN_POINT('',(1.799212598425E-1,2.247725795044E-2,
1.197593057765E-1));
#1350=CARTESIAN_POINT('',(1.942716535433E-1,0.E0,0.E0));
#1351=DIRECTION('',(1.E0,0.E0,0.E0));
#1352=DIRECTION('',(0.E0,-2.869181271813E-2,9.995883051952E-1));
#1353=AXIS2_PLACEMENT_3D('',#1350,#1351,#1352);
#1355=CARTESIAN_POINT('',(1.809834181882E-1,-1.207882353551E-1,0.E0));
#1356=CARTESIAN_POINT('',(1.810911433031E-1,-1.206805102402E-1,
-4.642503093134E-3));
#1357=CARTESIAN_POINT('',(1.813066420650E-1,-1.199290859649E-1,
-1.390469891298E-2));
#1358=CARTESIAN_POINT('',(1.816300028495E-1,-1.172158650278E-1,
-2.754391409004E-2));
#1359=CARTESIAN_POINT('',(1.819535751381E-1,-1.129583107713E-1,
-4.075293723968E-2));
#1360=CARTESIAN_POINT('',(1.822775562480E-1,-1.072139276910E-1,
-5.336462608959E-2));
#1361=CARTESIAN_POINT('',(1.826016333783E-1,-1.000693132991E-1,
-6.520030076352E-2));
#1362=CARTESIAN_POINT('',(1.829258594226E-1,-9.162517953252E-2,
-7.610734075771E-2));
#1363=CARTESIAN_POINT('',(1.832503172422E-1,-8.199708212477E-2,
-8.594624806601E-2));
#1364=CARTESIAN_POINT('',(1.835751658090E-1,-7.131211307820E-2,
-9.459239610576E-2));
#1365=CARTESIAN_POINT('',(1.839001225963E-1,-5.972616092624E-2,
-1.019259599645E-1));
#1366=CARTESIAN_POINT('',(1.842252374807E-1,-4.739716767190E-2,
-1.078555308082E-1));
#1367=CARTESIAN_POINT('',(1.845506013910E-1,-3.449012564985E-2,
-1.123082901295E-1));
#1368=CARTESIAN_POINT('',(1.848763604618E-1,-2.117455948337E-2,
-1.152295254852E-1));
#1369=CARTESIAN_POINT('',(1.852022037213E-1,-7.644130626853E-3,
-1.165820914403E-1));
#1370=CARTESIAN_POINT('',(1.855282219502E-1,5.921183184944E-3,
-1.163554947602E-1));
#1371=CARTESIAN_POINT('',(1.858545284991E-1,1.934261788497E-2,
-1.145581302924E-1));
#1372=CARTESIAN_POINT('',(1.861811898129E-1,3.244127067087E-2,
-1.112176942579E-1));
#1373=CARTESIAN_POINT('',(1.865079247475E-1,4.502941630417E-2,
-1.063880860973E-1));
#1374=CARTESIAN_POINT('',(1.868348622939E-1,5.694346898142E-2,
-1.001399643024E-1));
#1375=CARTESIAN_POINT('',(1.871621213847E-1,6.802793475782E-2,
-9.256052752565E-2));
#1376=CARTESIAN_POINT('',(1.874897270181E-1,7.813438038267E-2,
-8.375561382403E-2));
#1377=CARTESIAN_POINT('',(1.878173667345E-1,8.711935183752E-2,
-7.385872645144E-2));
#1378=CARTESIAN_POINT('',(1.881452466158E-1,9.487118768573E-2,
-6.300405212628E-2));
#1379=CARTESIAN_POINT('',(1.884734689553E-1,1.012897765653E-1,
-5.133939102578E-2));
#1380=CARTESIAN_POINT('',(1.888019642286E-1,1.062894406251E-1,
-3.902940365764E-2));
#1381=CARTESIAN_POINT('',(1.891305541208E-1,1.098049403976E-1,
-2.625238535496E-2));
#1382=CARTESIAN_POINT('',(1.894593858974E-1,1.117962371112E-1,
-1.318018393134E-2));
#1383=CARTESIAN_POINT('',(1.896788416579E-1,1.120928118855E-1,
-4.386189865692E-3));
#1384=CARTESIAN_POINT('',(1.897886220721E-1,1.119830314712E-1,0.E0));
#1386=CARTESIAN_POINT('',(1.968503937008E-1,0.E0,0.E0));
#1387=DIRECTION('',(1.E0,0.E0,0.E0));
#1388=DIRECTION('',(0.E0,-1.E0,0.E0));
#1389=AXIS2_PLACEMENT_3D('',#1386,#1387,#1388);
#1391=DIRECTION('',(-1.E0,0.E0,0.E0));
#1392=VECTOR('',#1391,1.133464566929E-1);
#1393=CARTESIAN_POINT('',(3.101968503937E-1,-1.049212598425E-1,0.E0));
#1394=LINE('',#1393,#1392);
#1395=CARTESIAN_POINT('',(3.101968503937E-1,0.E0,0.E0));
#1396=DIRECTION('',(-1.E0,0.E0,0.E0));
#1397=DIRECTION('',(0.E0,1.E0,0.E0));
#1398=AXIS2_PLACEMENT_3D('',#1395,#1396,#1397);
#1400=DIRECTION('',(-1.E0,0.E0,0.E0));
#1401=VECTOR('',#1400,1.133464566929E-1);
#1402=CARTESIAN_POINT('',(3.101968503937E-1,1.049212598425E-1,0.E0));
#1403=LINE('',#1402,#1401);
#1404=CARTESIAN_POINT('',(3.101968503937E-1,0.E0,0.E0));
#1405=DIRECTION('',(1.E0,0.E0,0.E0));
#1406=DIRECTION('',(0.E0,1.E0,0.E0));
#1407=AXIS2_PLACEMENT_3D('',#1404,#1405,#1406);
#1409=DIRECTION('',(0.E0,0.E0,-1.E0));
#1410=VECTOR('',#1409,1.147058738688E-1);
#1411=CARTESIAN_POINT('',(3.101968503937E-1,-1.09375E-1,5.735293693439E-2));
#1412=LINE('',#1411,#1410);
#1413=CARTESIAN_POINT('',(3.101968503937E-1,0.E0,0.E0));
#1414=DIRECTION('',(-1.E0,0.E0,0.E0));
#1415=DIRECTION('',(0.E0,8.856275303644E-1,-4.643962504809E-1));
#1416=AXIS2_PLACEMENT_3D('',#1413,#1414,#1415);
#1418=DIRECTION('',(0.E0,0.E0,1.E0));
#1419=VECTOR('',#1418,1.147058738688E-1);
#1420=CARTESIAN_POINT('',(3.101968503937E-1,1.09375E-1,-5.735293693439E-2));
#1421=LINE('',#1420,#1419);
#1422=CARTESIAN_POINT('',(3.101968503937E-1,0.E0,0.E0));
#1423=DIRECTION('',(-1.E0,0.E0,0.E0));
#1424=DIRECTION('',(0.E0,-8.856275303644E-1,4.643962504809E-1));
#1425=AXIS2_PLACEMENT_3D('',#1422,#1423,#1424);
#1427=DIRECTION('',(1.E0,0.E0,0.E0));
#1428=VECTOR('',#1427,6.5E-2);
#1429=CARTESIAN_POINT('',(3.101968503937E-1,-1.09375E-1,5.735293693439E-2));
#1430=LINE('',#1429,#1428);
#1431=DIRECTION('',(0.E0,0.E0,1.E0));
#1432=VECTOR('',#1431,9.840190922981E-2);
#1433=CARTESIAN_POINT('',(3.751968503937E-1,4.921259842520E-3,
-1.234019092298E-1));
#1434=LINE('',#1433,#1432);
#1435=DIRECTION('',(0.E0,0.E0,-1.E0));
#1436=VECTOR('',#1435,9.551949964798E-2);
#1437=CARTESIAN_POINT('',(3.751968503937E-1,-2.696850393701E-2,-2.5E-2));
#1438=LINE('',#1437,#1436);
#1439=CARTESIAN_POINT('',(3.751968503937E-1,0.E0,0.E0));
#1440=DIRECTION('',(-1.E0,0.E0,0.E0));
#1441=DIRECTION('',(0.E0,-2.183684529312E-1,-9.758663939108E-1));
#1442=AXIS2_PLACEMENT_3D('',#1439,#1440,#1441);
#1444=DIRECTION('',(0.E0,0.E0,-1.E0));
#1445=VECTOR('',#1444,1.147058738688E-1);
#1446=CARTESIAN_POINT('',(3.751968503937E-1,-1.09375E-1,5.735293693439E-2));
#1447=LINE('',#1446,#1445);
#1448=CARTESIAN_POINT('',(3.751968503937E-1,0.E0,0.E0));
#1449=DIRECTION('',(-1.E0,0.E0,0.E0));
#1450=DIRECTION('',(0.E0,-8.856275303644E-1,4.643962504809E-1));
#1451=AXIS2_PLACEMENT_3D('',#1448,#1449,#1450);
#1453=DIRECTION('',(0.E0,0.E0,-1.E0));
#1454=VECTOR('',#1453,9.551949964798E-2);
#1455=CARTESIAN_POINT('',(3.751968503937E-1,-2.696850393701E-2,
1.205194996480E-1));
#1456=LINE('',#1455,#1454);
#1457=DIRECTION('',(0.E0,0.E0,1.E0));
#1458=VECTOR('',#1457,9.840190922981E-2);
#1459=CARTESIAN_POINT('',(3.751968503937E-1,4.921259842520E-3,2.5E-2));
#1460=LINE('',#1459,#1458);
#1461=CARTESIAN_POINT('',(3.751968503937E-1,0.E0,0.E0));
#1462=DIRECTION('',(-1.E0,0.E0,0.E0));
#1463=DIRECTION('',(0.E0,3.984825783417E-2,9.992057427515E-1));
#1464=AXIS2_PLACEMENT_3D('',#1461,#1462,#1463);
#1466=DIRECTION('',(0.E0,0.E0,-1.E0));
#1467=VECTOR('',#1466,1.993463304200E-1);
#1468=CARTESIAN_POINT('',(3.751968503937E-1,7.292125984252E-2,9.967316521E-2));
#1469=LINE('',#1468,#1467);
#1470=CARTESIAN_POINT('',(3.751968503937E-1,0.E0,0.E0));
#1471=DIRECTION('',(-1.E0,0.E0,0.E0));
#1472=DIRECTION('',(0.E0,5.904555452836E-1,-8.070701636437E-1));
#1473=AXIS2_PLACEMENT_3D('',#1470,#1471,#1472);
#1475=CARTESIAN_POINT('',(3.751968503937E-1,0.E0,0.E0));
#1476=DIRECTION('',(1.E0,0.E0,0.E0));
#1477=DIRECTION('',(0.E0,-1.E0,0.E0));
#1478=AXIS2_PLACEMENT_3D('',#1475,#1476,#1477);
#1480=CARTESIAN_POINT('',(3.751968503937E-1,0.E0,0.E0));
#1481=DIRECTION('',(1.E0,0.E0,0.E0));
#1482=DIRECTION('',(0.E0,1.E0,0.E0));
#1483=AXIS2_PLACEMENT_3D('',#1480,#1481,#1482);
#1485=DIRECTION('',(-1.E0,0.E0,0.E0));
#1486=VECTOR('',#1485,1.692913385827E-1);
#1487=CARTESIAN_POINT('',(5.444881889764E-1,4.921259842520E-3,
-1.234019092298E-1));
#1488=LINE('',#1487,#1486);
#1489=DIRECTION('',(0.E0,0.E0,1.E0));
#1490=VECTOR('',#1489,9.840190922981E-2);
#1491=CARTESIAN_POINT('',(5.444881889764E-1,4.921259842520E-3,
-1.234019092298E-1));
#1492=LINE('',#1491,#1490);
#1493=DIRECTION('',(1.E0,0.E0,0.E0));
#1494=VECTOR('',#1493,1.692913385827E-1);
#1495=CARTESIAN_POINT('',(3.751968503937E-1,4.921259842520E-3,-2.5E-2));
#1496=LINE('',#1495,#1494);
#1497=DIRECTION('',(1.E0,0.E0,0.E0));
#1498=VECTOR('',#1497,6.5E-2);
#1499=CARTESIAN_POINT('',(3.101968503937E-1,-1.09375E-1,-5.735293693439E-2));
#1500=LINE('',#1499,#1498);
#1501=DIRECTION('',(-1.E0,0.E0,0.E0));
#1502=VECTOR('',#1501,5.515748031496E-2);
#1503=CARTESIAN_POINT('',(4.303543307087E-1,7.292125984252E-2,9.967316521E-2));
#1504=LINE('',#1503,#1502);
#1505=DIRECTION('',(0.E0,0.E0,1.E0));
#1506=VECTOR('',#1505,1.993463304200E-1);
#1507=CARTESIAN_POINT('',(4.303543307087E-1,7.292125984252E-2,-9.967316521E-2));
#1508=LINE('',#1507,#1506);
#1509=DIRECTION('',(-1.E0,0.E0,0.E0));
#1510=VECTOR('',#1509,5.515748031496E-2);
#1511=CARTESIAN_POINT('',(4.303543307087E-1,7.292125984252E-2,-9.967316521E-2));
#1512=LINE('',#1511,#1510);
#1513=DIRECTION('',(1.E0,0.E0,0.E0));
#1514=VECTOR('',#1513,1.3E-1);
#1515=CARTESIAN_POINT('',(3.101968503937E-1,1.09375E-1,5.735293693439E-2));
#1516=LINE('',#1515,#1514);
#1517=DIRECTION('',(1.E0,0.E0,0.E0));
#1518=VECTOR('',#1517,1.3E-1);
#1519=CARTESIAN_POINT('',(3.101968503937E-1,1.09375E-1,-5.735293693439E-2));
#1520=LINE('',#1519,#1518);
#1521=DIRECTION('',(0.E0,0.E0,1.E0));
#1522=VECTOR('',#1521,1.833292862400E-1);
#1523=CARTESIAN_POINT('',(4.401968503937E-1,8.276377952756E-2,
-9.166464311998E-2));
#1524=LINE('',#1523,#1522);
#1525=CARTESIAN_POINT('',(4.401968503937E-1,0.E0,0.E0));
#1526=DIRECTION('',(-1.E0,0.E0,0.E0));
#1527=DIRECTION('',(0.E0,6.701520609519E-1,7.422238309310E-1));
#1528=AXIS2_PLACEMENT_3D('',#1525,#1526,#1527);
#1530=DIRECTION('',(0.E0,0.E0,1.E0));
#1531=VECTOR('',#1530,1.147058738688E-1);
#1532=CARTESIAN_POINT('',(4.401968503937E-1,1.09375E-1,-5.735293693439E-2));
#1533=LINE('',#1532,#1531);
#1534=CARTESIAN_POINT('',(4.401968503937E-1,0.E0,0.E0));
#1535=DIRECTION('',(-1.E0,0.E0,0.E0));
#1536=DIRECTION('',(0.E0,8.856275303644E-1,-4.643962504809E-1));
#1537=AXIS2_PLACEMENT_3D('',#1534,#1535,#1536);
#1539=CARTESIAN_POINT('',(4.401968503937E-1,8.276377952756E-2,
-9.166464311998E-2));
#1540=CARTESIAN_POINT('',(4.370032214098E-1,7.957015054365E-2,
-9.454816282966E-2));
#1541=CARTESIAN_POINT('',(4.337196870087E-1,7.628661614255E-2,
-9.721105797482E-2));
#1542=CARTESIAN_POINT('',(4.303543307087E-1,7.292125984252E-2,-9.967316521E-2));
#1544=CARTESIAN_POINT('',(4.303543307087E-1,7.292125984252E-2,9.967316521E-2));
#1545=CARTESIAN_POINT('',(4.337196870087E-1,7.628661614255E-2,
9.721105797482E-2));
#1546=CARTESIAN_POINT('',(4.370032214098E-1,7.957015054365E-2,
9.454816282966E-2));
#1547=CARTESIAN_POINT('',(4.401968503937E-1,8.276377952756E-2,
9.166464311998E-2));
#1549=DIRECTION('',(0.E0,0.E0,1.E0));
#1550=VECTOR('',#1549,9.840190922981E-2);
#1551=CARTESIAN_POINT('',(5.444881889764E-1,4.921259842520E-3,2.5E-2));
#1552=LINE('',#1551,#1550);
#1553=DIRECTION('',(-1.E0,0.E0,0.E0));
#1554=VECTOR('',#1553,1.692913385827E-1);
#1555=CARTESIAN_POINT('',(5.444881889764E-1,4.921259842520E-3,
1.234019092298E-1));
#1556=LINE('',#1555,#1554);
#1557=DIRECTION('',(7.071067811865E-1,-7.071067811865E-1,0.E0));
#1558=VECTOR('',#1557,1.391942482651E-2);
#1559=CARTESIAN_POINT('',(5.444881889764E-1,4.921259842520E-3,2.5E-2));
#1560=LINE('',#1559,#1558);
#1561=DIRECTION('',(1.E0,0.E0,0.E0));
#1562=VECTOR('',#1561,1.692913385827E-1);
#1563=CARTESIAN_POINT('',(3.751968503937E-1,4.921259842520E-3,2.5E-2));
#1564=LINE('',#1563,#1562);
#1565=DIRECTION('',(0.E0,-1.E0,0.E0));
#1566=VECTOR('',#1565,3.188976377953E-2);
#1567=CARTESIAN_POINT('',(3.751968503937E-1,4.921259842520E-3,2.5E-2));
#1568=LINE('',#1567,#1566);
#1569=CARTESIAN_POINT('',(5.543307086614E-1,-4.921259842520E-3,
1.234019092298E-1));
#1570=CARTESIAN_POINT('',(5.510498687664E-1,-1.640419947507E-3,
1.235327489042E-1));
#1571=CARTESIAN_POINT('',(5.477690288714E-1,1.640419947507E-3,
1.235327489042E-1));
#1572=CARTESIAN_POINT('',(5.444881889764E-1,4.921259842520E-3,
1.234019092298E-1));
#1574=DIRECTION('',(0.E0,0.E0,1.E0));
#1575=VECTOR('',#1574,9.551949964798E-2);
#1576=CARTESIAN_POINT('',(5.543307086614E-1,-2.696850393701E-2,2.5E-2));
#1577=LINE('',#1576,#1575);
#1578=CARTESIAN_POINT('',(5.543307086614E-1,0.E0,0.E0));
#1579=DIRECTION('',(-1.E0,0.E0,0.E0));
#1580=DIRECTION('',(0.E0,-2.183684529312E-1,9.758663939108E-1));
#1581=AXIS2_PLACEMENT_3D('',#1578,#1579,#1580);
#1583=DIRECTION('',(0.E0,0.E0,1.E0));
#1584=VECTOR('',#1583,9.840190922981E-2);
#1585=CARTESIAN_POINT('',(5.543307086614E-1,-4.921259842520E-3,2.5E-2));
#1586=LINE('',#1585,#1584);
#1587=DIRECTION('',(0.E0,-1.E0,0.E0));
#1588=VECTOR('',#1587,2.204724409449E-2);
#1589=CARTESIAN_POINT('',(5.543307086614E-1,-4.921259842520E-3,2.5E-2));
#1590=LINE('',#1589,#1588);
#1591=DIRECTION('',(1.E0,0.E0,0.E0));
#1592=VECTOR('',#1591,1.791338582677E-1);
#1593=CARTESIAN_POINT('',(3.751968503937E-1,-2.696850393701E-2,2.5E-2));
#1594=LINE('',#1593,#1592);
#1595=DIRECTION('',(-1.E0,0.E0,0.E0));
#1596=VECTOR('',#1595,1.791338582677E-1);
#1597=CARTESIAN_POINT('',(5.543307086614E-1,-2.696850393701E-2,
1.205194996480E-1));
#1598=LINE('',#1597,#1596);
#1599=DIRECTION('',(-1.E0,0.E0,0.E0));
#1600=VECTOR('',#1599,1.791338582677E-1);
#1601=CARTESIAN_POINT('',(5.543307086614E-1,-2.696850393701E-2,
-1.205194996480E-1));
#1602=LINE('',#1601,#1600);
#1603=DIRECTION('',(0.E0,0.E0,1.E0));
#1604=VECTOR('',#1603,9.551949964798E-2);
#1605=CARTESIAN_POINT('',(5.543307086614E-1,-2.696850393701E-2,
-1.205194996480E-1));
#1606=LINE('',#1605,#1604);
#1607=DIRECTION('',(0.E0,1.E0,0.E0));
#1608=VECTOR('',#1607,2.204724409449E-2);
#1609=CARTESIAN_POINT('',(5.543307086614E-1,-2.696850393701E-2,-2.5E-2));
#1610=LINE('',#1609,#1608);
#1611=DIRECTION('',(0.E0,0.E0,1.E0));
#1612=VECTOR('',#1611,9.840190922981E-2);
#1613=CARTESIAN_POINT('',(5.543307086614E-1,-4.921259842520E-3,
-1.234019092298E-1));
#1614=LINE('',#1613,#1612);
#1615=CARTESIAN_POINT('',(5.543307086614E-1,0.E0,0.E0));
#1616=DIRECTION('',(-1.E0,0.E0,0.E0));
#1617=DIRECTION('',(0.E0,-3.984825783417E-2,-9.992057427515E-1));
#1618=AXIS2_PLACEMENT_3D('',#1615,#1616,#1617);
#1620=DIRECTION('',(-7.071067811865E-1,7.071067811865E-1,0.E0));
#1621=VECTOR('',#1620,1.391942482651E-2);
#1622=CARTESIAN_POINT('',(5.543307086614E-1,-4.921259842520E-3,-2.5E-2));
#1623=LINE('',#1622,#1621);
#1624=DIRECTION('',(1.E0,0.E0,0.E0));
#1625=VECTOR('',#1624,1.791338582677E-1);
#1626=CARTESIAN_POINT('',(3.751968503937E-1,-2.696850393701E-2,-2.5E-2));
#1627=LINE('',#1626,#1625);
#1628=DIRECTION('',(0.E0,1.E0,0.E0));
#1629=VECTOR('',#1628,3.188976377953E-2);
#1630=CARTESIAN_POINT('',(3.751968503937E-1,-2.696850393701E-2,-2.5E-2));
#1631=LINE('',#1630,#1629);
#1632=CARTESIAN_POINT('',(5.444881889764E-1,4.921259842520E-3,
-1.234019092298E-1));
#1633=CARTESIAN_POINT('',(5.477690288714E-1,1.640419947507E-3,
-1.235327489042E-1));
#1634=CARTESIAN_POINT('',(5.510498687664E-1,-1.640419947507E-3,
-1.235327489042E-1));
#1635=CARTESIAN_POINT('',(5.543307086614E-1,-4.921259842520E-3,
-1.234019092298E-1));
#1637=CARTESIAN_POINT('',(4.002125984252E-1,0.E0,0.E0));
#1638=DIRECTION('',(1.E0,0.E0,0.E0));
#1639=DIRECTION('',(0.E0,-1.E0,0.E0));
#1640=AXIS2_PLACEMENT_3D('',#1637,#1638,#1639);
#1642=DIRECTION('',(-1.E0,0.E0,5.659323790478E-10));
#1643=VECTOR('',#1642,2.501574803150E-2);
#1644=CARTESIAN_POINT('',(4.002125984252E-1,4.921259842520E-3,
-1.415722179712E-11));
#1645=LINE('',#1644,#1643);
#1646=CARTESIAN_POINT('',(4.002125984252E-1,0.E0,0.E0));
#1647=DIRECTION('',(1.E0,0.E0,0.E0));
#1648=DIRECTION('',(0.E0,1.E0,0.E0));
#1649=AXIS2_PLACEMENT_3D('',#1646,#1647,#1648);
#1651=DIRECTION('',(-1.E0,0.E0,-5.659323572080E-10));
#1652=VECTOR('',#1651,2.501574803150E-2);
#1653=CARTESIAN_POINT('',(4.002125984252E-1,-4.921259842520E-3,
1.415722125079E-11));
#1654=LINE('',#1653,#1652);
#1655=CARTESIAN_POINT('',(4.002125984252E-1,0.E0,0.E0));
#1656=DIRECTION('',(0.E0,5.801062523120E-9,1.E0));
#1657=DIRECTION('',(1.E0,0.E0,0.E0));
#1658=AXIS2_PLACEMENT_3D('',#1655,#1656,#1657);
#1660=CARTESIAN_POINT('',(4.002125984252E-1,0.E0,0.E0));
#1661=DIRECTION('',(0.E0,-5.801062686188E-9,-1.E0));
#1662=DIRECTION('',(1.E0,0.E0,0.E0));
#1663=AXIS2_PLACEMENT_3D('',#1660,#1661,#1662);
#1665=CARTESIAN_POINT('',(1.942716535433E-1,-3.084369867198E-3,
1.074557428085E-1));
#1666=CARTESIAN_POINT('',(1.940982227095E-1,1.131023183793E-3,
1.075767398903E-1));
#1667=CARTESIAN_POINT('',(1.937514072951E-1,9.574914969746E-3,
1.073219760882E-1));
#1668=CARTESIAN_POINT('',(1.932314167904E-1,2.210274183464E-2,
1.054567222976E-1));
#1669=CARTESIAN_POINT('',(1.927113773299E-1,3.432640732129E-2,
1.021343184141E-1));
#1670=CARTESIAN_POINT('',(1.921909844785E-1,4.608336745682E-2,
9.739634202739E-2));
#1671=CARTESIAN_POINT('',(1.916709295499E-1,5.719539714451E-2,
9.131450427886E-2));
#1672=CARTESIAN_POINT('',(1.911509472662E-1,6.751573073838E-2,
8.397208123917E-2));
#1673=CARTESIAN_POINT('',(1.906307235114E-1,7.690735414337E-2,
7.546516036096E-2));
#1674=CARTESIAN_POINT('',(1.901104431584E-1,8.523586473396E-2,
6.591313922127E-2));
#1675=CARTESIAN_POINT('',(1.895904594422E-1,9.238145585158E-2,
5.545551010441E-2));
#1676=CARTESIAN_POINT('',(1.890704299055E-1,9.825147385929E-2,
4.423084671808E-2));
#1677=CARTESIAN_POINT('',(1.885500408046E-1,1.027659868581E-1,
3.238637798715E-2));
#1678=CARTESIAN_POINT('',(1.880299705521E-1,1.058564829994E-1,
2.010125265250E-2));
#1679=CARTESIAN_POINT('',(1.875099886559E-1,1.074840430032E-1,
7.540549650192E-3));
#1680=CARTESIAN_POINT('',(1.869897919054E-1,1.076262894442E-1,
-5.129628960544E-3));
#1681=CARTESIAN_POINT('',(1.864694867644E-1,1.062793232251E-1,
-1.773146194461E-2));
#1682=CARTESIAN_POINT('',(1.859495006313E-1,1.034640616389E-1,
-3.008044430954E-2));
#1683=CARTESIAN_POINT('',(1.854294817770E-1,9.921937032759E-2,
-4.201468734324E-2));
#1684=CARTESIAN_POINT('',(1.849090989762E-1,9.359881157851E-2,
-5.337592567107E-2));
#1685=CARTESIAN_POINT('',(1.843890118861E-1,8.668690570855E-2,
-6.399249249772E-2));
#1686=CARTESIAN_POINT('',(1.838690302645E-1,7.857879042667E-2,
-7.372278098150E-2));
#1687=CARTESIAN_POINT('',(1.833488588629E-1,6.938144232122E-2,
-8.243752941908E-2));
#1688=CARTESIAN_POINT('',(1.828285320457E-1,5.922127539288E-2,
-9.001413328404E-2));
#1689=CARTESIAN_POINT('',(1.823085421498E-1,4.824901676285E-2,
-9.634145711012E-2));
#1690=CARTESIAN_POINT('',(1.817885326307E-1,3.660984959974E-2,
-1.013382130680E-1));
#1691=CARTESIAN_POINT('',(1.812681592434E-1,2.445599282446E-2,
-1.049363265476E-1));
#1692=CARTESIAN_POINT('',(1.807480536511E-1,1.197011921568E-2,
-1.070811775523E-1));
#1693=CARTESIAN_POINT('',(1.802280722318E-1,-6.781177533411E-4,
-1.077460463540E-1));
#1694=CARTESIAN_POINT('',(1.797079245128E-1,-1.332106656621E-2,
-1.069218373940E-1));
#1695=CARTESIAN_POINT('',(1.791875791338E-1,-2.578447233817E-2,
-1.046177261698E-1));
#1696=CARTESIAN_POINT('',(1.786675841287E-1,-3.788300683852E-2,
-1.008688314981E-1));
#1697=CARTESIAN_POINT('',(1.781475825978E-1,-4.945841249585E-2,
-9.572657256211E-2));
#1698=CARTESIAN_POINT('',(1.776272217370E-1,-6.035754871681E-2,
-8.925634755918E-2));
#1699=CARTESIAN_POINT('',(1.771070959782E-1,-7.041689975887E-2,
-8.155443855093E-2));
#1700=CARTESIAN_POINT('',(1.765871146891E-1,-7.950047433071E-2,
-7.272785432445E-2));
#1701=CARTESIAN_POINT('',(1.760669889864E-1,-8.748783313941E-2,
-6.289362700604E-2));
#1702=CARTESIAN_POINT('',(1.755466281598E-1,-9.426811070921E-2,
-5.218462004468E-2));
#1703=CARTESIAN_POINT('',(1.750266266994E-1,-9.974037210068E-2,
-4.076152043899E-2));
#1704=CARTESIAN_POINT('',(1.745066318098E-1,-1.038348522058E-1,
-2.877552962116E-2));
#1705=CARTESIAN_POINT('',(1.739862865877E-1,-1.064956125375E-1,
-1.638336465953E-2));
#1706=CARTESIAN_POINT('',(1.734661389988E-1,-1.076822314574E-1,
-3.769268188436E-3));
#1707=CARTESIAN_POINT('',(1.729461577675E-1,-1.073805372027E-1,
8.892837854857E-3));
#1708=CARTESIAN_POINT('',(1.724260524150E-1,-1.055948117348E-1,
2.143511016297E-2));
#1709=CARTESIAN_POINT('',(1.719056792545E-1,-1.023468957681E-1,
3.368720003553E-2));
#1710=CARTESIAN_POINT('',(1.713856699928E-1,-9.768614567873E-2,
4.546494165963E-2));
#1711=CARTESIAN_POINT('',(1.708656803980E-1,-9.167624084270E-2,
5.661422533273E-2));
#1712=CARTESIAN_POINT('',(1.703453539262E-1,-8.439427024112E-2,
6.698759546880E-2));
#1713=CARTESIAN_POINT('',(1.698251828439E-1,-7.594699779009E-2,
7.643119960162E-2));
#1714=CARTESIAN_POINT('',(1.693052015983E-1,-6.645335173259E-2,
8.481515641017E-2));
#1715=CARTESIAN_POINT('',(1.687851149299E-1,-5.603947122079E-2,
9.202882501838E-2));
#1716=CARTESIAN_POINT('',(1.682647325488E-1,-4.484417409809E-2,
9.797304452423E-2));
#1717=CARTESIAN_POINT('',(1.677447141404E-1,-3.303663198903E-2,
1.025584035016E-1));
#1718=CARTESIAN_POINT('',(1.672247284939E-1,-2.077350868171E-2,
1.057268207258E-1));
#1719=CARTESIAN_POINT('',(1.667044238832E-1,-8.215511203394E-3,
1.074348018529E-1));
#1720=CARTESIAN_POINT('',(1.661842276448E-1,4.453533074584E-3,
1.076561444450E-1));
#1721=CARTESIAN_POINT('',(1.656642463127E-1,1.705576253380E-2,
1.063896438230E-1));
#1722=CARTESIAN_POINT('',(1.651441766626E-1,2.942450180623E-2,
1.036529026450E-1));
#1723=CARTESIAN_POINT('',(1.646237881736E-1,4.139362394679E-2,
9.948008753289E-2));
#1724=CARTESIAN_POINT('',(1.641037592730E-1,5.278208784065E-2,
9.393454205159E-2));
#1725=CARTESIAN_POINT('',(1.635837762296E-1,6.344043152634E-2,
8.709194109749E-2));
#1726=CARTESIAN_POINT('',(1.630634965869E-1,7.322748002008E-2,
7.904092433768E-2));
#1727=CARTESIAN_POINT('',(1.625432735411E-1,8.200036163842E-2,
6.989724614357E-2));
#1728=CARTESIAN_POINT('',(1.620232920098E-1,8.963587089900E-2,
5.979182881447E-2));
#1729=CARTESIAN_POINT('',(1.615032378637E-1,9.603402902765E-2,
4.885887294223E-2));
#1730=CARTESIAN_POINT('',(1.609828458144E-1,1.011073833673E-1,
3.724269414470E-2));
#1731=CARTESIAN_POINT('',(1.604628071827E-1,1.047791385803E-1,
2.511938679186E-2));
#1732=CARTESIAN_POINT('',(1.599428175381E-1,1.070030705153E-1,
1.265023511122E-2));
#1733=CARTESIAN_POINT('',(1.595960027131E-1,1.075E-1,4.217129238065E-3));
#1734=CARTESIAN_POINT('',(1.594225721785E-1,1.075E-1,0.E0));
#1736=DIRECTION('',(-1.E0,0.E0,0.E0));
#1737=VECTOR('',#1736,5.118110236220E-3);
#1738=CARTESIAN_POINT('',(1.594225721785E-1,1.075E-1,0.E0));
#1739=LINE('',#1738,#1737);
#1740=CARTESIAN_POINT('',(1.594225721785E-1,1.075E-1,0.E0));
#1741=CARTESIAN_POINT('',(1.592478146428E-1,1.075E-1,-4.249396536967E-3));
#1742=CARTESIAN_POINT('',(1.588983476122E-1,1.069954171105E-1,
-1.274699056913E-2));
#1743=CARTESIAN_POINT('',(1.583744004570E-1,1.047375712690E-1,
-2.530834363676E-2));
#1744=CARTESIAN_POINT('',(1.578503788872E-1,1.010101983280E-1,
-3.751649561060E-2));
#1745=CARTESIAN_POINT('',(1.573259971815E-1,9.586097302720E-2,
-4.920588546364E-2));
#1746=CARTESIAN_POINT('',(1.568019978010E-1,8.936956902496E-2,
-6.019588197744E-2));
#1747=CARTESIAN_POINT('',(1.562780558495E-1,8.162558009784E-2,
-7.034047921450E-2));
#1748=CARTESIAN_POINT('',(1.557537766014E-1,7.273031259985E-2,
-7.950382157775E-2));
#1749=CARTESIAN_POINT('',(1.552295956328E-1,6.281506519334E-2,
-8.754865742174E-2));
#1750=CARTESIAN_POINT('',(1.547056571118E-1,5.202309897393E-2,
-9.436139093657E-2));
#1751=CARTESIAN_POINT('',(1.541816044132E-1,4.049892209227E-2,
-9.985183265013E-2));
#1752=CARTESIAN_POINT('',(1.536572322003E-1,2.839866182995E-2,
-1.039425635634E-1));
#1753=CARTESIAN_POINT('',(1.531332527259E-1,1.590877604242E-2,
-1.065709719936E-1));
#1754=CARTESIAN_POINT('',(1.526093037456E-1,3.196530268308E-3,
-1.077047286633E-1));
#1755=CARTESIAN_POINT('',(1.520849854229E-1,-9.569587913490E-3,
-1.073265025881E-1));
#1756=CARTESIAN_POINT('',(1.515608494723E-1,-2.219686201861E-2,
-1.054409342076E-1));
#1757=CARTESIAN_POINT('',(1.510369111421E-1,-3.450793767969E-2,
-1.020768531745E-1));
#1758=CARTESIAN_POINT('',(1.505128244809E-1,-4.633834697030E-2,
-9.727955029467E-2));
#1759=CARTESIAN_POINT('',(1.499884703801E-1,-5.752367399355E-2,
-9.111290714325E-2));
#1760=CARTESIAN_POINT('',(1.494645068934E-1,-6.789316395791E-2,
-8.367184939691E-2));
#1761=CARTESIAN_POINT('',(1.489405467686E-1,-7.731048207776E-2,
-7.505746274296E-2));
#1762=CARTESIAN_POINT('',(1.484161985902E-1,-8.564874662961E-2,
-6.538230608407E-2));
#1763=CARTESIAN_POINT('',(1.478921026296E-1,-9.278012292436E-2,
-5.479354268104E-2));
#1764=CARTESIAN_POINT('',(1.473681642111E-1,-9.860785899109E-2,
-4.343937648030E-2));
#1765=CARTESIAN_POINT('',(1.468440385664E-1,-1.030538655095E-1,
-3.147150572729E-2));
#1766=CARTESIAN_POINT('',(1.463197117820E-1,-1.060535929433E-1,
-1.905685298093E-2));
#1767=CARTESIAN_POINT('',(1.457957602082E-1,-1.075625876686E-1,
-6.383612527501E-3));
#1768=CARTESIAN_POINT('',(1.452717848658E-1,-1.075631824278E-1,
6.379734185888E-3));
#1769=CARTESIAN_POINT('',(1.447474160379E-1,-1.060525922946E-1,
1.906303820552E-2));
#1770=CARTESIAN_POINT('',(1.442233550432E-1,-1.030535787729E-1,
3.147120030582E-2));
#1771=CARTESIAN_POINT('',(1.436994162566E-1,-9.860982317364E-2,
4.343501354341E-2));
#1772=CARTESIAN_POINT('',(1.431752466081E-1,-9.277997061211E-2,
5.479446065649E-2));
#1773=CARTESIAN_POINT('',(1.426509563433E-1,-8.564522916382E-2,
6.538665878689E-2));
#1774=CARTESIAN_POINT('',(1.421270126084E-1,-7.731322555780E-2,
7.505416992985E-2));
#1775=CARTESIAN_POINT('',(1.416030179756E-1,-6.789607542864E-2,
8.366998824535E-2));
#1776=CARTESIAN_POINT('',(1.410786377030E-1,-5.751802818705E-2,
9.111654972543E-2));
#1777=CARTESIAN_POINT('',(1.405546066510E-1,-4.633922486050E-2,
9.727870568913E-2));
#1778=CARTESIAN_POINT('',(1.400306672166E-1,-3.451249302528E-2,
1.020754357066E-1));
#1779=CARTESIAN_POINT('',(1.395064485441E-1,-2.219489569849E-2,
1.054416563709E-1));
#1780=CARTESIAN_POINT('',(1.389822040025E-1,-9.564881572180E-3,
1.073267188305E-1));
#1781=CARTESIAN_POINT('',(1.384582640276E-1,3.191990274821E-3,
1.077045902656E-1));
#1782=CARTESIAN_POINT('',(1.379342460528E-1,1.590601235387E-2,
1.065717902194E-1));
#1783=CARTESIAN_POINT('',(1.374098634620E-1,2.840537963734E-2,
1.039407541434E-1));
#1784=CARTESIAN_POINT('',(1.368858576179E-1,4.049693752306E-2,
9.985220700310E-2));
#1785=CARTESIAN_POINT('',(1.363619161826E-1,5.201905900073E-2,
9.436383642792E-2));
#1786=CARTESIAN_POINT('',(1.358376474727E-1,6.281792305825E-2,
8.754692851741E-2));
#1787=CARTESIAN_POINT('',(1.353134538533E-1,7.273281711505E-2,
7.950119116711E-2));
#1788=CARTESIAN_POINT('',(1.347895146200E-1,8.162235851704E-2,
7.034389769487E-2));
#1789=CARTESIAN_POINT('',(1.342654690144E-1,8.936869010826E-2,
6.019790511966E-2));
#1790=CARTESIAN_POINT('',(1.337410931202E-1,9.586414841515E-2,
4.919966248334E-2));
#1791=CARTESIAN_POINT('',(1.332171084314E-1,1.010088835107E-1,
3.751889184684E-2));
#1792=CARTESIAN_POINT('',(1.326931610269E-1,1.047367454620E-1,
2.531281529738E-2));
#1793=CARTESIAN_POINT('',(1.321688510445E-1,1.069961569001E-1,
1.274275659713E-2));
#1794=CARTESIAN_POINT('',(1.316447037667E-1,1.077519992647E-1,
-2.393483702759E-6));
#1795=CARTESIAN_POINT('',(1.311207648769E-1,1.069958459753E-1,
-1.274240522507E-2));
#1796=CARTESIAN_POINT('',(1.305966866522E-1,1.047382721486E-1,
-2.530705776585E-2));
#1797=CARTESIAN_POINT('',(1.300723266481E-1,1.010077789497E-1,
-3.752285985225E-2));
#1798=CARTESIAN_POINT('',(1.295483590437E-1,9.586212947531E-2,
-4.920276760115E-2));
#1799=CARTESIAN_POINT('',(1.290244015972E-1,8.937225841333E-2,
-6.019245084215E-2));
#1800=CARTESIAN_POINT('',(1.285000595453E-1,8.162218593328E-2,
-7.034467229442E-2));
#1801=CARTESIAN_POINT('',(1.279759535875E-1,7.272923848566E-2,-7.950436005E-2));
#1802=CARTESIAN_POINT('',(1.274520147615E-1,6.281891703509E-2,
-8.754582217640E-2));
#1803=CARTESIAN_POINT('',(1.269278988976E-1,5.202367817492E-2,
-9.436149341772E-2));
#1804=CARTESIAN_POINT('',(1.264035639852E-1,4.049295665256E-2,
-9.985414594093E-2));
#1805=CARTESIAN_POINT('',(1.258796093924E-1,2.840222864208E-2,
-1.039412037769E-1));
#1806=CARTESIAN_POINT('',(1.253556378317E-1,1.591279344926E-2,
-1.065707317278E-1));
#1807=CARTESIAN_POINT('',(1.248312729127E-1,3.190419885094E-3,
-1.077050301982E-1));
#1808=CARTESIAN_POINT('',(1.243072032536E-1,-9.569603403833E-3,
-1.073261427246E-1));
#1809=CARTESIAN_POINT('',(1.237832642116E-1,-2.219218233244E-2,
-1.054419390451E-1));
#1810=CARTESIAN_POINT('',(1.232591056886E-1,-3.450860272798E-2,
-1.020769905843E-1));
#1811=CARTESIAN_POINT('',(1.227348050692E-1,-4.634350442582E-2,
-9.727693497484E-2));
#1812=CARTESIAN_POINT('',(1.222108594156E-1,-5.751994939276E-2,
-9.111486101116E-2));
#1813=CARTESIAN_POINT('',(1.216868696686E-1,-6.789063977492E-2,
-8.367439232777E-2));
#1814=CARTESIAN_POINT('',(1.211624910842E-1,-7.731515143413E-2,
-7.505276312428E-2));
#1815=CARTESIAN_POINT('',(1.206384527030E-1,-8.564787880245E-2,
-6.538281638913E-2));
#1816=CARTESIAN_POINT('',(1.201145131653E-1,-9.277777803678E-2,
-5.479770336915E-2));
#1817=CARTESIAN_POINT('',(1.195903069630E-1,-9.860885227364E-2,
-4.343789236120E-2));
#1818=CARTESIAN_POINT('',(1.190660498385E-1,-1.030551285223E-1,
-3.146671810873E-2));
#1819=CARTESIAN_POINT('',(1.185421090493E-1,-1.060525179344E-1,
-1.906121096930E-2));
#1820=CARTESIAN_POINT('',(1.180180970531E-1,-1.075628080945E-1,
-6.386640491773E-3));
#1821=CARTESIAN_POINT('',(1.174937139706E-1,-1.075628080945E-1,
6.386640491770E-3));
#1822=CARTESIAN_POINT('',(1.169697019744E-1,-1.060525179344E-1,
1.906121096929E-2));
#1823=CARTESIAN_POINT('',(1.164457611851E-1,-1.030551285223E-1,
3.146671810873E-2));
#1824=CARTESIAN_POINT('',(1.159215040607E-1,-9.860885227364E-2,
4.343789236119E-2));
#1825=CARTESIAN_POINT('',(1.153972978584E-1,-9.277777803678E-2,
5.479770336915E-2));
#1826=CARTESIAN_POINT('',(1.148733583207E-1,-8.564787880245E-2,
6.538281638913E-2));
#1827=CARTESIAN_POINT('',(1.143493199395E-1,-7.731515143413E-2,
7.505276312428E-2));
#1828=CARTESIAN_POINT('',(1.138249413551E-1,-6.789063977492E-2,
8.367439232777E-2));
#1829=CARTESIAN_POINT('',(1.133009516081E-1,-5.751994939276E-2,
9.111486101115E-2));
#1830=CARTESIAN_POINT('',(1.127770059545E-1,-4.634350442582E-2,
9.727693497484E-2));
#1831=CARTESIAN_POINT('',(1.122527053351E-1,-3.450860272798E-2,
1.020769905843E-1));
#1832=CARTESIAN_POINT('',(1.117285468121E-1,-2.219218233245E-2,
1.054419390451E-1));
#1833=CARTESIAN_POINT('',(1.112046077701E-1,-9.569603403833E-3,
1.073261427246E-1));
#1834=CARTESIAN_POINT('',(1.106805381110E-1,3.190419885092E-3,
1.077050301982E-1));
#1835=CARTESIAN_POINT('',(1.101561731920E-1,1.591279344926E-2,
1.065707317278E-1));
#1836=CARTESIAN_POINT('',(1.096322016313E-1,2.840222864208E-2,
1.039412037769E-1));
#1837=CARTESIAN_POINT('',(1.091082470385E-1,4.049295665256E-2,
9.985414594093E-2));
#1838=CARTESIAN_POINT('',(1.085839121261E-1,5.202367817492E-2,
9.436149341772E-2));
#1839=CARTESIAN_POINT('',(1.080597962622E-1,6.281891703509E-2,
8.754582217640E-2));
#1840=CARTESIAN_POINT('',(1.075358574362E-1,7.272923848566E-2,
7.950436005001E-2));
#1841=CARTESIAN_POINT('',(1.070117514784E-1,8.162218593328E-2,
7.034467229442E-2));
#1842=CARTESIAN_POINT('',(1.064874094265E-1,8.937225841333E-2,
6.019245084215E-2));
#1843=CARTESIAN_POINT('',(1.059634519800E-1,9.586212947531E-2,
4.920276760115E-2));
#1844=CARTESIAN_POINT('',(1.054394843756E-1,1.010077789497E-1,
3.752285985225E-2));
#1845=CARTESIAN_POINT('',(1.049151243715E-1,1.047382721486E-1,
2.530705776586E-2));
#1846=CARTESIAN_POINT('',(1.043910461468E-1,1.069958459753E-1,
1.274240522507E-2));
#1847=CARTESIAN_POINT('',(1.038671072569E-1,1.077519992647E-1,
2.393483704100E-6));
#1848=CARTESIAN_POINT('',(1.033429599792E-1,1.069961569001E-1,
-1.274275659713E-2));
#1849=CARTESIAN_POINT('',(1.028186499968E-1,1.047367454620E-1,
-2.531281529737E-2));
#1850=CARTESIAN_POINT('',(1.022947025923E-1,1.010088835107E-1,
-3.751889184684E-2));
#1851=CARTESIAN_POINT('',(1.017707179035E-1,9.586414841515E-2,
-4.919966248334E-2));
#1852=CARTESIAN_POINT('',(1.012463420093E-1,8.936869010826E-2,
-6.019790511965E-2));
#1853=CARTESIAN_POINT('',(1.007222964037E-1,8.162235851704E-2,
-7.034389769486E-2));
#1854=CARTESIAN_POINT('',(1.001983571704E-1,7.273281711505E-2,
-7.950119116711E-2));
#1855=CARTESIAN_POINT('',(9.967416355097E-2,6.281792305825E-2,
-8.754692851741E-2));
#1856=CARTESIAN_POINT('',(9.914989484112E-2,5.201905900074E-2,
-9.436383642791E-2));
#1857=CARTESIAN_POINT('',(9.862595340573E-2,4.049693752306E-2,
-9.985220700310E-2));
#1858=CARTESIAN_POINT('',(9.810194756167E-2,2.840537963734E-2,
-1.039407541434E-1));
#1859=CARTESIAN_POINT('',(9.757756497091E-2,1.590601235387E-2,
-1.065717902194E-1));
#1860=CARTESIAN_POINT('',(9.705354699611E-2,3.191990274823E-3,
-1.077045902656E-1));
#1861=CARTESIAN_POINT('',(9.652960702112E-2,-9.564881572179E-3,
-1.073267188305E-1));
#1862=CARTESIAN_POINT('',(9.600536247955E-2,-2.219489569849E-2,
-1.054416563709E-1));
#1863=CARTESIAN_POINT('',(9.548114380702E-2,-3.451249302527E-2,
-1.020754357066E-1));
#1864=CARTESIAN_POINT('',(9.495720437265E-2,-4.633922486050E-2,
-9.727870568913E-2));
#1865=CARTESIAN_POINT('',(9.443317332066E-2,-5.751802818705E-2,
-9.111654972543E-2));
#1866=CARTESIAN_POINT('',(9.390879304804E-2,-6.789607542864E-2,
-8.366998824536E-2));
#1867=CARTESIAN_POINT('',(9.338479841526E-2,-7.731322555779E-2,
-7.505416992985E-2));
#1868=CARTESIAN_POINT('',(9.286085468037E-2,-8.564522916381E-2,
-6.538665878690E-2));
#1869=CARTESIAN_POINT('',(9.233656441558E-2,-9.277997061211E-2,
-5.479446065650E-2));
#1870=CARTESIAN_POINT('',(9.181239476707E-2,-9.860982317364E-2,
-4.343501354341E-2));
#1871=CARTESIAN_POINT('',(9.128845598048E-2,-1.030535787729E-1,
-3.147120030583E-2));
#1872=CARTESIAN_POINT('',(9.076439498576E-2,-1.060525922946E-1,
-1.906303820552E-2));
#1873=CARTESIAN_POINT('',(9.024002615789E-2,-1.075631824278E-1,
-6.379734185890E-3));
#1874=CARTESIAN_POINT('',(8.971605081544E-2,-1.075625876686E-1,
6.383612527499E-3));
#1875=CARTESIAN_POINT('',(8.919209924164E-2,-1.060535929433E-1,
1.905685298093E-2));
#1876=CARTESIAN_POINT('',(8.866777245730E-2,-1.030538655095E-1,
3.147150572729E-2));
#1877=CARTESIAN_POINT('',(8.814364681255E-2,-9.860785899109E-2,
4.343937648030E-2));
#1878=CARTESIAN_POINT('',(8.761970839408E-2,-9.278012292436E-2,
5.479354268104E-2));
#1879=CARTESIAN_POINT('',(8.709561243341E-2,-8.564874662961E-2,
6.538230608407E-2));
#1880=CARTESIAN_POINT('',(8.657126425510E-2,-7.731048207777E-2,
7.505746274296E-2));
#1881=CARTESIAN_POINT('',(8.604730413030E-2,-6.789316395791E-2,
8.367184939691E-2));
#1882=CARTESIAN_POINT('',(8.552334064353E-2,-5.752367399356E-2,
9.111290714325E-2));
#1883=CARTESIAN_POINT('',(8.499898654275E-2,-4.633834697030E-2,
9.727955029467E-2));
#1884=CARTESIAN_POINT('',(8.447489988155E-2,-3.450793767969E-2,
1.020768531745E-1));
#1885=CARTESIAN_POINT('',(8.395096155136E-2,-2.219686201861E-2,
1.054409342076E-1));
#1886=CARTESIAN_POINT('',(8.342682560071E-2,-9.569587913492E-3,
1.073265025881E-1));
#1887=CARTESIAN_POINT('',(8.290250727806E-2,3.196530268307E-3,
1.077047286633E-1));
#1888=CARTESIAN_POINT('',(8.237855829777E-2,1.590877604242E-2,
1.065709719936E-1));
#1889=CARTESIAN_POINT('',(8.185457882336E-2,2.839866182995E-2,
1.039425635634E-1));
#1890=CARTESIAN_POINT('',(8.133020661041E-2,4.049892209227E-2,
9.985183265013E-2));
#1891=CARTESIAN_POINT('',(8.080615391182E-2,5.202309897392E-2,
9.436139093657E-2));
#1892=CARTESIAN_POINT('',(8.028221539086E-2,6.281506519334E-2,
8.754865742174E-2));
#1893=CARTESIAN_POINT('',(7.975803442221E-2,7.273031259985E-2,
7.950382157775E-2));
#1894=CARTESIAN_POINT('',(7.923375517412E-2,8.162558009784E-2,
7.034047921450E-2));
#1895=CARTESIAN_POINT('',(7.870981322259E-2,8.936956902496E-2,
6.019588197744E-2));
#1896=CARTESIAN_POINT('',(7.818581384216E-2,9.586097302720E-2,
4.920588546364E-2));
#1897=CARTESIAN_POINT('',(7.766143213646E-2,1.010101983280E-1,
3.751649561060E-2));
#1898=CARTESIAN_POINT('',(7.713741056662E-2,1.047375712690E-1,
2.530834363676E-2));
#1899=CARTESIAN_POINT('',(7.661346341140E-2,1.069954171105E-1,
1.274699056913E-2));
#1900=CARTESIAN_POINT('',(7.626399638081E-2,1.075E-1,4.249396536967E-3));
#1901=CARTESIAN_POINT('',(7.608923884514E-2,1.075E-1,0.E0));
#1903=DIRECTION('',(-5.E-1,-8.660254037844E-1,0.E0));
#1904=VECTOR('',#1903,1.657040733225E-2);
#1905=CARTESIAN_POINT('',(1.677077758446E-1,1.218503937008E-1,0.E0));
#1906=LINE('',#1905,#1904);
#1907=DIRECTION('',(1.E0,0.E0,-1.836829596935E-14));
#1908=VECTOR('',#1907,6.089252898521E-3);
#1909=CARTESIAN_POINT('',(8.437444251127E-2,1.218503937008E-1,0.E0));
#1910=LINE('',#1909,#1908);
#1911=CARTESIAN_POINT('',(1.043525916095E-1,-1.218503937008E-1,0.E0));
#1912=CARTESIAN_POINT('',(1.041872042069E-1,-1.218503937008E-1,
4.558389960989E-3));
#1913=CARTESIAN_POINT('',(1.038564681683E-1,-1.213382200494E-1,
1.367407643447E-2));
#1914=CARTESIAN_POINT('',(1.033605637704E-1,-1.190449069952E-1,
2.717019223102E-2));
#1915=CARTESIAN_POINT('',(1.028646089542E-1,-1.152552758946E-1,
4.032624706336E-2));
#1916=CARTESIAN_POINT('',(1.023683526743E-1,-1.100127747257E-1,
5.298275395002E-2));
#1917=CARTESIAN_POINT('',(1.018724092720E-1,-1.033898857450E-1,
6.496489961736E-2));
#1918=CARTESIAN_POINT('',(1.013765130487E-1,-9.546848802883E-2,
7.612955512276E-2));
#1919=CARTESIAN_POINT('',(1.008804128806E-1,-8.634322111422E-2,
8.634144499515E-2));
#1920=CARTESIAN_POINT('',(1.003842315742E-1,-7.612980890678E-2,
9.546835958995E-2));
#1921=CARTESIAN_POINT('',(9.988834285611E-2,-6.496530247706E-2,
1.033896284775E-1));
#1922=CARTESIAN_POINT('',(9.939237014428E-2,-5.298247023231E-2,
1.100129384988E-1));
#1923=CARTESIAN_POINT('',(9.889611850207E-2,-4.032605083790E-2,
1.152553250989E-1));
#1924=CARTESIAN_POINT('',(9.840017768252E-2,-2.717037071029E-2,
1.190448578635E-1));
#1925=CARTESIAN_POINT('',(9.790427863510E-2,-1.367440959068E-2,
1.213381731767E-1));
#1926=CARTESIAN_POINT('',(9.740818628427E-2,-1.189858595106E-6,
1.221064743930E-1));
#1927=CARTESIAN_POINT('',(9.691202898546E-2,1.367382874423E-2,
1.213382914366E-1));
#1928=CARTESIAN_POINT('',(9.641613362184E-2,2.716969659766E-2,
1.190449907580E-1));
#1929=CARTESIAN_POINT('',(9.592020179568E-2,4.032516184305E-2,
1.152556261548E-1));
#1930=CARTESIAN_POINT('',(9.542395816107E-2,5.298142938534E-2,
1.100134456472E-1));
#1931=CARTESIAN_POINT('',(9.492796593564E-2,6.496479312137E-2,
1.033899772725E-1));
#1932=CARTESIAN_POINT('',(9.443207739891E-2,7.612929516065E-2,
9.546871428948E-2));
#1933=CARTESIAN_POINT('',(9.393594643522E-2,8.634179368574E-2,
8.634286062743E-2));
#1934=CARTESIAN_POINT('',(9.343980718595E-2,9.546794017295E-2,
7.613030921945E-2));
#1935=CARTESIAN_POINT('',(9.294390486300E-2,1.033894655545E-1,
6.496553253869E-2));
#1936=CARTESIAN_POINT('',(9.244797631121E-2,1.100122750037E-1,
5.298381023125E-2));
#1937=CARTESIAN_POINT('',(9.195169225729E-2,1.152551693681E-1,
4.032663325865E-2));
#1938=CARTESIAN_POINT('',(9.145572746402E-2,1.190448813656E-1,
2.717031038519E-2));
#1939=CARTESIAN_POINT('',(9.095982215741E-2,1.213382116815E-1,
1.367417019602E-2));
#1940=CARTESIAN_POINT('',(9.062908377214E-2,1.218503937008E-1,
4.558417312548E-3));
#1941=CARTESIAN_POINT('',(9.046369540979E-2,1.218503937008E-1,0.E0));
#1943=DIRECTION('',(1.E0,0.E0,-2.206366634598E-14));
#1944=VECTOR('',#1943,6.089269347828E-3);
#1945=CARTESIAN_POINT('',(9.826332226167E-2,-1.218503937008E-1,0.E0));
#1946=LINE('',#1945,#1944);
#1947=CARTESIAN_POINT('',(8.437444251127E-2,1.218503937008E-1,0.E0));
#1948=CARTESIAN_POINT('',(8.453983124891E-2,1.218503937008E-1,
4.558434854647E-3));
#1949=CARTESIAN_POINT('',(8.487057030865E-2,1.213382059634E-1,
1.367422030473E-2));
#1950=CARTESIAN_POINT('',(8.536647429859E-2,1.190448747481E-1,
2.717034501578E-2));
#1951=CARTESIAN_POINT('',(8.586244174677E-2,1.152551304032E-1,
4.032675637513E-2));
#1952=CARTESIAN_POINT('',(8.635872721352E-2,1.100121934575E-1,
5.298398053514E-2));
#1953=CARTESIAN_POINT('',(8.685465308658E-2,1.033893901018E-1,
6.496564307533E-2));
#1954=CARTESIAN_POINT('',(8.735055466529E-2,9.546786722132E-2,
7.613042296254E-2));
#1955=CARTESIAN_POINT('',(8.784670488129E-2,8.634146212485E-2,
8.634317142623E-2));
#1956=CARTESIAN_POINT('',(8.834280544828E-2,7.612957280584E-2,
9.546847888561E-2));
#1957=CARTESIAN_POINT('',(8.883869953936E-2,6.496495036957E-2,
1.033898614688E-1));
#1958=CARTESIAN_POINT('',(8.933465075917E-2,5.298259153839E-2,
1.100128443536E-1));
#1959=CARTESIAN_POINT('',(8.983088928676E-2,4.032652235101E-2,
1.152551775051E-1));
#1960=CARTESIAN_POINT('',(9.032685087452E-2,2.717027715717E-2,
1.190448727447E-1));
#1961=CARTESIAN_POINT('',(9.082273726490E-2,1.367464613496E-2,
1.213381850496E-1));
#1962=CARTESIAN_POINT('',(9.131890176459E-2,-5.824159615615E-7,
1.221065156543E-1));
#1963=CARTESIAN_POINT('',(9.181503869958E-2,-1.367504468418E-2,
1.213381145328E-1));
#1964=CARTESIAN_POINT('',(9.231092540465E-2,-2.717068110637E-2,
1.190447983752E-1));
#1965=CARTESIAN_POINT('',(9.280690122559E-2,-4.032727833842E-2,
1.152549131970E-1));
#1966=CARTESIAN_POINT('',(9.330313185197E-2,-5.298311587800E-2,
1.100125930516E-1));
#1967=CARTESIAN_POINT('',(9.379908800473E-2,-6.496554240836E-2,
1.033894717098E-1));
#1968=CARTESIAN_POINT('',(9.429497733580E-2,-7.613006124690E-2,
9.546816481211E-2));
#1969=CARTESIAN_POINT('',(9.479116041079E-2,-8.634348729993E-2,
8.634117234885E-2));
#1970=CARTESIAN_POINT('',(9.528725115769E-2,-9.546856583588E-2,
7.612944557184E-2));
#1971=CARTESIAN_POINT('',(9.578314801903E-2,-1.033899817899E-1,
6.496476594411E-2));
#1972=CARTESIAN_POINT('',(9.627910641543E-2,-1.100130477867E-1,
5.298222837780E-2));
#1973=CARTESIAN_POINT('',(9.677536894294E-2,-1.152555192804E-1,
4.032551020557E-2));
#1974=CARTESIAN_POINT('',(9.727130061308E-2,-1.190449274732E-1,
2.717004392486E-2));
#1975=CARTESIAN_POINT('',(9.776720673345E-2,-1.213382452117E-1,
1.367387099908E-2));
#1976=CARTESIAN_POINT('',(9.809793731010E-2,-1.218503937008E-1,
4.558326004249E-3));
#1977=CARTESIAN_POINT('',(9.826332226167E-2,-1.218503937008E-1,0.E0));
#1979=CARTESIAN_POINT('',(7.048556276086E-2,-1.218503937008E-1,0.E0));
#1980=CARTESIAN_POINT('',(7.065094763071E-2,-1.218503937008E-1,
-4.558323751785E-3));
#1981=CARTESIAN_POINT('',(7.098167815069E-2,-1.213382457549E-1,
-1.367386722001E-2));
#1982=CARTESIAN_POINT('',(7.147758450346E-2,-1.190449271553E-1,
-2.717004648215E-2));
#1983=CARTESIAN_POINT('',(7.197351673232E-2,-1.152555145483E-1,
-4.032552768078E-2));
#1984=CARTESIAN_POINT('',(7.246978054874E-2,-1.100130247370E-1,
-5.298227680193E-2));
#1985=CARTESIAN_POINT('',(7.296573804529E-2,-1.033899655768E-1,
-6.496478971305E-2));
#1986=CARTESIAN_POINT('',(7.346163502916E-2,-9.546854708607E-2,
-7.612947180694E-2));
#1987=CARTESIAN_POINT('',(7.395772731393E-2,-8.634343414415E-2,
-8.634122467857E-2));
#1988=CARTESIAN_POINT('',(7.445390810312E-2,-7.613005116143E-2,
-9.546817072122E-2));
#1989=CARTESIAN_POINT('',(7.494979745640E-2,-6.496553233428E-2,
-1.033894783376E-1));
#1990=CARTESIAN_POINT('',(7.544575304634E-2,-5.298311849829E-2,
-1.100125906422E-1));
#1991=CARTESIAN_POINT('',(7.594198294616E-2,-4.032730050531E-2,
-1.152549053352E-1));
#1992=CARTESIAN_POINT('',(7.643795921384E-2,-2.717069209479E-2,
-1.190447964449E-1));
#1993=CARTESIAN_POINT('',(7.693384591121E-2,-1.367505591597E-2,
-1.213381124610E-1));
#1994=CARTESIAN_POINT('',(7.742998203720E-2,-6.161078306547E-7,
-1.221065157739E-1));
#1995=CARTESIAN_POINT('',(7.792614745340E-2,1.367463781748E-2,
-1.213381866425E-1));
#1996=CARTESIAN_POINT('',(7.842203378065E-2,2.717026729357E-2,
-1.190448749107E-1));
#1997=CARTESIAN_POINT('',(7.891799546321E-2,4.032651513869E-2,
-1.152551797977E-1));
#1998=CARTESIAN_POINT('',(7.941423358697E-2,5.298257473503E-2,
-1.100128524425E-1));
#1999=CARTESIAN_POINT('',(7.991018513865E-2,6.496494228682E-2,
-1.033898665559E-1));
#2000=CARTESIAN_POINT('',(8.040607895591E-2,7.612955956381E-2,
-9.546848964204E-2));
#2001=CARTESIAN_POINT('',(8.090218024759E-2,8.634146474408E-2,
-8.634316990931E-2));
#2002=CARTESIAN_POINT('',(8.139833076303E-2,9.546787413422E-2,
-7.613041412607E-2));
#2003=CARTESIAN_POINT('',(8.189423214055E-2,1.033893930671E-1,
-6.496563826062E-2));
#2004=CARTESIAN_POINT('',(8.239015812860E-2,1.100121973206E-1,
-5.298397260431E-2));
#2005=CARTESIAN_POINT('',(8.288644344526E-2,1.152551317470E-1,
-4.032675188046E-2));
#2006=CARTESIAN_POINT('',(8.338241076414E-2,1.190448749563E-1,
-2.717034392775E-2));
#2007=CARTESIAN_POINT('',(8.387831476230E-2,1.213382061090E-1,
-1.367421897658E-2));
#2008=CARTESIAN_POINT('',(8.420905378895E-2,1.218503937008E-1,
-4.558434432281E-3));
#2009=CARTESIAN_POINT('',(8.437444251127E-2,1.218503937008E-1,0.E0));
#2011=CARTESIAN_POINT('',(9.046369540979E-2,1.218503937008E-1,0.E0));
#2012=CARTESIAN_POINT('',(9.029830875778E-2,1.218503937008E-1,
-4.558370172358E-3));
#2013=CARTESIAN_POINT('',(8.996757497686E-2,1.213382276668E-1,
-1.367399645752E-2));
#2014=CARTESIAN_POINT('',(8.947167175289E-2,1.190449273343E-1,
-2.717008474774E-2));
#2015=CARTESIAN_POINT('',(8.897572934305E-2,1.152554019833E-1,
-4.032581469395E-2));
#2016=CARTESIAN_POINT('',(8.847949172724E-2,1.100131952368E-1,
-5.298188952840E-2));
#2017=CARTESIAN_POINT('',(8.798352593430E-2,1.033900840224E-1,
-6.496462342598E-2));
#2018=CARTESIAN_POINT('',(8.748763063186E-2,9.546869711644E-2,
-7.612926008951E-2));
#2019=CARTESIAN_POINT('',(8.699154883043E-2,8.634383381105E-2,
-8.634083555568E-2));
#2020=CARTESIAN_POINT('',(8.649534711791E-2,7.613005258374E-2,
-9.546818877088E-2));
#2021=CARTESIAN_POINT('',(8.599945731687E-2,6.496551960380E-2,
-1.033894821596E-1));
#2022=CARTESIAN_POINT('',(8.550349223284E-2,5.298289099712E-2,
-1.100127313592E-1));
#2023=CARTESIAN_POINT('',(8.500723761700E-2,4.032641424527E-2,
-1.152552098486E-1));
#2024=CARTESIAN_POINT('',(8.451128851397E-2,2.717051450478E-2,
-1.190448198416E-1));
#2025=CARTESIAN_POINT('',(8.401539654210E-2,1.367474669813E-2,
-1.213381493517E-1));
#2026=CARTESIAN_POINT('',(8.351927241798E-2,6.455111208775E-7,
-1.221065008984E-1));
#2027=CARTESIAN_POINT('',(8.302311198440E-2,-1.367446070687E-2,
-1.213382092537E-1));
#2028=CARTESIAN_POINT('',(8.252722276409E-2,-2.717015925252E-2,
-1.190448946621E-1));
#2029=CARTESIAN_POINT('',(8.203126967314E-2,-4.032617589535E-2,
-1.152552946687E-1));
#2030=CARTESIAN_POINT('',(8.153502428484E-2,-5.298242777178E-2,
-1.100129372371E-1));
#2031=CARTESIAN_POINT('',(8.103906222574E-2,-6.496503785170E-2,
-1.033898129632E-1));
#2032=CARTESIAN_POINT('',(8.054316557339E-2,-7.612970011192E-2,
-9.546838305767E-2));
#2033=CARTESIAN_POINT('',(8.004706084260E-2,-8.634164333994E-2,
-8.634298289355E-2));
#2034=CARTESIAN_POINT('',(7.955092122025E-2,-9.546783555612E-2,
-7.613045243181E-2));
#2035=CARTESIAN_POINT('',(7.905501710197E-2,-1.033894002250E-1,
-6.496563262653E-2));
#2036=CARTESIAN_POINT('',(7.855909139494E-2,-1.100121913198E-1,
-5.298398221406E-2));
#2037=CARTESIAN_POINT('',(7.806280529939E-2,-1.152551313688E-1,
-4.032675483851E-2));
#2038=CARTESIAN_POINT('',(7.756683744755E-2,-1.190448746054E-1,
-2.717034496275E-2));
#2039=CARTESIAN_POINT('',(7.707093296338E-2,-1.213382060536E-1,
-1.367421992873E-2));
#2040=CARTESIAN_POINT('',(7.674019359004E-2,-1.218503937008E-1,
-4.558434743460E-3));
#2041=CARTESIAN_POINT('',(7.657480469319E-2,-1.218503937008E-1,0.E0));
#2043=CARTESIAN_POINT('',(9.826332226167E-2,-1.218503937008E-1,0.E0));
#2044=CARTESIAN_POINT('',(9.842871115851E-2,-1.218503937008E-1,
-4.558434743459E-3));
#2045=CARTESIAN_POINT('',(9.875945053186E-2,-1.213382060536E-1,
-1.367421992873E-2));
#2046=CARTESIAN_POINT('',(9.925535501602E-2,-1.190448746054E-1,
-2.717034496275E-2));
#2047=CARTESIAN_POINT('',(9.975132286786E-2,-1.152551313688E-1,
-4.032675483851E-2));
#2048=CARTESIAN_POINT('',(1.002476089634E-1,-1.100121913198E-1,
-5.298398221406E-2));
#2049=CARTESIAN_POINT('',(1.007435346704E-1,-1.033894002250E-1,
-6.496563262653E-2));
#2050=CARTESIAN_POINT('',(1.012394387887E-1,-9.546783555612E-2,
-7.613045243181E-2));
#2051=CARTESIAN_POINT('',(1.017355784111E-1,-8.634164333994E-2,
-8.634298289355E-2));
#2052=CARTESIAN_POINT('',(1.022316831419E-1,-7.612970011192E-2,
-9.546838305767E-2));
#2053=CARTESIAN_POINT('',(1.027275797942E-1,-6.496503785170E-2,
-1.033898129632E-1));
#2054=CARTESIAN_POINT('',(1.032235418533E-1,-5.298242777178E-2,
-1.100129372371E-1));
#2055=CARTESIAN_POINT('',(1.037197872416E-1,-4.032617589535E-2,
-1.152552946687E-1));
#2056=CARTESIAN_POINT('',(1.042157403326E-1,-2.717015925252E-2,
-1.190448946621E-1));
#2057=CARTESIAN_POINT('',(1.047116295529E-1,-1.367446070687E-2,
-1.213382092537E-1));
#2058=CARTESIAN_POINT('',(1.052077899865E-1,6.455111211715E-7,
-1.221065008984E-1));
#2059=CARTESIAN_POINT('',(1.057039141106E-1,1.367474669813E-2,
-1.213381493517E-1));
#2060=CARTESIAN_POINT('',(1.061998060824E-1,2.717051450478E-2,
-1.190448198416E-1));
#2061=CARTESIAN_POINT('',(1.066957551855E-1,4.032641424527E-2,
-1.152552098486E-1));
#2062=CARTESIAN_POINT('',(1.071920098013E-1,5.298289099712E-2,
-1.100127313592E-1));
#2063=CARTESIAN_POINT('',(1.076879748853E-1,6.496551960381E-2,
-1.033894821596E-1));
#2064=CARTESIAN_POINT('',(1.081838646864E-1,7.613005258374E-2,
-9.546818877088E-2));
#2065=CARTESIAN_POINT('',(1.086800663989E-1,8.634383381105E-2,
-8.634083555568E-2));
#2066=CARTESIAN_POINT('',(1.091761482003E-1,9.546869711644E-2,
-7.612926008951E-2));
#2067=CARTESIAN_POINT('',(1.096720435028E-1,1.033900840224E-1,
-6.496462342598E-2));
#2068=CARTESIAN_POINT('',(1.101680092957E-1,1.100131952368E-1,
-5.298188952840E-2));
#2069=CARTESIAN_POINT('',(1.106642469115E-1,1.152554019833E-1,
-4.032581469395E-2));
#2070=CARTESIAN_POINT('',(1.111601893214E-1,1.190449273343E-1,
-2.717008474774E-2));
#2071=CARTESIAN_POINT('',(1.116560925453E-1,1.213382276668E-1,
-1.367399645752E-2));
#2072=CARTESIAN_POINT('',(1.119868263263E-1,1.218503937008E-1,
-4.558370172358E-3));
#2073=CARTESIAN_POINT('',(1.121522129783E-1,1.218503937008E-1,0.E0));
#2075=CARTESIAN_POINT('',(1.182414878092E-1,1.218503937008E-1,0.E0));
#2076=CARTESIAN_POINT('',(1.180760993359E-1,1.218503937008E-1,
-4.558420370723E-3));
#2077=CARTESIAN_POINT('',(1.177453607483E-1,1.213382106916E-1,
-1.367417878046E-2));
#2078=CARTESIAN_POINT('',(1.172494555519E-1,1.190448803062E-1,
-2.717031589805E-2));
#2079=CARTESIAN_POINT('',(1.167534902184E-1,1.152551631347E-1,
-4.032665283623E-2));
#2080=CARTESIAN_POINT('',(1.162572060170E-1,1.100122639754E-1,
-5.298383221222E-2));
#2081=CARTESIAN_POINT('',(1.157612778849E-1,1.033894587675E-1,
-6.496554366966E-2));
#2082=CARTESIAN_POINT('',(1.152653750965E-1,9.546792392135E-2,
-7.613032933407E-2));
#2083=CARTESIAN_POINT('',(1.147692368891E-1,8.634179481822E-2,
-8.634285764560E-2));
#2084=CARTESIAN_POINT('',(1.142731065637E-1,7.612931133526E-2,
-9.546870164930E-2));
#2085=CARTESIAN_POINT('',(1.137772177529E-1,6.496480377753E-2,
-1.033899698210E-1));
#2086=CARTESIAN_POINT('',(1.132812268649E-1,5.298147394168E-2,
-1.100134231505E-1));
#2087=CARTESIAN_POINT('',(1.127849829425E-1,4.032520183244E-2,
-1.152556133736E-1));
#2088=CARTESIAN_POINT('',(1.122890501951E-1,2.716971273599E-2,
-1.190449871754E-1));
#2089=CARTESIAN_POINT('',(1.117931551799E-1,1.367385471899E-2,
-1.213382887600E-1));
#2090=CARTESIAN_POINT('',(1.112969968843E-1,-1.191224184714E-6,
-1.221064753099E-1));
#2091=CARTESIAN_POINT('',(1.108009042855E-1,-1.367441780352E-2,
-1.213381721858E-1));
#2092=CARTESIAN_POINT('',(1.103050052963E-1,-2.717037714453E-2,
-1.190448563292E-1));
#2093=CARTESIAN_POINT('',(1.098090643650E-1,-4.032606018320E-2,
-1.152553223454E-1));
#2094=CARTESIAN_POINT('',(1.093128121667E-1,-5.298249291408E-2,
-1.100129277796E-1));
#2095=CARTESIAN_POINT('',(1.088168397984E-1,-6.496531535255E-2,
-1.033896197135E-1));
#2096=CARTESIAN_POINT('',(1.083209510133E-1,-7.612982334699E-2,
-9.546834967849E-2));
#2097=CARTESIAN_POINT('',(1.078247682729E-1,-8.634326158212E-2,
-8.634140480463E-2));
#2098=CARTESIAN_POINT('',(1.073286693080E-1,-9.546850184472E-2,
-7.612953566580E-2));
#2099=CARTESIAN_POINT('',(1.068327731615E-1,-1.033898982813E-1,
-6.496488186708E-2));
#2100=CARTESIAN_POINT('',(1.063368286669E-1,-1.100127970177E-1,
-5.298270713761E-2));
#2101=CARTESIAN_POINT('',(1.058405738111E-1,-1.152552788335E-1,
-4.032623477631E-2));
#2102=CARTESIAN_POINT('',(1.053446192853E-1,-1.190449080448E-1,
-2.717018788455E-2));
#2103=CARTESIAN_POINT('',(1.048487149809E-1,-1.213382201290E-1,
-1.367407448802E-2));
#2104=CARTESIAN_POINT('',(1.045179789970E-1,-1.218503937008E-1,
-4.558389544257E-3));
#2105=CARTESIAN_POINT('',(1.043525916095E-1,-1.218503937008E-1,0.E0));
#2107=DIRECTION('',(1.E0,0.E0,0.E0));
#2108=VECTOR('',#2107,6.089274830928E-3);
#2109=CARTESIAN_POINT('',(1.121522129783E-1,1.218503937008E-1,0.E0));
#2110=LINE('',#2109,#2108);
#2111=CARTESIAN_POINT('',(1.321303785258E-1,-1.218503937008E-1,0.E0));
#2112=CARTESIAN_POINT('',(1.319649896081E-1,-1.218503937008E-1,
4.558435316938E-3));
#2113=CARTESIAN_POINT('',(1.316342502002E-1,-1.213382058530E-1,
1.367422143810E-2));
#2114=CARTESIAN_POINT('',(1.311383457545E-1,-1.190448745613E-1,
2.717034544296E-2));
#2115=CARTESIAN_POINT('',(1.306423778244E-1,-1.152551304073E-1,
4.032675727278E-2));
#2116=CARTESIAN_POINT('',(1.301460919420E-1,-1.100121926659E-1,
5.298397926702E-2));
#2117=CARTESIAN_POINT('',(1.296501661944E-1,-1.033894012346E-1,
6.496563069983E-2));
#2118=CARTESIAN_POINT('',(1.291542622673E-1,-9.546784037807E-2,
7.613044684246E-2));
#2119=CARTESIAN_POINT('',(1.286581222614E-1,-8.634164085693E-2,
8.634298483878E-2));
#2120=CARTESIAN_POINT('',(1.281620184003E-1,-7.612971620194E-2,
9.546836988635E-2));
#2121=CARTESIAN_POINT('',(1.276661214760E-1,-6.496504895136E-2,
1.033898055082E-1));
#2122=CARTESIAN_POINT('',(1.271701607351E-1,-5.298247198917E-2,
1.100129144366E-1));
#2123=CARTESIAN_POINT('',(1.266739156563E-1,-4.032623120432E-2,
1.152552761656E-1));
#2124=CARTESIAN_POINT('',(1.261779614035E-1,-2.717018494302E-2,
1.190448896041E-1));
#2125=CARTESIAN_POINT('',(1.256820724081E-1,-1.367449283480E-2,
1.213382045780E-1));
#2126=CARTESIAN_POINT('',(1.251859124626E-1,5.996591299750E-7,
1.221065021158E-1));
#2127=CARTESIAN_POINT('',(1.246897862839E-1,1.367475753709E-2,
1.213381491587E-1));
#2128=CARTESIAN_POINT('',(1.241938946482E-1,2.717051610600E-2,
1.190448194972E-1));
#2129=CARTESIAN_POINT('',(1.236979445950E-1,4.032644072601E-2,
1.152552014393E-1));
#2130=CARTESIAN_POINT('',(1.232016900467E-1,5.298291417739E-2,
1.100127196068E-1));
#2131=CARTESIAN_POINT('',(1.227057254146E-1,6.496553082373E-2,
1.033894747679E-1));
#2132=CARTESIAN_POINT('',(1.222098354825E-1,7.613006639562E-2,
9.546817864550E-2));
#2133=CARTESIAN_POINT('',(1.217136331771E-1,8.634385727637E-2,
8.634081173122E-2));
#2134=CARTESIAN_POINT('',(1.212175522783E-1,9.546870195353E-2,
7.612925299951E-2));
#2135=CARTESIAN_POINT('',(1.207216568748E-1,1.033900902952E-1,
6.496461405522E-2));
#2136=CARTESIAN_POINT('',(1.202256907377E-1,1.100132049370E-1,
5.298187103326E-2));
#2137=CARTESIAN_POINT('',(1.197294525726E-1,1.152554134676E-1,
4.032578060431E-2));
#2138=CARTESIAN_POINT('',(1.192335112495E-1,1.190449279872E-1,
2.717007872447E-2));
#2139=CARTESIAN_POINT('',(1.187376079446E-1,1.213382287025E-1,
1.367398834132E-2));
#2140=CARTESIAN_POINT('',(1.184068743757E-1,1.218503937008E-1,
4.558367816453E-3));
#2141=CARTESIAN_POINT('',(1.182414878092E-1,1.218503937008E-1,0.E0));
#2143=DIRECTION('',(1.E0,0.E0,2.829330936819E-14));
#2144=VECTOR('',#2143,6.089269347799E-3);
#2145=CARTESIAN_POINT('',(1.260411091780E-1,-1.218503937008E-1,0.E0));
#2146=LINE('',#2145,#2144);
#2147=CARTESIAN_POINT('',(1.121522129783E-1,1.218503937008E-1,0.E0));
#2148=CARTESIAN_POINT('',(1.123176013406E-1,1.218503937008E-1,
4.558417312548E-3));
#2149=CARTESIAN_POINT('',(1.126483397259E-1,1.213382116815E-1,
1.367417019602E-2));
#2150=CARTESIAN_POINT('',(1.131442450325E-1,1.190448813656E-1,
2.717031038519E-2));
#2151=CARTESIAN_POINT('',(1.136402098258E-1,1.152551693681E-1,
4.032663325865E-2));
#2152=CARTESIAN_POINT('',(1.141364938797E-1,1.100122750037E-1,
5.298381023124E-2));
#2153=CARTESIAN_POINT('',(1.146324224315E-1,1.033894655545E-1,
6.496553253869E-2));
#2154=CARTESIAN_POINT('',(1.151283247544E-1,9.546794017295E-2,
7.613030921945E-2));
#2155=CARTESIAN_POINT('',(1.156244640037E-1,8.634179368574E-2,
8.634286062743E-2));
#2156=CARTESIAN_POINT('',(1.161205949674E-1,7.612929516065E-2,
9.546871428948E-2));
#2157=CARTESIAN_POINT('',(1.166164835041E-1,6.496479312137E-2,
1.033899772725E-1));
#2158=CARTESIAN_POINT('',(1.171124757295E-1,5.298142938534E-2,
1.100134456472E-1));
#2159=CARTESIAN_POINT('',(1.176087193642E-1,4.032516184305E-2,
1.152556261548E-1));
#2160=CARTESIAN_POINT('',(1.181046511903E-1,2.716969659766E-2,
1.190449907580E-1));
#2161=CARTESIAN_POINT('',(1.186005465539E-1,1.367382874423E-2,
1.213382914366E-1));
#2162=CARTESIAN_POINT('',(1.190967038527E-1,-1.189858595276E-6,
1.221064743930E-1));
#2163=CARTESIAN_POINT('',(1.195927962036E-1,-1.367440959068E-2,
1.213381731767E-1));
#2164=CARTESIAN_POINT('',(1.200886952510E-1,-2.717037071029E-2,
1.190448578635E-1));
#2165=CARTESIAN_POINT('',(1.205846360705E-1,-4.032605083790E-2,
1.152553250989E-1));
#2166=CARTESIAN_POINT('',(1.210808877128E-1,-5.298247023231E-2,
1.100129384988E-1));
#2167=CARTESIAN_POINT('',(1.215768604246E-1,-6.496530247706E-2,
1.033896284775E-1));
#2168=CARTESIAN_POINT('',(1.220727491426E-1,-7.612980890678E-2,
9.546835958995E-2));
#2169=CARTESIAN_POINT('',(1.225689304491E-1,-8.634322111422E-2,
8.634144499515E-2));
#2170=CARTESIAN_POINT('',(1.230650306171E-1,-9.546848802883E-2,
7.612955512276E-2));
#2171=CARTESIAN_POINT('',(1.235609268405E-1,-1.033898857450E-1,
6.496489961736E-2));
#2172=CARTESIAN_POINT('',(1.240568702428E-1,-1.100127747257E-1,
5.298275395002E-2));
#2173=CARTESIAN_POINT('',(1.245531265227E-1,-1.152552758946E-1,
4.032624706336E-2));
#2174=CARTESIAN_POINT('',(1.250490813388E-1,-1.190449069952E-1,
2.717019223102E-2));
#2175=CARTESIAN_POINT('',(1.255449857368E-1,-1.213382200494E-1,
1.367407643447E-2));
#2176=CARTESIAN_POINT('',(1.258757217753E-1,-1.218503937008E-1,
4.558389960989E-3));
#2177=CARTESIAN_POINT('',(1.260411091780E-1,-1.218503937008E-1,0.E0));
#2179=CARTESIAN_POINT('',(7.6E-2,9.153543307087E-2,0.E0));
#2180=CARTESIAN_POINT('',(7.6E-2,-9.153543307087E-2,0.E0));
#2181=VERTEX_POINT('',#2179);
#2182=VERTEX_POINT('',#2180);
#2183=CARTESIAN_POINT('',(3.101968503937E-1,1.049212598425E-1,0.E0));
#2184=CARTESIAN_POINT('',(3.101968503937E-1,-1.049212598425E-1,0.E0));
#2185=VERTEX_POINT('',#2183);
#2186=VERTEX_POINT('',#2184);
#2187=CARTESIAN_POINT('',(5.659667204427E-2,1.218503937008E-1,0.E0));
#2188=CARTESIAN_POINT('',(6.268592494280E-2,1.218503937008E-1,0.E0));
#2189=VERTEX_POINT('',#2187);
#2190=VERTEX_POINT('',#2188);
#2191=CARTESIAN_POINT('',(8.437444251127E-2,1.218503937008E-1,0.E0));
#2192=CARTESIAN_POINT('',(9.046369540979E-2,1.218503937008E-1,0.E0));
#2193=VERTEX_POINT('',#2191);
#2194=VERTEX_POINT('',#2192);
#2195=CARTESIAN_POINT('',(1.121522129783E-1,1.218503937008E-1,0.E0));
#2196=CARTESIAN_POINT('',(1.182414878092E-1,1.218503937008E-1,0.E0));
#2197=VERTEX_POINT('',#2195);
#2198=VERTEX_POINT('',#2196);
#2199=CARTESIAN_POINT('',(1.399300053777E-1,1.218503937008E-1,0.E0));
#2200=CARTESIAN_POINT('',(1.460192582761E-1,1.218503937008E-1,0.E0));
#2201=VERTEX_POINT('',#2199);
#2202=VERTEX_POINT('',#2200);
#2203=CARTESIAN_POINT('',(7.048556276086E-2,-1.218503937008E-1,0.E0));
#2204=CARTESIAN_POINT('',(7.657480469319E-2,-1.218503937008E-1,0.E0));
#2205=VERTEX_POINT('',#2203);
#2206=VERTEX_POINT('',#2204);
#2207=CARTESIAN_POINT('',(9.826332226167E-2,-1.218503937008E-1,0.E0));
#2208=CARTESIAN_POINT('',(1.043525916095E-1,-1.218503937008E-1,0.E0));
#2209=VERTEX_POINT('',#2207);
#2210=VERTEX_POINT('',#2208);
#2211=CARTESIAN_POINT('',(1.260411091780E-1,-1.218503937008E-1,0.E0));
#2212=CARTESIAN_POINT('',(1.321303785258E-1,-1.218503937008E-1,0.E0));
#2213=VERTEX_POINT('',#2211);
#2214=VERTEX_POINT('',#2212);
#2215=CARTESIAN_POINT('',(1.538188960942E-1,-1.218503937008E-1,0.E0));
#2216=CARTESIAN_POINT('',(1.599081380265E-1,-1.218503937008E-1,0.E0));
#2217=VERTEX_POINT('',#2215);
#2218=VERTEX_POINT('',#2216);
#2219=CARTESIAN_POINT('',(3.149606299213E-2,-1.049212598425E-1,0.E0));
#2220=CARTESIAN_POINT('',(3.407480314961E-2,-1.075E-1,0.E0));
#2221=VERTEX_POINT('',#2219);
#2222=VERTEX_POINT('',#2220);
#2223=CARTESIAN_POINT('',(3.149606299213E-2,1.049212598425E-1,0.E0));
#2224=CARTESIAN_POINT('',(3.985573536893E-2,1.132809322193E-1,0.E0));
#2225=VERTEX_POINT('',#2223);
#2226=VERTEX_POINT('',#2224);
#2227=CARTESIAN_POINT('',(4.842519685039E-2,-1.214196315962E-1,
1.023677234646E-2));
#2228=CARTESIAN_POINT('',(4.842519685039E-2,-3.338667501025E-2,
-1.171872364074E-1));
#2229=VERTEX_POINT('',#2227);
#2230=VERTEX_POINT('',#2228);
#2231=CARTESIAN_POINT('',(3.937007874016E-3,-9.153543307087E-2,0.E0));
#2232=CARTESIAN_POINT('',(3.937007874016E-3,9.153543307087E-2,0.E0));
#2233=VERTEX_POINT('',#2231);
#2234=VERTEX_POINT('',#2232);
#2235=CARTESIAN_POINT('',(0.E0,-9.547244094488E-2,0.E0));
#2236=CARTESIAN_POINT('',(0.E0,9.547244094488E-2,0.E0));
#2237=VERTEX_POINT('',#2235);
#2238=VERTEX_POINT('',#2236);
#2239=CARTESIAN_POINT('',(1.594225721785E-1,1.075E-1,0.E0));
#2240=CARTESIAN_POINT('',(1.543044619423E-1,1.075E-1,0.E0));
#2241=VERTEX_POINT('',#2239);
#2242=VERTEX_POINT('',#2240);
#2243=CARTESIAN_POINT('',(7.608923884514E-2,1.075E-1,0.E0));
#2244=CARTESIAN_POINT('',(7.097112860892E-2,1.075E-1,0.E0));
#2245=VERTEX_POINT('',#2243);
#2246=VERTEX_POINT('',#2244);
#2247=VERTEX_POINT('',#1293);
#2248=CARTESIAN_POINT('',(3.407480314961E-2,-5.076020296862E-2,
-9.476102465985E-2));
#2249=VERTEX_POINT('',#2248);
#2250=VERTEX_POINT('',#1261);
#2251=CARTESIAN_POINT('',(3.407480314961E-2,-1.071675697493E-1,
8.447602857043E-3));
#2252=VERTEX_POINT('',#2251);
#2253=VERTEX_POINT('',#1665);
#2254=VERTEX_POINT('',#1106);
#2255=CARTESIAN_POINT('',(3.751968503937E-1,-2.696850393701E-2,-2.5E-2));
#2256=CARTESIAN_POINT('',(3.751968503937E-1,4.921259842520E-3,-2.5E-2));
#2257=VERTEX_POINT('',#2255);
#2258=VERTEX_POINT('',#2256);
#2259=CARTESIAN_POINT('',(3.751968503937E-1,4.921259842520E-3,2.5E-2));
#2260=CARTESIAN_POINT('',(3.751968503937E-1,-2.696850393701E-2,2.5E-2));
#2261=VERTEX_POINT('',#2259);
#2262=VERTEX_POINT('',#2260);
#2263=CARTESIAN_POINT('',(5.543307086614E-1,-2.696850393701E-2,-2.5E-2));
#2264=VERTEX_POINT('',#2263);
#2265=CARTESIAN_POINT('',(5.543307086614E-1,-2.696850393701E-2,2.5E-2));
#2266=VERTEX_POINT('',#2265);
#2267=CARTESIAN_POINT('',(0.E0,1.009842519685E-1,0.E0));
#2268=CARTESIAN_POINT('',(0.E0,-1.009842519685E-1,0.E0));
#2269=VERTEX_POINT('',#2267);
#2270=VERTEX_POINT('',#2268);
#2271=CARTESIAN_POINT('',(3.937007874016E-3,1.049212598425E-1,0.E0));
#2272=CARTESIAN_POINT('',(3.937007874016E-3,-1.049212598425E-1,0.E0));
#2273=VERTEX_POINT('',#2271);
#2274=VERTEX_POINT('',#2272);
#2275=CARTESIAN_POINT('',(7.993700787402E-2,-7.933070866142E-2,0.E0));
#2276=CARTESIAN_POINT('',(7.993700787402E-2,7.933070866142E-2,0.E0));
#2277=VERTEX_POINT('',#2275);
#2278=VERTEX_POINT('',#2276);
#2279=CARTESIAN_POINT('',(7.6E-2,-8.326771653543E-2,0.E0));
#2280=CARTESIAN_POINT('',(7.6E-2,8.326771653543E-2,0.E0));
#2281=VERTEX_POINT('',#2279);
#2282=VERTEX_POINT('',#2280);
#2283=CARTESIAN_POINT('',(5.444881889764E-1,4.921259842520E-3,2.5E-2));
#2284=CARTESIAN_POINT('',(5.543307086614E-1,-4.921259842520E-3,2.5E-2));
#2285=VERTEX_POINT('',#2283);
#2286=VERTEX_POINT('',#2284);
#2287=CARTESIAN_POINT('',(5.543307086614E-1,-4.921259842520E-3,-2.5E-2));
#2288=CARTESIAN_POINT('',(5.444881889764E-1,4.921259842520E-3,-2.5E-2));
#2289=VERTEX_POINT('',#2287);
#2290=VERTEX_POINT('',#2288);
#2291=CARTESIAN_POINT('',(5.543307086614E-1,-2.696850393701E-2,
-1.205194996480E-1));
#2292=VERTEX_POINT('',#2291);
#2293=CARTESIAN_POINT('',(5.543307086614E-1,-2.696850393701E-2,
1.205194996480E-1));
#2294=VERTEX_POINT('',#2293);
#2295=CARTESIAN_POINT('',(3.751968503937E-1,4.921259842520E-3,
-1.234019092298E-1));
#2296=VERTEX_POINT('',#2295);
#2297=CARTESIAN_POINT('',(3.751968503937E-1,4.921259842520E-3,
1.234019092298E-1));
#2298=VERTEX_POINT('',#2297);
#2299=CARTESIAN_POINT('',(3.751968503937E-1,-2.696850393701E-2,
1.205194996480E-1));
#2300=VERTEX_POINT('',#2299);
#2301=CARTESIAN_POINT('',(3.751968503937E-1,-2.696850393701E-2,
-1.205194996480E-1));
#2302=VERTEX_POINT('',#2301);
#2303=CARTESIAN_POINT('',(3.751968503937E-1,7.292125984252E-2,9.967316521E-2));
#2304=CARTESIAN_POINT('',(3.751968503937E-1,7.292125984252E-2,-9.967316521E-2));
#2305=VERTEX_POINT('',#2303);
#2306=VERTEX_POINT('',#2304);
#2307=CARTESIAN_POINT('',(5.444881889764E-1,4.921259842520E-3,
1.234019092298E-1));
#2308=VERTEX_POINT('',#2307);
#2309=CARTESIAN_POINT('',(5.543307086614E-1,-4.921259842520E-3,
1.234019092298E-1));
#2310=VERTEX_POINT('',#2309);
#2311=CARTESIAN_POINT('',(5.444881889764E-1,4.921259842520E-3,
-1.234019092298E-1));
#2312=VERTEX_POINT('',#2311);
#2313=CARTESIAN_POINT('',(5.543307086614E-1,-4.921259842520E-3,
-1.234019092298E-1));
#2314=VERTEX_POINT('',#2313);
#2315=CARTESIAN_POINT('',(4.401968503937E-1,8.276377952756E-2,
-9.166464311998E-2));
#2316=CARTESIAN_POINT('',(4.401968503937E-1,8.276377952756E-2,
9.166464311998E-2));
#2317=VERTEX_POINT('',#2315);
#2318=VERTEX_POINT('',#2316);
#2319=CARTESIAN_POINT('',(4.303543307087E-1,7.292125984252E-2,-9.967316521E-2));
#2320=CARTESIAN_POINT('',(4.303543307087E-1,7.292125984252E-2,9.967316521E-2));
#2321=VERTEX_POINT('',#2319);
#2322=VERTEX_POINT('',#2320);
#2323=CARTESIAN_POINT('',(3.751968503937E-1,-1.09375E-1,5.735293693439E-2));
#2324=CARTESIAN_POINT('',(3.751968503937E-1,-1.09375E-1,-5.735293693439E-2));
#2325=VERTEX_POINT('',#2323);
#2326=VERTEX_POINT('',#2324);
#2327=CARTESIAN_POINT('',(3.101968503937E-1,-1.09375E-1,5.735293693439E-2));
#2328=CARTESIAN_POINT('',(3.101968503937E-1,-1.09375E-1,-5.735293693439E-2));
#2329=VERTEX_POINT('',#2327);
#2330=VERTEX_POINT('',#2328);
#2331=CARTESIAN_POINT('',(3.101968503937E-1,1.09375E-1,-5.735293693439E-2));
#2332=VERTEX_POINT('',#2331);
#2333=CARTESIAN_POINT('',(3.101968503937E-1,1.09375E-1,5.735293693439E-2));
#2334=VERTEX_POINT('',#2333);
#2335=CARTESIAN_POINT('',(4.401968503937E-1,1.09375E-1,-5.735293693439E-2));
#2336=VERTEX_POINT('',#2335);
#2337=CARTESIAN_POINT('',(4.401968503937E-1,1.09375E-1,5.735293693439E-2));
#2338=VERTEX_POINT('',#2337);
#2339=CARTESIAN_POINT('',(1.968503937008E-1,1.049212598425E-1,0.E0));
#2340=CARTESIAN_POINT('',(1.968503937008E-1,-1.049212598425E-1,0.E0));
#2341=VERTEX_POINT('',#2339);
#2342=VERTEX_POINT('',#2340);
#2343=VERTEX_POINT('',#1355);
#2344=VERTEX_POINT('',#1384);
#2345=VERTEX_POINT('',#1348);
#2346=CARTESIAN_POINT('',(1.712755905512E-1,0.E0,2.534862204724E-2));
#2347=CARTESIAN_POINT('',(1.712755905512E-1,0.E0,-2.534862204724E-2));
#2348=VERTEX_POINT('',#2346);
#2349=VERTEX_POINT('',#2347);
#2350=CARTESIAN_POINT('',(8.308661417323E-2,0.E0,2.534862204724E-2));
#2351=VERTEX_POINT('',#2350);
#2352=CARTESIAN_POINT('',(8.308661417323E-2,0.E0,-2.534862204724E-2));
#2353=VERTEX_POINT('',#2352);
#2354=CARTESIAN_POINT('',(8.308661417323E-2,-7.933070866142E-2,0.E0));
#2355=CARTESIAN_POINT('',(8.308661417323E-2,7.933070866142E-2,0.E0));
#2356=VERTEX_POINT('',#2354);
#2357=VERTEX_POINT('',#2355);
#2358=CARTESIAN_POINT('',(1.980866141732E-1,-1.909448818898E-2,0.E0));
#2359=CARTESIAN_POINT('',(1.980866141732E-1,1.909448818898E-2,0.E0));
#2360=VERTEX_POINT('',#2358);
#2361=VERTEX_POINT('',#2359);
#2362=CARTESIAN_POINT('',(2.091108220692E-1,0.E0,0.E0));
#2363=VERTEX_POINT('',#2362);
#2364=CARTESIAN_POINT('',(8.702362204724E-2,-4.921259842520E-3,
1.844940868324E-2));
#2365=CARTESIAN_POINT('',(1.730866141732E-1,-4.921259842520E-3,
1.844940868324E-2));
#2366=VERTEX_POINT('',#2364);
#2367=VERTEX_POINT('',#2365);
#2368=CARTESIAN_POINT('',(1.730866141732E-1,4.921259842520E-3,
1.844940868324E-2));
#2369=VERTEX_POINT('',#2368);
#2370=CARTESIAN_POINT('',(8.702362204724E-2,4.921259842520E-3,
1.844940868324E-2));
#2371=VERTEX_POINT('',#2370);
#2372=CARTESIAN_POINT('',(8.702362204724E-2,-4.921259842520E-3,
-1.844940868324E-2));
#2373=CARTESIAN_POINT('',(1.730866141732E-1,-4.921259842520E-3,
-1.844940868324E-2));
#2374=VERTEX_POINT('',#2372);
#2375=VERTEX_POINT('',#2373);
#2376=CARTESIAN_POINT('',(1.730866141732E-1,4.921259842520E-3,
-1.844940868324E-2));
#2377=VERTEX_POINT('',#2376);
#2378=CARTESIAN_POINT('',(8.702362204724E-2,4.921259842520E-3,
-1.844940868324E-2));
#2379=VERTEX_POINT('',#2378);
#2380=CARTESIAN_POINT('',(8.702362205503E-2,1.909448818120E-2,
-2.471705176691E-11));
#2381=VERTEX_POINT('',#2380);
#2382=CARTESIAN_POINT('',(8.702362205503E-2,-1.909448818119E-2,
2.471704391477E-11));
#2383=VERTEX_POINT('',#2382);
#2384=VERTEX_POINT('',#135);
#2385=VERTEX_POINT('',#298);
#2386=VERTEX_POINT('',#238);
#2387=VERTEX_POINT('',#196);
#2388=CARTESIAN_POINT('',(4.002125984252E-1,4.921259842520E-3,0.E0));
#2389=CARTESIAN_POINT('',(4.002125984252E-1,-4.921259842520E-3,0.E0));
#2390=VERTEX_POINT('',#2388);
#2391=VERTEX_POINT('',#2389);
#2392=CARTESIAN_POINT('',(4.051338582677E-1,0.E0,0.E0));
#2393=VERTEX_POINT('',#2392);
#2394=CARTESIAN_POINT('',(3.751968503937E-1,-4.921259842520E-3,0.E0));
#2395=CARTESIAN_POINT('',(3.751968503937E-1,4.921259842520E-3,0.E0));
#2396=VERTEX_POINT('',#2394);
#2397=VERTEX_POINT('',#2395);
#2398=CARTESIAN_POINT('',(1.730866141732E-1,-4.921259842520E-3,
2.477179777053E-2));
#2399=CARTESIAN_POINT('',(1.712755905512E-1,-4.921259559085E-3,
2.478584750017E-2));
#2400=VERTEX_POINT('',#2398);
#2401=VERTEX_POINT('',#2399);
#2402=CARTESIAN_POINT('',(1.730866141732E-1,4.921259842520E-3,
2.477179777053E-2));
#2403=VERTEX_POINT('',#2402);
#2404=CARTESIAN_POINT('',(1.712755905512E-1,4.921259559085E-3,
2.478584750017E-2));
#2405=VERTEX_POINT('',#2404);
#2406=CARTESIAN_POINT('',(1.730866141732E-1,-4.921259842520E-3,
-2.477179777053E-2));
#2407=CARTESIAN_POINT('',(1.712755905512E-1,-4.921259559085E-3,
-2.478584750017E-2));
#2408=VERTEX_POINT('',#2406);
#2409=VERTEX_POINT('',#2407);
#2410=CARTESIAN_POINT('',(1.730866141732E-1,4.921259842520E-3,
-2.477179777053E-2));
#2411=VERTEX_POINT('',#2410);
#2412=CARTESIAN_POINT('',(1.712755905512E-1,4.921259559085E-3,
-2.478584750017E-2));
#2413=VERTEX_POINT('',#2412);
#2414=CARTESIAN_POINT('',(1.657942395358E-1,4.921259842520E-3,
2.486631941515E-2));
#2415=CARTESIAN_POINT('',(8.308661417323E-2,4.921259842520E-3,
2.486631941515E-2));
#2416=VERTEX_POINT('',#2414);
#2417=VERTEX_POINT('',#2415);
#2418=CARTESIAN_POINT('',(1.657942395358E-1,4.921259842520E-3,
-2.486631941515E-2));
#2419=CARTESIAN_POINT('',(8.308661417323E-2,4.921259842520E-3,
-2.486631941515E-2));
#2420=VERTEX_POINT('',#2418);
#2421=VERTEX_POINT('',#2419);
#2422=CARTESIAN_POINT('',(1.657942395358E-1,-4.921259842520E-3,
-2.486631941515E-2));
#2423=CARTESIAN_POINT('',(8.308661417323E-2,-4.921259842520E-3,
-2.486631941515E-2));
#2424=VERTEX_POINT('',#2422);
#2425=VERTEX_POINT('',#2423);
#2426=CARTESIAN_POINT('',(1.657942395358E-1,-4.921259842520E-3,
2.486631941515E-2));
#2427=CARTESIAN_POINT('',(8.308661417323E-2,-4.921259842520E-3,
2.486631941515E-2));
#2428=VERTEX_POINT('',#2426);
#2429=VERTEX_POINT('',#2427);
#2430=CARTESIAN_POINT('',(-1.875984251969E-2,0.E0,0.E0));
#2431=DIRECTION('',(1.E0,0.E0,0.E0));
#2432=DIRECTION('',(0.E0,-1.E0,0.E0));
#2433=AXIS2_PLACEMENT_3D('',#2430,#2431,#2432);
#2434=CYLINDRICAL_SURFACE('',#2433,9.153543307087E-2);
#2436=ORIENTED_EDGE('',*,*,#2435,.F.);
#2438=ORIENTED_EDGE('',*,*,#2437,.T.);
#2440=ORIENTED_EDGE('',*,*,#2439,.F.);
#2442=ORIENTED_EDGE('',*,*,#2441,.F.);
#2443=EDGE_LOOP('',(#2436,#2438,#2440,#2442));
#2444=FACE_OUTER_BOUND('',#2443,.F.);
#2445=ADVANCED_FACE('',(#2444),#2434,.F.);
#2446=CARTESIAN_POINT('',(1.968503942626E-3,0.E0,0.E0));
#2447=DIRECTION('',(-1.E0,0.E0,0.E0));
#2448=DIRECTION('',(0.E0,0.E0,-1.E0));
#2449=AXIS2_PLACEMENT_3D('',#2446,#2447,#2448);
#2450=CONICAL_SURFACE('',#2449,9.350393700226E-2,4.5E1);
#2451=ORIENTED_EDGE('',*,*,#2435,.T.);
#2453=ORIENTED_EDGE('',*,*,#2452,.T.);
#2455=ORIENTED_EDGE('',*,*,#2454,.F.);
#2457=ORIENTED_EDGE('',*,*,#2456,.F.);
#2458=EDGE_LOOP('',(#2451,#2453,#2455,#2457));
#2459=FACE_OUTER_BOUND('',#2458,.F.);
#2460=ADVANCED_FACE('',(#2459),#2450,.F.);
#2461=CARTESIAN_POINT('',(1.968503942626E-3,0.E0,0.E0));
#2462=DIRECTION('',(-1.E0,0.E0,0.E0));
#2463=DIRECTION('',(0.E0,0.E0,-1.E0));
#2464=AXIS2_PLACEMENT_3D('',#2461,#2462,#2463);
#2465=CONICAL_SURFACE('',#2464,9.350393700226E-2,4.5E1);
#2467=ORIENTED_EDGE('',*,*,#2466,.T.);
#2468=ORIENTED_EDGE('',*,*,#2456,.T.);
#2470=ORIENTED_EDGE('',*,*,#2469,.F.);
#2471=ORIENTED_EDGE('',*,*,#2452,.F.);
#2472=EDGE_LOOP('',(#2467,#2468,#2470,#2471));
#2473=FACE_OUTER_BOUND('',#2472,.F.);
#2474=ADVANCED_FACE('',(#2473),#2465,.F.);
#2475=CARTESIAN_POINT('',(-1.875984251969E-2,0.E0,0.E0));
#2476=DIRECTION('',(1.E0,0.E0,0.E0));
#2477=DIRECTION('',(0.E0,-1.E0,0.E0));
#2478=AXIS2_PLACEMENT_3D('',#2475,#2476,#2477);
#2479=CYLINDRICAL_SURFACE('',#2478,9.153543307087E-2);
#2480=ORIENTED_EDGE('',*,*,#2466,.F.);
#2481=ORIENTED_EDGE('',*,*,#2441,.T.);
#2483=ORIENTED_EDGE('',*,*,#2482,.T.);
#2484=ORIENTED_EDGE('',*,*,#2437,.F.);
#2485=EDGE_LOOP('',(#2480,#2481,#2483,#2484));
#2486=FACE_OUTER_BOUND('',#2485,.F.);
#2487=ADVANCED_FACE('',(#2486),#2479,.F.);
#2488=CARTESIAN_POINT('',(7.6E-2,0.E0,0.E0));
#2489=DIRECTION('',(1.E0,0.E0,0.E0));
#2490=DIRECTION('',(0.E0,-1.E0,0.E0));
#2491=AXIS2_PLACEMENT_3D('',#2488,#2489,#2490);
#2492=PLANE('',#2491);
#2493=ORIENTED_EDGE('',*,*,#2482,.F.);
#2494=ORIENTED_EDGE('',*,*,#2439,.T.);
#2495=EDGE_LOOP('',(#2493,#2494));
#2496=FACE_OUTER_BOUND('',#2495,.F.);
#2498=ORIENTED_EDGE('',*,*,#2497,.T.);
#2500=ORIENTED_EDGE('',*,*,#2499,.T.);
#2501=EDGE_LOOP('',(#2498,#2500));
#2502=FACE_BOUND('',#2501,.F.);
#2503=ADVANCED_FACE('',(#2496,#2502),#2492,.F.);
#2504=CARTESIAN_POINT('',(7.796850394582E-2,0.E0,0.E0));
#2505=DIRECTION('',(-1.E0,0.E0,0.E0));
#2506=DIRECTION('',(0.E0,0.E0,-1.E0));
#2507=AXIS2_PLACEMENT_3D('',#2504,#2505,#2506);
#2508=CONICAL_SURFACE('',#2507,8.129921258961E-2,4.5E1);
#2510=ORIENTED_EDGE('',*,*,#2509,.T.);
#2512=ORIENTED_EDGE('',*,*,#2511,.T.);
#2513=ORIENTED_EDGE('',*,*,#2497,.F.);
#2515=ORIENTED_EDGE('',*,*,#2514,.F.);
#2516=EDGE_LOOP('',(#2510,#2512,#2513,#2515));
#2517=FACE_OUTER_BOUND('',#2516,.F.);
#2518=ADVANCED_FACE('',(#2517),#2508,.F.);
#2519=CARTESIAN_POINT('',(-1.875984251969E-2,0.E0,0.E0));
#2520=DIRECTION('',(1.E0,0.E0,0.E0));
#2521=DIRECTION('',(0.E0,-1.E0,0.E0));
#2522=AXIS2_PLACEMENT_3D('',#2519,#2520,#2521);
#2523=CYLINDRICAL_SURFACE('',#2522,7.933070866142E-2);
#2525=ORIENTED_EDGE('',*,*,#2524,.T.);
#2527=ORIENTED_EDGE('',*,*,#2526,.F.);
#2528=ORIENTED_EDGE('',*,*,#2509,.F.);
#2530=ORIENTED_EDGE('',*,*,#2529,.T.);
#2531=EDGE_LOOP('',(#2525,#2527,#2528,#2530));
#2532=FACE_OUTER_BOUND('',#2531,.F.);
#2533=ADVANCED_FACE('',(#2532),#2523,.F.);
#2534=CARTESIAN_POINT('',(8.308661417323E-2,0.E0,0.E0));
#2535=DIRECTION('',(1.E0,0.E0,0.E0));
#2536=DIRECTION('',(0.E0,0.E0,-1.E0));
#2537=AXIS2_PLACEMENT_3D('',#2534,#2535,#2536);
#2538=PLANE('',#2537);
#2539=ORIENTED_EDGE('',*,*,#2524,.F.);
#2541=ORIENTED_EDGE('',*,*,#2540,.F.);
#2542=EDGE_LOOP('',(#2539,#2541));
#2543=FACE_OUTER_BOUND('',#2542,.F.);
#2545=ORIENTED_EDGE('',*,*,#2544,.T.);
#2547=ORIENTED_EDGE('',*,*,#2546,.F.);
#2549=ORIENTED_EDGE('',*,*,#2548,.F.);
#2551=ORIENTED_EDGE('',*,*,#2550,.F.);
#2553=ORIENTED_EDGE('',*,*,#2552,.T.);
#2555=ORIENTED_EDGE('',*,*,#2554,.T.);
#2557=ORIENTED_EDGE('',*,*,#2556,.T.);
#2559=ORIENTED_EDGE('',*,*,#2558,.F.);
#2561=ORIENTED_EDGE('',*,*,#2560,.T.);
#2563=ORIENTED_EDGE('',*,*,#2562,.T.);
#2564=EDGE_LOOP('',(#2545,#2547,#2549,#2551,#2553,#2555,#2557,#2559,#2561,
#2563));
#2565=FACE_BOUND('',#2564,.F.);
#2566=ADVANCED_FACE('',(#2543,#2565),#2538,.F.);
#2567=CARTESIAN_POINT('',(-1.875984251969E-2,0.E0,0.E0));
#2568=DIRECTION('',(1.E0,0.E0,0.E0));
#2569=DIRECTION('',(0.E0,-1.E0,0.E0));
#2570=AXIS2_PLACEMENT_3D('',#2567,#2568,#2569);
#2571=CYLINDRICAL_SURFACE('',#2570,7.933070866142E-2);
#2572=ORIENTED_EDGE('',*,*,#2540,.T.);
#2573=ORIENTED_EDGE('',*,*,#2529,.F.);
#2575=ORIENTED_EDGE('',*,*,#2574,.F.);
#2576=ORIENTED_EDGE('',*,*,#2526,.T.);
#2577=EDGE_LOOP('',(#2572,#2573,#2575,#2576));
#2578=FACE_OUTER_BOUND('',#2577,.F.);
#2579=ADVANCED_FACE('',(#2578),#2571,.F.);
#2580=CARTESIAN_POINT('',(7.796850394582E-2,0.E0,0.E0));
#2581=DIRECTION('',(-1.E0,0.E0,0.E0));
#2582=DIRECTION('',(0.E0,0.E0,-1.E0));
#2583=AXIS2_PLACEMENT_3D('',#2580,#2581,#2582);
#2584=CONICAL_SURFACE('',#2583,8.129921258961E-2,4.5E1);
#2585=ORIENTED_EDGE('',*,*,#2574,.T.);
#2586=ORIENTED_EDGE('',*,*,#2514,.T.);
#2587=ORIENTED_EDGE('',*,*,#2499,.F.);
#2588=ORIENTED_EDGE('',*,*,#2511,.F.);
#2589=EDGE_LOOP('',(#2585,#2586,#2587,#2588));
#2590=FACE_OUTER_BOUND('',#2589,.F.);
#2591=ADVANCED_FACE('',(#2590),#2584,.F.);
#2592=CARTESIAN_POINT('',(8.308661417323E-2,0.E0,0.E0));
#2593=DIRECTION('',(-1.E0,0.E0,0.E0));
#2594=DIRECTION('',(0.E0,0.E0,1.E0));
#2595=AXIS2_PLACEMENT_3D('',#2592,#2593,#2594);
#2596=CYLINDRICAL_SURFACE('',#2595,2.534862204724E-2);
#2598=ORIENTED_EDGE('',*,*,#2597,.T.);
#2599=ORIENTED_EDGE('',*,*,#2544,.F.);
#2601=ORIENTED_EDGE('',*,*,#2600,.T.);
#2603=ORIENTED_EDGE('',*,*,#2602,.T.);
#2605=ORIENTED_EDGE('',*,*,#2604,.F.);
#2606=ORIENTED_EDGE('',*,*,#2552,.F.);
#2608=ORIENTED_EDGE('',*,*,#2607,.F.);
#2610=ORIENTED_EDGE('',*,*,#2609,.F.);
#2611=EDGE_LOOP('',(#2598,#2599,#2601,#2603,#2605,#2606,#2608,#2610));
#2612=FACE_OUTER_BOUND('',#2611,.F.);
#2613=ADVANCED_FACE('',(#2612),#2596,.F.);
#2614=CARTESIAN_POINT('',(8.308661417323E-2,-4.921259842520E-3,
3.170371478945E-2));
#2615=DIRECTION('',(0.E0,-1.E0,0.E0));
#2616=DIRECTION('',(1.E0,0.E0,0.E0));
#2617=AXIS2_PLACEMENT_3D('',#2614,#2615,#2616);
#2618=PLANE('',#2617);
#2620=ORIENTED_EDGE('',*,*,#2619,.F.);
#2622=ORIENTED_EDGE('',*,*,#2621,.F.);
#2624=ORIENTED_EDGE('',*,*,#2623,.F.);
#2626=ORIENTED_EDGE('',*,*,#2625,.F.);
#2627=ORIENTED_EDGE('',*,*,#2546,.T.);
#2628=ORIENTED_EDGE('',*,*,#2597,.F.);
#2630=ORIENTED_EDGE('',*,*,#2629,.F.);
#2631=EDGE_LOOP('',(#2620,#2622,#2624,#2626,#2627,#2628,#2630));
#2632=FACE_OUTER_BOUND('',#2631,.F.);
#2633=ADVANCED_FACE('',(#2632),#2618,.F.);
#2634=CARTESIAN_POINT('',(3.319055118110E-1,0.E0,0.E0));
#2635=DIRECTION('',(-1.E0,0.E0,0.E0));
#2636=DIRECTION('',(0.E0,-1.E0,0.E0));
#2637=AXIS2_PLACEMENT_3D('',#2634,#2635,#2636);
#2638=CYLINDRICAL_SURFACE('',#2637,2.525590551181E-2);
#2639=ORIENTED_EDGE('',*,*,#2619,.T.);
#2641=ORIENTED_EDGE('',*,*,#2640,.F.);
#2643=ORIENTED_EDGE('',*,*,#2642,.F.);
#2645=ORIENTED_EDGE('',*,*,#2644,.T.);
#2646=EDGE_LOOP('',(#2639,#2641,#2643,#2645));
#2647=FACE_OUTER_BOUND('',#2646,.F.);
#2648=ADVANCED_FACE('',(#2647),#2638,.F.);
#2649=CARTESIAN_POINT('',(1.712755905512E-1,0.E0,0.E0));
#2650=DIRECTION('',(-1.E0,0.E0,0.E0));
#2651=DIRECTION('',(0.E0,0.E0,1.E0));
#2652=AXIS2_PLACEMENT_3D('',#2649,#2650,#2651);
#2653=PLANE('',#2652);
#2655=ORIENTED_EDGE('',*,*,#2654,.F.);
#2656=ORIENTED_EDGE('',*,*,#2602,.F.);
#2657=EDGE_LOOP('',(#2655,#2656));
#2658=FACE_OUTER_BOUND('',#2657,.F.);
#2660=ORIENTED_EDGE('',*,*,#2659,.T.);
#2662=ORIENTED_EDGE('',*,*,#2661,.F.);
#2663=ORIENTED_EDGE('',*,*,#2640,.T.);
#2665=ORIENTED_EDGE('',*,*,#2664,.F.);
#2666=EDGE_LOOP('',(#2660,#2662,#2663,#2665));
#2667=FACE_BOUND('',#2666,.F.);
#2668=ADVANCED_FACE('',(#2658,#2667),#2653,.T.);
#2669=CARTESIAN_POINT('',(8.308661417323E-2,0.E0,0.E0));
#2670=DIRECTION('',(-1.E0,0.E0,0.E0));
#2671=DIRECTION('',(0.E0,0.E0,1.E0));
#2672=AXIS2_PLACEMENT_3D('',#2669,#2670,#2671);
#2673=CYLINDRICAL_SURFACE('',#2672,2.534862204724E-2);
#2675=ORIENTED_EDGE('',*,*,#2674,.T.);
#2676=ORIENTED_EDGE('',*,*,#2554,.F.);
#2677=ORIENTED_EDGE('',*,*,#2604,.T.);
#2678=ORIENTED_EDGE('',*,*,#2654,.T.);
#2679=ORIENTED_EDGE('',*,*,#2600,.F.);
#2680=ORIENTED_EDGE('',*,*,#2562,.F.);
#2682=ORIENTED_EDGE('',*,*,#2681,.F.);
#2684=ORIENTED_EDGE('',*,*,#2683,.F.);
#2685=EDGE_LOOP('',(#2675,#2676,#2677,#2678,#2679,#2680,#2682,#2684));
#2686=FACE_OUTER_BOUND('',#2685,.F.);
#2687=ADVANCED_FACE('',(#2686),#2673,.F.);
#2688=CARTESIAN_POINT('',(1.730866141732E-1,4.921259842520E-3,
3.170371478945E-2));
#2689=DIRECTION('',(0.E0,1.E0,0.E0));
#2690=DIRECTION('',(-1.E0,0.E0,0.E0));
#2691=AXIS2_PLACEMENT_3D('',#2688,#2689,#2690);
#2692=PLANE('',#2691);
#2694=ORIENTED_EDGE('',*,*,#2693,.F.);
#2696=ORIENTED_EDGE('',*,*,#2695,.T.);
#2698=ORIENTED_EDGE('',*,*,#2697,.F.);
#2700=ORIENTED_EDGE('',*,*,#2699,.F.);
#2701=ORIENTED_EDGE('',*,*,#2556,.F.);
#2702=ORIENTED_EDGE('',*,*,#2674,.F.);
#2704=ORIENTED_EDGE('',*,*,#2703,.F.);
#2705=EDGE_LOOP('',(#2694,#2696,#2698,#2700,#2701,#2702,#2704));
#2706=FACE_OUTER_BOUND('',#2705,.F.);
#2707=ADVANCED_FACE('',(#2706),#2692,.F.);
#2708=CARTESIAN_POINT('',(3.319055118110E-1,0.E0,0.E0));
#2709=DIRECTION('',(-1.E0,0.E0,0.E0));
#2710=DIRECTION('',(0.E0,-1.E0,0.E0));
#2711=AXIS2_PLACEMENT_3D('',#2708,#2709,#2710);
#2712=CYLINDRICAL_SURFACE('',#2711,2.525590551181E-2);
#2714=ORIENTED_EDGE('',*,*,#2713,.F.);
#2716=ORIENTED_EDGE('',*,*,#2715,.T.);
#2717=ORIENTED_EDGE('',*,*,#2693,.T.);
#2718=ORIENTED_EDGE('',*,*,#2659,.F.);
#2719=EDGE_LOOP('',(#2714,#2716,#2717,#2718));
#2720=FACE_OUTER_BOUND('',#2719,.F.);
#2721=ADVANCED_FACE('',(#2720),#2712,.F.);
#2722=CARTESIAN_POINT('',(8.308661417323E-2,-4.921259842520E-3,
3.170371478945E-2));
#2723=DIRECTION('',(0.E0,-1.E0,0.E0));
#2724=DIRECTION('',(1.E0,0.E0,0.E0));
#2725=AXIS2_PLACEMENT_3D('',#2722,#2723,#2724);
#2726=PLANE('',#2725);
#2727=ORIENTED_EDGE('',*,*,#2713,.T.);
#2729=ORIENTED_EDGE('',*,*,#2728,.F.);
#2730=ORIENTED_EDGE('',*,*,#2607,.T.);
#2731=ORIENTED_EDGE('',*,*,#2550,.T.);
#2733=ORIENTED_EDGE('',*,*,#2732,.F.);
#2735=ORIENTED_EDGE('',*,*,#2734,.T.);
#2737=ORIENTED_EDGE('',*,*,#2736,.F.);
#2738=EDGE_LOOP('',(#2727,#2729,#2730,#2731,#2733,#2735,#2737));
#2739=FACE_OUTER_BOUND('',#2738,.F.);
#2740=ADVANCED_FACE('',(#2739),#2726,.F.);
#2741=CARTESIAN_POINT('',(1.685349150435E-1,0.E0,0.E0));
#2742=DIRECTION('',(-1.E0,0.E0,0.E0));
#2743=DIRECTION('',(0.E0,1.E0,0.E0));
#2744=AXIS2_PLACEMENT_3D('',#2741,#2742,#2743);
#2745=CONICAL_SURFACE('',#2744,2.531451320359E-2,7.130329330539E-1);
#2746=ORIENTED_EDGE('',*,*,#2609,.T.);
#2747=ORIENTED_EDGE('',*,*,#2728,.T.);
#2748=ORIENTED_EDGE('',*,*,#2664,.T.);
#2749=ORIENTED_EDGE('',*,*,#2629,.T.);
#2750=EDGE_LOOP('',(#2746,#2747,#2748,#2749));
#2751=FACE_OUTER_BOUND('',#2750,.F.);
#2752=ADVANCED_FACE('',(#2751),#2745,.T.);
#2753=CARTESIAN_POINT('',(8.505511812191E-2,0.E0,0.E0));
#2754=DIRECTION('',(-1.E0,0.E0,0.E0));
#2755=DIRECTION('',(0.E0,0.E0,-1.E0));
#2756=AXIS2_PLACEMENT_3D('',#2753,#2754,#2755);
#2757=CONICAL_SURFACE('',#2756,2.106299211431E-2,4.5E1);
#2759=ORIENTED_EDGE('',*,*,#2758,.F.);
#2761=ORIENTED_EDGE('',*,*,#2760,.F.);
#2762=ORIENTED_EDGE('',*,*,#2732,.T.);
#2763=ORIENTED_EDGE('',*,*,#2548,.T.);
#2764=ORIENTED_EDGE('',*,*,#2625,.T.);
#2765=EDGE_LOOP('',(#2759,#2761,#2762,#2763,#2764));
#2766=FACE_OUTER_BOUND('',#2765,.F.);
#2767=ADVANCED_FACE('',(#2766),#2757,.F.);
#2768=CARTESIAN_POINT('',(8.308661417323E-2,0.E0,0.E0));
#2769=DIRECTION('',(1.E0,0.E0,0.E0));
#2770=DIRECTION('',(0.E0,1.E0,0.E0));
#2771=AXIS2_PLACEMENT_3D('',#2768,#2769,#2770);
#2772=CYLINDRICAL_SURFACE('',#2771,1.909448818898E-2);
#2773=ORIENTED_EDGE('',*,*,#2623,.T.);
#2775=ORIENTED_EDGE('',*,*,#2774,.T.);
#2777=ORIENTED_EDGE('',*,*,#2776,.F.);
#2779=ORIENTED_EDGE('',*,*,#2778,.T.);
#2781=ORIENTED_EDGE('',*,*,#2780,.T.);
#2783=ORIENTED_EDGE('',*,*,#2782,.F.);
#2785=ORIENTED_EDGE('',*,*,#2784,.F.);
#2786=ORIENTED_EDGE('',*,*,#2758,.T.);
#2787=EDGE_LOOP('',(#2773,#2775,#2777,#2779,#2781,#2783,#2785,#2786));
#2788=FACE_OUTER_BOUND('',#2787,.F.);
#2789=ADVANCED_FACE('',(#2788),#2772,.F.);
#2790=CARTESIAN_POINT('',(1.730866141732E-1,-4.921259842520E-3,
3.170371478945E-2));
#2791=DIRECTION('',(1.E0,0.E0,0.E0));
#2792=DIRECTION('',(0.E0,1.E0,0.E0));
#2793=AXIS2_PLACEMENT_3D('',#2790,#2791,#2792);
#2794=PLANE('',#2793);
#2795=ORIENTED_EDGE('',*,*,#2644,.F.);
#2797=ORIENTED_EDGE('',*,*,#2796,.F.);
#2798=ORIENTED_EDGE('',*,*,#2774,.F.);
#2799=ORIENTED_EDGE('',*,*,#2621,.T.);
#2800=EDGE_LOOP('',(#2795,#2797,#2798,#2799));
#2801=FACE_OUTER_BOUND('',#2800,.F.);
#2802=ADVANCED_FACE('',(#2801),#2794,.F.);
#2803=CARTESIAN_POINT('',(1.730866141732E-1,4.921259842520E-3,
3.170371478945E-2));
#2804=DIRECTION('',(0.E0,1.E0,0.E0));
#2805=DIRECTION('',(-1.E0,0.E0,0.E0));
#2806=AXIS2_PLACEMENT_3D('',#2803,#2804,#2805);
#2807=PLANE('',#2806);
#2808=ORIENTED_EDGE('',*,*,#2642,.T.);
#2810=ORIENTED_EDGE('',*,*,#2809,.F.);
#2811=ORIENTED_EDGE('',*,*,#2681,.T.);
#2812=ORIENTED_EDGE('',*,*,#2560,.F.);
#2814=ORIENTED_EDGE('',*,*,#2813,.F.);
#2815=ORIENTED_EDGE('',*,*,#2776,.T.);
#2816=ORIENTED_EDGE('',*,*,#2796,.T.);
#2817=EDGE_LOOP('',(#2808,#2810,#2811,#2812,#2814,#2815,#2816));
#2818=FACE_OUTER_BOUND('',#2817,.F.);
#2819=ADVANCED_FACE('',(#2818),#2807,.F.);
#2820=CARTESIAN_POINT('',(1.685349150435E-1,0.E0,0.E0));
#2821=DIRECTION('',(-1.E0,0.E0,0.E0));
#2822=DIRECTION('',(0.E0,1.E0,0.E0));
#2823=AXIS2_PLACEMENT_3D('',#2820,#2821,#2822);
#2824=CONICAL_SURFACE('',#2823,2.531451320359E-2,7.130329330539E-1);
#2825=ORIENTED_EDGE('',*,*,#2661,.T.);
#2826=ORIENTED_EDGE('',*,*,#2703,.T.);
#2827=ORIENTED_EDGE('',*,*,#2683,.T.);
#2828=ORIENTED_EDGE('',*,*,#2809,.T.);
#2829=EDGE_LOOP('',(#2825,#2826,#2827,#2828));
#2830=FACE_OUTER_BOUND('',#2829,.F.);
#2831=ADVANCED_FACE('',(#2830),#2824,.T.);
#2832=CARTESIAN_POINT('',(8.505511812191E-2,0.E0,0.E0));
#2833=DIRECTION('',(-1.E0,0.E0,0.E0));
#2834=DIRECTION('',(0.E0,0.E0,-1.E0));
#2835=AXIS2_PLACEMENT_3D('',#2832,#2833,#2834);
#2836=CONICAL_SURFACE('',#2835,2.106299211431E-2,4.5E1);
#2837=ORIENTED_EDGE('',*,*,#2558,.T.);
#2838=ORIENTED_EDGE('',*,*,#2699,.T.);
#2840=ORIENTED_EDGE('',*,*,#2839,.F.);
#2841=ORIENTED_EDGE('',*,*,#2778,.F.);
#2842=ORIENTED_EDGE('',*,*,#2813,.T.);
#2843=EDGE_LOOP('',(#2837,#2838,#2840,#2841,#2842));
#2844=FACE_OUTER_BOUND('',#2843,.F.);
#2845=ADVANCED_FACE('',(#2844),#2836,.F.);
#2846=CARTESIAN_POINT('',(8.308661417323E-2,0.E0,0.E0));
#2847=DIRECTION('',(1.E0,0.E0,0.E0));
#2848=DIRECTION('',(0.E0,1.E0,0.E0));
#2849=AXIS2_PLACEMENT_3D('',#2846,#2847,#2848);
#2850=CYLINDRICAL_SURFACE('',#2849,1.909448818898E-2);
#2851=ORIENTED_EDGE('',*,*,#2734,.F.);
#2852=ORIENTED_EDGE('',*,*,#2760,.T.);
#2853=ORIENTED_EDGE('',*,*,#2784,.T.);
#2855=ORIENTED_EDGE('',*,*,#2854,.F.);
#2856=ORIENTED_EDGE('',*,*,#2780,.F.);
#2857=ORIENTED_EDGE('',*,*,#2839,.T.);
#2858=ORIENTED_EDGE('',*,*,#2697,.T.);
#2860=ORIENTED_EDGE('',*,*,#2859,.T.);
#2861=EDGE_LOOP('',(#2851,#2852,#2853,#2855,#2856,#2857,#2858,#2860));
#2862=FACE_OUTER_BOUND('',#2861,.F.);
#2863=ADVANCED_FACE('',(#2862),#2850,.F.);
#2864=CARTESIAN_POINT('',(2.034884760422E-1,0.E0,0.E0));
#2865=DIRECTION('',(-1.E0,0.E0,0.E0));
#2866=DIRECTION('',(0.E0,1.E0,0.E0));
#2867=AXIS2_PLACEMENT_3D('',#2864,#2865,#2866);
#2868=CONICAL_SURFACE('',#2867,9.738188976378E-3,6.E1);
#2869=ORIENTED_EDGE('',*,*,#2854,.T.);
#2871=ORIENTED_EDGE('',*,*,#2870,.T.);
#2873=ORIENTED_EDGE('',*,*,#2872,.F.);
#2874=EDGE_LOOP('',(#2869,#2871,#2873));
#2875=FACE_OUTER_BOUND('',#2874,.F.);
#2876=ADVANCED_FACE('',(#2875),#2868,.F.);
#2877=CARTESIAN_POINT('',(2.034884760422E-1,0.E0,0.E0));
#2878=DIRECTION('',(-1.E0,0.E0,0.E0));
#2879=DIRECTION('',(0.E0,1.E0,0.E0));
#2880=AXIS2_PLACEMENT_3D('',#2877,#2878,#2879);
#2881=CONICAL_SURFACE('',#2880,9.738188976378E-3,6.E1);
#2882=ORIENTED_EDGE('',*,*,#2782,.T.);
#2883=ORIENTED_EDGE('',*,*,#2872,.T.);
#2884=ORIENTED_EDGE('',*,*,#2870,.F.);
#2885=EDGE_LOOP('',(#2882,#2883,#2884));
#2886=FACE_OUTER_BOUND('',#2885,.F.);
#2887=ADVANCED_FACE('',(#2886),#2881,.F.);
#2888=CARTESIAN_POINT('',(1.730866141732E-1,-4.921259842520E-3,
3.170371478945E-2));
#2889=DIRECTION('',(1.E0,0.E0,0.E0));
#2890=DIRECTION('',(0.E0,1.E0,0.E0));
#2891=AXIS2_PLACEMENT_3D('',#2888,#2889,#2890);
#2892=PLANE('',#2891);
#2893=ORIENTED_EDGE('',*,*,#2715,.F.);
#2894=ORIENTED_EDGE('',*,*,#2736,.T.);
#2895=ORIENTED_EDGE('',*,*,#2859,.F.);
#2896=ORIENTED_EDGE('',*,*,#2695,.F.);
#2897=EDGE_LOOP('',(#2893,#2894,#2895,#2896));
#2898=FACE_OUTER_BOUND('',#2897,.F.);
#2899=ADVANCED_FACE('',(#2898),#2892,.F.);
#2900=CARTESIAN_POINT('',(0.E0,0.E0,0.E0));
#2901=DIRECTION('',(1.E0,0.E0,0.E0));
#2902=DIRECTION('',(0.E0,-1.E0,0.E0));
#2903=AXIS2_PLACEMENT_3D('',#2900,#2901,#2902);
#2904=PLANE('',#2903);
#2906=ORIENTED_EDGE('',*,*,#2905,.F.);
#2908=ORIENTED_EDGE('',*,*,#2907,.F.);
#2909=EDGE_LOOP('',(#2906,#2908));
#2910=FACE_OUTER_BOUND('',#2909,.F.);
#2911=ORIENTED_EDGE('',*,*,#2454,.T.);
#2912=ORIENTED_EDGE('',*,*,#2469,.T.);
#2913=EDGE_LOOP('',(#2911,#2912));
#2914=FACE_BOUND('',#2913,.F.);
#2915=ADVANCED_FACE('',(#2910,#2914),#2904,.F.);
#2916=CARTESIAN_POINT('',(1.968503931388E-3,0.E0,0.E0));
#2917=DIRECTION('',(1.E0,0.E0,0.E0));
#2918=DIRECTION('',(0.E0,0.E0,-1.E0));
#2919=AXIS2_PLACEMENT_3D('',#2916,#2917,#2918);
#2920=CONICAL_SURFACE('',#2919,1.029527558999E-1,4.5E1);
#2921=ORIENTED_EDGE('',*,*,#2905,.T.);
#2923=ORIENTED_EDGE('',*,*,#2922,.T.);
#2925=ORIENTED_EDGE('',*,*,#2924,.F.);
#2927=ORIENTED_EDGE('',*,*,#2926,.F.);
#2928=EDGE_LOOP('',(#2921,#2923,#2925,#2927));
#2929=FACE_OUTER_BOUND('',#2928,.F.);
#2930=ADVANCED_FACE('',(#2929),#2920,.T.);
#2931=CARTESIAN_POINT('',(1.968503931388E-3,0.E0,0.E0));
#2932=DIRECTION('',(1.E0,0.E0,0.E0));
#2933=DIRECTION('',(0.E0,0.E0,-1.E0));
#2934=AXIS2_PLACEMENT_3D('',#2931,#2932,#2933);
#2935=CONICAL_SURFACE('',#2934,1.029527558999E-1,4.5E1);
#2936=ORIENTED_EDGE('',*,*,#2907,.T.);
#2937=ORIENTED_EDGE('',*,*,#2926,.T.);
#2939=ORIENTED_EDGE('',*,*,#2938,.F.);
#2940=ORIENTED_EDGE('',*,*,#2922,.F.);
#2941=EDGE_LOOP('',(#2936,#2937,#2939,#2940));
#2942=FACE_OUTER_BOUND('',#2941,.F.);
#2943=ADVANCED_FACE('',(#2942),#2935,.T.);
#2944=CARTESIAN_POINT('',(-1.875984251969E-2,0.E0,0.E0));
#2945=DIRECTION('',(1.E0,0.E0,0.E0));
#2946=DIRECTION('',(0.E0,-1.E0,0.E0));
#2947=AXIS2_PLACEMENT_3D('',#2944,#2945,#2946);
#2948=CYLINDRICAL_SURFACE('',#2947,1.049212598425E-1);
#2949=ORIENTED_EDGE('',*,*,#2938,.T.);
#2951=ORIENTED_EDGE('',*,*,#2950,.F.);
#2953=ORIENTED_EDGE('',*,*,#2952,.T.);
#2955=ORIENTED_EDGE('',*,*,#2954,.T.);
#2956=EDGE_LOOP('',(#2949,#2951,#2953,#2955));
#2957=FACE_OUTER_BOUND('',#2956,.F.);
#2958=ADVANCED_FACE('',(#2957),#2948,.T.);
#2959=CARTESIAN_POINT('',(-1.875984251969E-2,0.E0,0.E0));
#2960=DIRECTION('',(1.E0,0.E0,0.E0));
#2961=DIRECTION('',(0.E0,-1.E0,0.E0));
#2962=AXIS2_PLACEMENT_3D('',#2959,#2960,#2961);
#2963=CYLINDRICAL_SURFACE('',#2962,1.049212598425E-1);
#2964=ORIENTED_EDGE('',*,*,#2924,.T.);
#2965=ORIENTED_EDGE('',*,*,#2954,.F.);
#2967=ORIENTED_EDGE('',*,*,#2966,.T.);
#2968=ORIENTED_EDGE('',*,*,#2950,.T.);
#2969=EDGE_LOOP('',(#2964,#2965,#2967,#2968));
#2970=FACE_OUTER_BOUND('',#2969,.F.);
#2971=ADVANCED_FACE('',(#2970),#2963,.T.);
#2972=CARTESIAN_POINT('',(3.567589918053E-2,0.E0,0.E0));
#2973=DIRECTION('',(1.E0,0.E0,0.E0));
#2974=DIRECTION('',(0.E0,-1.E0,0.E0));
#2975=AXIS2_PLACEMENT_3D('',#2972,#2973,#2974);
#2976=CONICAL_SURFACE('',#2975,1.091010960309E-1,4.5E1);
#2978=ORIENTED_EDGE('',*,*,#2977,.T.);
#2980=ORIENTED_EDGE('',*,*,#2979,.F.);
#2982=ORIENTED_EDGE('',*,*,#2981,.F.);
#2984=ORIENTED_EDGE('',*,*,#2983,.F.);
#2985=ORIENTED_EDGE('',*,*,#2966,.F.);
#2986=EDGE_LOOP('',(#2978,#2980,#2982,#2984,#2985));
#2987=FACE_OUTER_BOUND('',#2986,.F.);
#2988=ADVANCED_FACE('',(#2987),#2976,.T.);
#2989=CARTESIAN_POINT('',(3.996062992126E-2,0.E0,0.E0));
#2990=DIRECTION('',(1.E0,0.E0,0.E0));
#2991=DIRECTION('',(0.E0,-1.E0,0.E0));
#2992=AXIS2_PLACEMENT_3D('',#2989,#2990,#2991);
#2993=CONICAL_SURFACE('',#2992,1.133858267717E-1,4.5E1);
#2995=ORIENTED_EDGE('',*,*,#2994,.T.);
#2997=ORIENTED_EDGE('',*,*,#2996,.T.);
#2999=ORIENTED_EDGE('',*,*,#2998,.F.);
#3000=ORIENTED_EDGE('',*,*,#2977,.F.);
#3001=ORIENTED_EDGE('',*,*,#2952,.F.);
#3002=ORIENTED_EDGE('',*,*,#2983,.T.);
#3004=ORIENTED_EDGE('',*,*,#3003,.F.);
#3005=EDGE_LOOP('',(#2995,#2997,#2999,#3000,#3001,#3002,#3004));
#3006=FACE_OUTER_BOUND('',#3005,.F.);
#3007=ADVANCED_FACE('',(#3006),#2993,.T.);
#3008=CARTESIAN_POINT('',(1.249142993447E0,0.E0,0.E0));
#3009=DIRECTION('',(-1.E0,0.E0,0.E0));
#3010=DIRECTION('',(0.E0,1.E0,0.E0));
#3011=AXIS2_PLACEMENT_3D('',#3008,#3009,#3010);
#3012=CYLINDRICAL_SURFACE('',#3011,1.218503937008E-1);
#3013=ORIENTED_EDGE('',*,*,#2994,.F.);
#3015=ORIENTED_EDGE('',*,*,#3014,.T.);
#3017=ORIENTED_EDGE('',*,*,#3016,.F.);
#3019=ORIENTED_EDGE('',*,*,#3018,.F.);
#3020=EDGE_LOOP('',(#3013,#3015,#3017,#3019));
#3021=FACE_OUTER_BOUND('',#3020,.F.);
#3022=ADVANCED_FACE('',(#3021),#3012,.T.);
#3023=CARTESIAN_POINT('',(7.154005752942E-2,1.067806940465E-1,
8.932400098738E-3));
#3024=CARTESIAN_POINT('',(7.075601063163E-2,1.083648323887E-1,
-1.000488324969E-2));
#3025=CARTESIAN_POINT('',(6.918791683604E-2,1.012153007743E-1,
-4.871213487287E-2));
#3026=CARTESIAN_POINT('',(6.683577614265E-2,6.251154181930E-2,
-9.332948282805E-2));
#3027=CARTESIAN_POINT('',(6.448363544927E-2,6.525695507089E-3,
-1.121392924692E-1));
#3028=CARTESIAN_POINT('',(6.213149475589E-2,-5.126405649067E-2,
-9.994939774799E-2));
#3029=CARTESIAN_POINT('',(5.977935406251E-2,-9.488168325394E-2,
-6.012765046704E-2));
#3030=CARTESIAN_POINT('',(5.742721336913E-2,-1.122688813989E-1,
-3.683505289241E-3));
#3031=CARTESIAN_POINT('',(5.507507267575E-2,-9.861891766398E-2,
5.377898282050E-2));
#3032=CARTESIAN_POINT('',(5.272293198238E-2,-5.770538381391E-2,
9.637405222068E-2));
#3033=CARTESIAN_POINT('',(5.037079128900E-2,-8.389902466506E-4,
1.123261566945E-1));
#3034=CARTESIAN_POINT('',(4.801865059562E-2,5.625934626E-2,9.722527879164E-2));
#3035=CARTESIAN_POINT('',(4.566650990225E-2,9.780455176070E-2,
5.524614218753E-2));
#3036=CARTESIAN_POINT('',(4.331436920887E-2,1.123114385989E-1,
-2.006048263371E-3));
#3037=CARTESIAN_POINT('',(4.096222851550E-2,9.576905738051E-2,
-5.870341221965E-2));
#3038=CARTESIAN_POINT('',(3.861008782212E-2,5.275238776202E-2,
-9.917291776057E-2));
#3039=CARTESIAN_POINT('',(3.625794712875E-2,-4.853084905239E-3,
-1.122223375221E-1));
#3040=CARTESIAN_POINT('',(3.468985333316E-2,-4.234929707669E-2,
-1.002475452715E-1));
#3041=CARTESIAN_POINT('',(3.390580643537E-2,-5.829443459134E-2,
-8.990919468131E-2));
#3042=CARTESIAN_POINT('',(6.864501222978E-2,1.117776068059E-1,
9.350400978246E-3));
#3043=CARTESIAN_POINT('',(6.786096533199E-2,1.134358765365E-1,
-1.047307208489E-2));
#3044=CARTESIAN_POINT('',(6.629287153640E-2,1.059517752129E-1,
-5.099166948781E-2));
#3045=CARTESIAN_POINT('',(6.394073084302E-2,6.543683392121E-2,
-9.769693227892E-2));
#3046=CARTESIAN_POINT('',(6.158859014963E-2,6.831072161876E-3,
-1.173869663711E-1));
#3047=CARTESIAN_POINT('',(5.923644945625E-2,-5.366301091092E-2,
-1.046266329483E-1));
#3048=CARTESIAN_POINT('',(5.688430876287E-2,-9.932176952537E-2,
-6.294138591330E-2));
#3049=CARTESIAN_POINT('',(5.453216806949E-2,-1.175226195485E-1,
-3.855878720072E-3));
#3050=CARTESIAN_POINT('',(5.218002737612E-2,-1.032338916759E-1,
5.629562581337E-2));
#3051=CARTESIAN_POINT('',(4.982788668274E-2,-6.040576679272E-2,
1.008839754378E-1));
#3052=CARTESIAN_POINT('',(4.747574598936E-2,-8.782516609539E-4,
1.175825751006E-1));
#3053=CARTESIAN_POINT('',(4.512360529599E-2,5.889206041939E-2,
1.017750360345E-1));
#3054=CARTESIAN_POINT('',(4.277146460261E-2,1.023814166799E-1,
5.783144241687E-2));
#3055=CARTESIAN_POINT('',(4.041932390923E-2,1.175671682566E-1,
-2.099923361794E-3));
#3056=CARTESIAN_POINT('',(3.806718321586E-2,1.002506692398E-1,
-6.145049896752E-2));
#3057=CARTESIAN_POINT('',(3.571504252248E-2,5.522099017984E-2,
-1.038138167786E-1));
#3058=CARTESIAN_POINT('',(3.336290182911E-2,-5.080190021030E-3,
-1.174738976030E-1));
#3059=CARTESIAN_POINT('',(3.179480803353E-2,-4.433107613148E-2,
-1.049387325928E-1));
#3060=CARTESIAN_POINT('',(3.101076113574E-2,-6.102238280910E-2,
-9.411658821913E-2));
#3061=CARTESIAN_POINT('',(6.574996693015E-2,1.167745195654E-1,
9.768401857755E-3));
#3062=CARTESIAN_POINT('',(6.496592003235E-2,1.185069206842E-1,
-1.094126092009E-2));
#3063=CARTESIAN_POINT('',(6.339782623676E-2,1.106882496515E-1,
-5.327120410275E-2));
#3064=CARTESIAN_POINT('',(6.104568554338E-2,6.836212602311E-2,
-1.020643817298E-1));
#3065=CARTESIAN_POINT('',(5.869354485E-2,7.136448816662E-3,-1.226346402730E-1));
#3066=CARTESIAN_POINT('',(5.634140415662E-2,-5.606196533116E-2,
-1.093038681486E-1));
#3067=CARTESIAN_POINT('',(5.398926346324E-2,-1.037618557968E-1,
-6.575512135956E-2));
#3068=CARTESIAN_POINT('',(5.163712276986E-2,-1.227763576981E-1,
-4.028252150903E-3));
#3069=CARTESIAN_POINT('',(4.928498207648E-2,-1.078488656878E-1,
5.881226880624E-2));
#3070=CARTESIAN_POINT('',(4.693284138310E-2,-6.310614977154E-2,
1.053938986549E-1));
#3071=CARTESIAN_POINT('',(4.458070068973E-2,-9.175130752571E-4,
1.228389935068E-1));
#3072=CARTESIAN_POINT('',(4.222855999635E-2,6.152477457877E-2,
1.063247932774E-1));
#3073=CARTESIAN_POINT('',(3.987641930297E-2,1.069582815990E-1,
6.041674264621E-2));
#3074=CARTESIAN_POINT('',(3.752427860960E-2,1.228228979142E-1,
-2.193798460217E-3));
#3075=CARTESIAN_POINT('',(3.517213791622E-2,1.047322810992E-1,
-6.419758571539E-2));
#3076=CARTESIAN_POINT('',(3.281999722285E-2,5.768959259766E-2,
-1.084547157967E-1));
#3077=CARTESIAN_POINT('',(3.046785652947E-2,-5.307295136822E-3,
-1.227254576838E-1));
#3078=CARTESIAN_POINT('',(2.889976273389E-2,-4.631285518626E-2,
-1.096299199141E-1));
#3079=CARTESIAN_POINT('',(2.811571583610E-2,-6.375033102685E-2,
-9.832398175695E-2));
#3080=CARTESIAN_POINT('',(6.285492163051E-2,1.217714323248E-1,
1.018640273726E-2));
#3081=CARTESIAN_POINT('',(6.207087473272E-2,1.235779648320E-1,
-1.140944975529E-2));
#3082=CARTESIAN_POINT('',(6.050278093713E-2,1.154247240902E-1,
-5.555073871769E-2));
#3083=CARTESIAN_POINT('',(5.815064024374E-2,7.128741812501E-2,
-1.064318311807E-1));
#3084=CARTESIAN_POINT('',(5.579849955036E-2,7.441825471448E-3,
-1.278823141749E-1));
#3085=CARTESIAN_POINT('',(5.344635885698E-2,-5.846091975141E-2,
-1.139811033489E-1));
#3086=CARTESIAN_POINT('',(5.109421816360E-2,-1.082019420682E-1,
-6.856885680582E-2));
#3087=CARTESIAN_POINT('',(4.874207747022E-2,-1.280300958477E-1,
-4.200625581734E-3));
#3088=CARTESIAN_POINT('',(4.638993677684E-2,-1.124638396997E-1,
6.132891179911E-2));
#3089=CARTESIAN_POINT('',(4.403779608347E-2,-6.580653275035E-2,
1.099038218721E-1));
#3090=CARTESIAN_POINT('',(4.168565539009E-2,-9.567744895603E-4,
1.280954119129E-1));
#3091=CARTESIAN_POINT('',(3.933351469671E-2,6.415748873815E-2,
1.108745505202E-1));
#3092=CARTESIAN_POINT('',(3.698137400334E-2,1.115351465182E-1,
6.300204287555E-2));
#3093=CARTESIAN_POINT('',(3.462923330996E-2,1.280786275719E-1,
-2.287673558640E-3));
#3094=CARTESIAN_POINT('',(3.227709261659E-2,1.092138929585E-1,
-6.694467246327E-2));
#3095=CARTESIAN_POINT('',(2.992495192321E-2,6.015819501548E-2,
-1.130956148148E-1));
#3096=CARTESIAN_POINT('',(2.757281122984E-2,-5.534400252613E-3,
-1.279770177647E-1));
#3097=CARTESIAN_POINT('',(2.600471743426E-2,-4.829463424104E-2,
-1.143211072354E-1));
#3098=CARTESIAN_POINT('',(2.522067053646E-2,-6.647827924460E-2,
-1.025313752948E-1));
#3099=B_SPLINE_SURFACE_WITH_KNOTS('',3,3,((#3023,#3024,#3025,#3026,#3027,#3028,
#3029,#3030,#3031,#3032,#3033,#3034,#3035,#3036,#3037,#3038,#3039,#3040,#3041),(
#3042,#3043,#3044,#3045,#3046,#3047,#3048,#3049,#3050,#3051,#3052,#3053,#3054,
#3055,#3056,#3057,#3058,#3059,#3060),(#3061,#3062,#3063,#3064,#3065,#3066,#3067,
#3068,#3069,#3070,#3071,#3072,#3073,#3074,#3075,#3076,#3077,#3078,#3079),(#3080,
#3081,#3082,#3083,#3084,#3085,#3086,#3087,#3088,#3089,#3090,#3091,#3092,#3093,
#3094,#3095,#3096,#3097,#3098)),.UNSPECIFIED.,.F.,.F.,.F.,(4,4),(4,1,1,1,1,1,1,
1,1,1,1,1,1,1,1,1,4),(-1.916656360884E-2,8.132955187772E-1),(-4.427553649240E-3,
2.379813467127E-2,5.202382299179E-2,8.024951131230E-2,1.084751996328E-1,
1.367008879533E-1,1.649265762738E-1,1.931522645944E-1,2.213779529149E-1,
2.496036412354E-1,2.778293295559E-1,3.060550178764E-1,3.342807061969E-1,
3.625063945174E-1,3.907320828380E-1,4.189577711585E-1,4.471834594790E-1),
.UNSPECIFIED.);
#3100=ORIENTED_EDGE('',*,*,#3014,.F.);
#3101=ORIENTED_EDGE('',*,*,#3003,.T.);
#3102=ORIENTED_EDGE('',*,*,#2981,.T.);
#3104=ORIENTED_EDGE('',*,*,#3103,.F.);
#3106=ORIENTED_EDGE('',*,*,#3105,.T.);
#3107=EDGE_LOOP('',(#3100,#3101,#3102,#3104,#3106));
#3108=FACE_OUTER_BOUND('',#3107,.F.);
#3109=ADVANCED_FACE('',(#3108),#3099,.F.);
#3110=CARTESIAN_POINT('',(7.690931492190E-2,1.070149199950E-1,
1.020082832236E-2));
#3111=CARTESIAN_POINT('',(7.646291155301E-2,1.080449403356E-1,
-6.049161579279E-4));
#3112=CARTESIAN_POINT('',(7.557010481522E-2,1.068064021176E-1,
-2.252904309624E-2));
#3113=CARTESIAN_POINT('',(7.423089470854E-2,9.522267017705E-2,
-5.336508008517E-2));
#3114=CARTESIAN_POINT('',(7.289168460186E-2,7.496769083206E-2,
-7.934118136422E-2));
#3115=CARTESIAN_POINT('',(7.155247449518E-2,4.788598051766E-2,
-9.809237690229E-2));
#3116=CARTESIAN_POINT('',(7.021326438850E-2,1.644365588680E-2,
-1.079110116765E-1));
#3117=CARTESIAN_POINT('',(6.887405428182E-2,-1.649606416227E-2,
-1.079030138370E-1));
#3118=CARTESIAN_POINT('',(6.753484417514E-2,-4.793360983490E-2,
-9.806910534613E-2));
#3119=CARTESIAN_POINT('',(6.619563406846E-2,-7.500620320430E-2,
-7.930479059847E-2));
#3120=CARTESIAN_POINT('',(6.485642396178E-2,-9.524855080446E-2,
-5.331879439143E-2));
#3121=CARTESIAN_POINT('',(6.351721385510E-2,-1.068173383818E-1,
-2.247746490765E-2));
#3122=CARTESIAN_POINT('',(6.217800374842E-2,-1.086590870981E-1,
1.041071287826E-2));
#3123=CARTESIAN_POINT('',(6.083879364175E-2,-1.006060852698E-1,
4.235086427671E-2));
#3124=CARTESIAN_POINT('',(5.949958353507E-2,-8.339166010948E-2,
7.043444520874E-2));
#3125=CARTESIAN_POINT('',(5.816037342839E-2,-5.858339881759E-2,
9.210410079194E-2));
#3126=CARTESIAN_POINT('',(5.682116332171E-2,-2.844040013419E-2,
1.053865437076E-1));
#3127=CARTESIAN_POINT('',(5.548195321503E-2,4.292444605640E-3,
1.090722459250E-1));
#3128=CARTESIAN_POINT('',(5.414274310836E-2,3.663440765021E-2,
1.028255807083E-1));
#3129=CARTESIAN_POINT('',(5.280353300168E-2,6.564035665982E-2,
8.721538518061E-2));
#3130=CARTESIAN_POINT('',(5.146432289500E-2,8.866894500090E-2,
6.366316040287E-2));
#3131=CARTESIAN_POINT('',(5.012511278833E-2,1.036231385204E-1,
3.431362602993E-2));
#3132=CARTESIAN_POINT('',(4.878590268165E-2,1.091411759303E-1,
1.839417160051E-3));
#3133=CARTESIAN_POINT('',(4.744669257497E-2,1.047205735652E-1,
-3.080229187204E-2));
#3134=CARTESIAN_POINT('',(4.610748246830E-2,9.076388241144E-2,
-6.063907434582E-2));
#3135=CARTESIAN_POINT('',(4.476827236162E-2,6.854203068866E-2,
-8.495392692357E-2));
#3136=CARTESIAN_POINT('',(4.342906225494E-2,4.007859019865E-2,
-1.015326855747E-1));
#3137=CARTESIAN_POINT('',(4.208985214827E-2,7.965505126128E-3,
-1.088656531264E-1));
#3138=CARTESIAN_POINT('',(4.075064204159E-2,-2.487293545906E-2,
-1.062850715466E-1));
#3139=CARTESIAN_POINT('',(3.941143193492E-2,-5.544639233094E-2,
-9.402594388495E-2));
#3140=CARTESIAN_POINT('',(3.807222182824E-2,-8.097077335995E-2,
-7.320457989385E-2));
#3141=CARTESIAN_POINT('',(3.673301172157E-2,-9.912179457260E-2,
-4.571714528737E-2));
#3142=CARTESIAN_POINT('',(3.539380161489E-2,-1.082465015651E-1,
-1.406623534968E-2));
#3143=CARTESIAN_POINT('',(3.450099487711E-2,-1.077583585517E-1,
7.887381754279E-3));
#3144=CARTESIAN_POINT('',(3.405459150821E-2,-1.058823877507E-1,
1.857875034058E-2));
#3145=CARTESIAN_POINT('',(7.493665668798E-2,1.070149199950E-1,
1.020082832236E-2));
#3146=CARTESIAN_POINT('',(7.449025331908E-2,1.080449403356E-1,
-6.049161579279E-4));
#3147=CARTESIAN_POINT('',(7.359744658129E-2,1.068064021176E-1,
-2.252904309624E-2));
#3148=CARTESIAN_POINT('',(7.225823647461E-2,9.522267017705E-2,
-5.336508008517E-2));
#3149=CARTESIAN_POINT('',(7.091902636793E-2,7.496769083206E-2,
-7.934118136422E-2));
#3150=CARTESIAN_POINT('',(6.957981626125E-2,4.788598051766E-2,
-9.809237690229E-2));
#3151=CARTESIAN_POINT('',(6.824060615457E-2,1.644365588680E-2,
-1.079110116765E-1));
#3152=CARTESIAN_POINT('',(6.690139604789E-2,-1.649606416227E-2,
-1.079030138370E-1));
#3153=CARTESIAN_POINT('',(6.556218594121E-2,-4.793360983490E-2,
-9.806910534613E-2));
#3154=CARTESIAN_POINT('',(6.422297583453E-2,-7.500620320430E-2,
-7.930479059847E-2));
#3155=CARTESIAN_POINT('',(6.288376572785E-2,-9.524855080446E-2,
-5.331879439143E-2));
#3156=CARTESIAN_POINT('',(6.154455562117E-2,-1.068173383818E-1,
-2.247746490765E-2));
#3157=CARTESIAN_POINT('',(6.020534551449E-2,-1.086590870981E-1,
1.041071287826E-2));
#3158=CARTESIAN_POINT('',(5.886613540782E-2,-1.006060852698E-1,
4.235086427671E-2));
#3159=CARTESIAN_POINT('',(5.752692530114E-2,-8.339166010948E-2,
7.043444520874E-2));
#3160=CARTESIAN_POINT('',(5.618771519446E-2,-5.858339881759E-2,
9.210410079194E-2));
#3161=CARTESIAN_POINT('',(5.484850508778E-2,-2.844040013419E-2,
1.053865437076E-1));
#3162=CARTESIAN_POINT('',(5.350929498111E-2,4.292444605640E-3,
1.090722459250E-1));
#3163=CARTESIAN_POINT('',(5.217008487443E-2,3.663440765021E-2,
1.028255807083E-1));
#3164=CARTESIAN_POINT('',(5.083087476775E-2,6.564035665982E-2,
8.721538518061E-2));
#3165=CARTESIAN_POINT('',(4.949166466107E-2,8.866894500090E-2,
6.366316040287E-2));
#3166=CARTESIAN_POINT('',(4.815245455440E-2,1.036231385204E-1,
3.431362602993E-2));
#3167=CARTESIAN_POINT('',(4.681324444772E-2,1.091411759303E-1,
1.839417160051E-3));
#3168=CARTESIAN_POINT('',(4.547403434104E-2,1.047205735652E-1,
-3.080229187204E-2));
#3169=CARTESIAN_POINT('',(4.413482423437E-2,9.076388241144E-2,
-6.063907434582E-2));
#3170=CARTESIAN_POINT('',(4.279561412769E-2,6.854203068866E-2,
-8.495392692357E-2));
#3171=CARTESIAN_POINT('',(4.145640402102E-2,4.007859019865E-2,
-1.015326855747E-1));
#3172=CARTESIAN_POINT('',(4.011719391434E-2,7.965505126128E-3,
-1.088656531264E-1));
#3173=CARTESIAN_POINT('',(3.877798380766E-2,-2.487293545906E-2,
-1.062850715466E-1));
#3174=CARTESIAN_POINT('',(3.743877370099E-2,-5.544639233094E-2,
-9.402594388495E-2));
#3175=CARTESIAN_POINT('',(3.609956359431E-2,-8.097077335995E-2,
-7.320457989385E-2));
#3176=CARTESIAN_POINT('',(3.476035348764E-2,-9.912179457260E-2,
-4.571714528737E-2));
#3177=CARTESIAN_POINT('',(3.342114338096E-2,-1.082465015651E-1,
-1.406623534968E-2));
#3178=CARTESIAN_POINT('',(3.252833664318E-2,-1.077583585517E-1,
7.887381754279E-3));
#3179=CARTESIAN_POINT('',(3.208193327429E-2,-1.058823877507E-1,
1.857875034058E-2));
#3180=CARTESIAN_POINT('',(7.296399845405E-2,1.070149199950E-1,
1.020082832236E-2));
#3181=CARTESIAN_POINT('',(7.251759508515E-2,1.080449403356E-1,
-6.049161579279E-4));
#3182=CARTESIAN_POINT('',(7.162478834737E-2,1.068064021176E-1,
-2.252904309624E-2));
#3183=CARTESIAN_POINT('',(7.028557824068E-2,9.522267017705E-2,
-5.336508008517E-2));
#3184=CARTESIAN_POINT('',(6.894636813400E-2,7.496769083206E-2,
-7.934118136422E-2));
#3185=CARTESIAN_POINT('',(6.760715802732E-2,4.788598051766E-2,
-9.809237690229E-2));
#3186=CARTESIAN_POINT('',(6.626794792064E-2,1.644365588680E-2,
-1.079110116765E-1));
#3187=CARTESIAN_POINT('',(6.492873781396E-2,-1.649606416227E-2,
-1.079030138370E-1));
#3188=CARTESIAN_POINT('',(6.358952770728E-2,-4.793360983490E-2,
-9.806910534613E-2));
#3189=CARTESIAN_POINT('',(6.225031760060E-2,-7.500620320430E-2,
-7.930479059847E-2));
#3190=CARTESIAN_POINT('',(6.091110749392E-2,-9.524855080446E-2,
-5.331879439143E-2));
#3191=CARTESIAN_POINT('',(5.957189738724E-2,-1.068173383818E-1,
-2.247746490765E-2));
#3192=CARTESIAN_POINT('',(5.823268728057E-2,-1.086590870981E-1,
1.041071287826E-2));
#3193=CARTESIAN_POINT('',(5.689347717389E-2,-1.006060852698E-1,
4.235086427671E-2));
#3194=CARTESIAN_POINT('',(5.555426706721E-2,-8.339166010948E-2,
7.043444520874E-2));
#3195=CARTESIAN_POINT('',(5.421505696053E-2,-5.858339881759E-2,
9.210410079194E-2));
#3196=CARTESIAN_POINT('',(5.287584685385E-2,-2.844040013419E-2,
1.053865437076E-1));
#3197=CARTESIAN_POINT('',(5.153663674718E-2,4.292444605640E-3,
1.090722459250E-1));
#3198=CARTESIAN_POINT('',(5.019742664050E-2,3.663440765021E-2,
1.028255807083E-1));
#3199=CARTESIAN_POINT('',(4.885821653382E-2,6.564035665982E-2,
8.721538518061E-2));
#3200=CARTESIAN_POINT('',(4.751900642715E-2,8.866894500090E-2,
6.366316040287E-2));
#3201=CARTESIAN_POINT('',(4.617979632047E-2,1.036231385204E-1,
3.431362602993E-2));
#3202=CARTESIAN_POINT('',(4.484058621379E-2,1.091411759303E-1,
1.839417160051E-3));
#3203=CARTESIAN_POINT('',(4.350137610712E-2,1.047205735652E-1,
-3.080229187204E-2));
#3204=CARTESIAN_POINT('',(4.216216600044E-2,9.076388241144E-2,
-6.063907434582E-2));
#3205=CARTESIAN_POINT('',(4.082295589376E-2,6.854203068866E-2,
-8.495392692357E-2));
#3206=CARTESIAN_POINT('',(3.948374578709E-2,4.007859019865E-2,
-1.015326855747E-1));
#3207=CARTESIAN_POINT('',(3.814453568041E-2,7.965505126128E-3,
-1.088656531264E-1));
#3208=CARTESIAN_POINT('',(3.680532557373E-2,-2.487293545906E-2,
-1.062850715466E-1));
#3209=CARTESIAN_POINT('',(3.546611546706E-2,-5.544639233094E-2,
-9.402594388495E-2));
#3210=CARTESIAN_POINT('',(3.412690536038E-2,-8.097077335995E-2,
-7.320457989385E-2));
#3211=CARTESIAN_POINT('',(3.278769525371E-2,-9.912179457260E-2,
-4.571714528737E-2));
#3212=CARTESIAN_POINT('',(3.144848514703E-2,-1.082465015651E-1,
-1.406623534968E-2));
#3213=CARTESIAN_POINT('',(3.055567840925E-2,-1.077583585517E-1,
7.887381754279E-3));
#3214=CARTESIAN_POINT('',(3.010927504036E-2,-1.058823877507E-1,
1.857875034058E-2));
#3215=CARTESIAN_POINT('',(7.099134022012E-2,1.070149199950E-1,
1.020082832236E-2));
#3216=CARTESIAN_POINT('',(7.054493685122E-2,1.080449403356E-1,
-6.049161579279E-4));
#3217=CARTESIAN_POINT('',(6.965213011344E-2,1.068064021176E-1,
-2.252904309624E-2));
#3218=CARTESIAN_POINT('',(6.831292000676E-2,9.522267017705E-2,
-5.336508008517E-2));
#3219=CARTESIAN_POINT('',(6.697370990007E-2,7.496769083206E-2,
-7.934118136422E-2));
#3220=CARTESIAN_POINT('',(6.563449979339E-2,4.788598051766E-2,
-9.809237690229E-2));
#3221=CARTESIAN_POINT('',(6.429528968671E-2,1.644365588680E-2,
-1.079110116765E-1));
#3222=CARTESIAN_POINT('',(6.295607958003E-2,-1.649606416227E-2,
-1.079030138370E-1));
#3223=CARTESIAN_POINT('',(6.161686947335E-2,-4.793360983490E-2,
-9.806910534613E-2));
#3224=CARTESIAN_POINT('',(6.027765936667E-2,-7.500620320430E-2,
-7.930479059847E-2));
#3225=CARTESIAN_POINT('',(5.893844925999E-2,-9.524855080446E-2,
-5.331879439143E-2));
#3226=CARTESIAN_POINT('',(5.759923915332E-2,-1.068173383818E-1,
-2.247746490765E-2));
#3227=CARTESIAN_POINT('',(5.626002904664E-2,-1.086590870981E-1,
1.041071287826E-2));
#3228=CARTESIAN_POINT('',(5.492081893996E-2,-1.006060852698E-1,
4.235086427671E-2));
#3229=CARTESIAN_POINT('',(5.358160883328E-2,-8.339166010948E-2,
7.043444520874E-2));
#3230=CARTESIAN_POINT('',(5.224239872660E-2,-5.858339881759E-2,
9.210410079194E-2));
#3231=CARTESIAN_POINT('',(5.090318861993E-2,-2.844040013419E-2,
1.053865437076E-1));
#3232=CARTESIAN_POINT('',(4.956397851325E-2,4.292444605640E-3,
1.090722459250E-1));
#3233=CARTESIAN_POINT('',(4.822476840657E-2,3.663440765021E-2,
1.028255807083E-1));
#3234=CARTESIAN_POINT('',(4.688555829989E-2,6.564035665982E-2,
8.721538518061E-2));
#3235=CARTESIAN_POINT('',(4.554634819322E-2,8.866894500090E-2,
6.366316040287E-2));
#3236=CARTESIAN_POINT('',(4.420713808654E-2,1.036231385204E-1,
3.431362602993E-2));
#3237=CARTESIAN_POINT('',(4.286792797986E-2,1.091411759303E-1,
1.839417160051E-3));
#3238=CARTESIAN_POINT('',(4.152871787319E-2,1.047205735652E-1,
-3.080229187204E-2));
#3239=CARTESIAN_POINT('',(4.018950776651E-2,9.076388241144E-2,
-6.063907434582E-2));
#3240=CARTESIAN_POINT('',(3.885029765983E-2,6.854203068866E-2,
-8.495392692357E-2));
#3241=CARTESIAN_POINT('',(3.751108755316E-2,4.007859019865E-2,
-1.015326855747E-1));
#3242=CARTESIAN_POINT('',(3.617187744648E-2,7.965505126128E-3,
-1.088656531264E-1));
#3243=CARTESIAN_POINT('',(3.483266733981E-2,-2.487293545906E-2,
-1.062850715466E-1));
#3244=CARTESIAN_POINT('',(3.349345723313E-2,-5.544639233094E-2,
-9.402594388495E-2));
#3245=CARTESIAN_POINT('',(3.215424712645E-2,-8.097077335995E-2,
-7.320457989385E-2));
#3246=CARTESIAN_POINT('',(3.081503701978E-2,-9.912179457260E-2,
-4.571714528737E-2));
#3247=CARTESIAN_POINT('',(2.947582691310E-2,-1.082465015651E-1,
-1.406623534968E-2));
#3248=CARTESIAN_POINT('',(2.858302017532E-2,-1.077583585517E-1,
7.887381754279E-3));
#3249=CARTESIAN_POINT('',(2.813661680643E-2,-1.058823877507E-1,
1.857875034058E-2));
#3250=B_SPLINE_SURFACE_WITH_KNOTS('',3,3,((#3110,#3111,#3112,#3113,#3114,#3115,
#3116,#3117,#3118,#3119,#3120,#3121,#3122,#3123,#3124,#3125,#3126,#3127,#3128,
#3129,#3130,#3131,#3132,#3133,#3134,#3135,#3136,#3137,#3138,#3139,#3140,#3141,
#3142,#3143,#3144),(#3145,#3146,#3147,#3148,#3149,#3150,#3151,#3152,#3153,#3154,
#3155,#3156,#3157,#3158,#3159,#3160,#3161,#3162,#3163,#3164,#3165,#3166,#3167,
#3168,#3169,#3170,#3171,#3172,#3173,#3174,#3175,#3176,#3177,#3178,#3179),(#3180,
#3181,#3182,#3183,#3184,#3185,#3186,#3187,#3188,#3189,#3190,#3191,#3192,#3193,
#3194,#3195,#3196,#3197,#3198,#3199,#3200,#3201,#3202,#3203,#3204,#3205,#3206,
#3207,#3208,#3209,#3210,#3211,#3212,#3213,#3214),(#3215,#3216,#3217,#3218,#3219,
#3220,#3221,#3222,#3223,#3224,#3225,#3226,#3227,#3228,#3229,#3230,#3231,#3232,
#3233,#3234,#3235,#3236,#3237,#3238,#3239,#3240,#3241,#3242,#3243,#3244,#3245,
#3246,#3247,#3248,#3249)),.UNSPECIFIED.,.F.,.F.,.F.,(4,4),(4,1,1,1,1,1,1,1,1,1,
1,1,1,1,1,1,1,1,1,1,1,1,1,1,1,1,1,1,1,1,1,1,4),(-7.814060548218E-2,
1.078140605482E0),(-5.041726127705E-3,1.102879515242E-2,2.709931643255E-2,
4.316983771267E-2,5.924035899280E-2,7.531088027292E-2,9.138140155305E-2,
1.074519228332E-1,1.235224441133E-1,1.395929653934E-1,1.556634866735E-1,
1.717340079537E-1,1.878045292338E-1,2.038750505139E-1,2.199455717941E-1,
2.360160930742E-1,2.520866143543E-1,2.681571356344E-1,2.842276569146E-1,
3.002981781947E-1,3.163686994748E-1,3.324392207549E-1,3.485097420351E-1,
3.645802633152E-1,3.806507845953E-1,3.967213058754E-1,4.127918271556E-1,
4.288623484357E-1,4.449328697158E-1,4.610033909959E-1,4.770739122761E-1,
4.931444335562E-1,5.092149548363E-1),.UNSPECIFIED.);
#3251=ORIENTED_EDGE('',*,*,#2979,.T.);
#3252=ORIENTED_EDGE('',*,*,#2998,.T.);
#3254=ORIENTED_EDGE('',*,*,#3253,.F.);
#3256=ORIENTED_EDGE('',*,*,#3255,.T.);
#3257=ORIENTED_EDGE('',*,*,#3103,.T.);
#3258=EDGE_LOOP('',(#3251,#3252,#3254,#3256,#3257));
#3259=FACE_OUTER_BOUND('',#3258,.F.);
#3260=ADVANCED_FACE('',(#3259),#3250,.F.);
#3261=CARTESIAN_POINT('',(8.499455247164E-2,1.216453479857E-1,
1.159542343324E-2));
#3262=CARTESIAN_POINT('',(8.454814910275E-2,1.228161864330E-1,
-6.876166102510E-4));
#3263=CARTESIAN_POINT('',(8.365534236496E-2,1.214083228143E-1,
-2.560907663487E-2));
#3264=CARTESIAN_POINT('',(8.231613225828E-2,1.082409336040E-1,
-6.066082876620E-2));
#3265=CARTESIAN_POINT('',(8.097692215160E-2,8.521681686420E-2,
-9.018822438122E-2));
#3266=CARTESIAN_POINT('',(7.963771204491E-2,5.443266008123E-2,
-1.115029691522E-1));
#3267=CARTESIAN_POINT('',(7.829850193823E-2,1.869173235470E-2,
-1.226639478634E-1));
#3268=CARTESIAN_POINT('',(7.695929183155E-2,-1.875130557036E-2,
-1.226548566081E-1));
#3269=CARTESIAN_POINT('',(7.562008172487E-2,-5.448680098858E-2,
-1.114765160506E-1));
#3270=CARTESIAN_POINT('',(7.428087161820E-2,-8.526059441338E-2,
-9.014685849165E-2));
#3271=CARTESIAN_POINT('',(7.294166151152E-2,-1.082703524731E-1,
-6.060821517436E-2));
#3272=CARTESIAN_POINT('',(7.160245140484E-2,-1.214207542179E-1,
-2.555044699052E-2));
#3273=CARTESIAN_POINT('',(7.026324129816E-2,-1.235142955999E-1,
1.183400212712E-2));
#3274=CARTESIAN_POINT('',(6.892403119148E-2,-1.143603364157E-1,
4.814081646444E-2));
#3275=CARTESIAN_POINT('',(6.758482108480E-2,-9.479245990744E-2,
8.006381351308E-2));
#3276=CARTESIAN_POINT('',(6.624561097812E-2,-6.659256424884E-2,
1.046960124090E-1));
#3277=CARTESIAN_POINT('',(6.490640087145E-2,-3.232859839859E-2,
1.197943500114E-1));
#3278=CARTESIAN_POINT('',(6.356719076477E-2,4.879281485113E-3,
1.239839389849E-1));
#3279=CARTESIAN_POINT('',(6.222798065809E-2,4.164284070920E-2,
1.168832677507E-1));
#3280=CARTESIAN_POINT('',(6.088877055141E-2,7.461430638048E-2,
9.913894137844E-2));
#3281=CARTESIAN_POINT('',(5.954956044474E-2,1.007912230431E-1,
7.236679989518E-2));
#3282=CARTESIAN_POINT('',(5.821035033806E-2,1.177898628085E-1,
3.900477596261E-2));
#3283=CARTESIAN_POINT('',(5.687114023138E-2,1.240622926806E-1,
2.090891069542E-3));
#3284=CARTESIAN_POINT('',(5.553193012471E-2,1.190373324878E-1,
-3.501339358761E-2));
#3285=CARTESIAN_POINT('',(5.419272001803E-2,1.031725675353E-1,
-6.892927921333E-2));
#3286=CARTESIAN_POINT('',(5.285350991136E-2,7.791267960728E-2,
-9.656831032395E-2));
#3287=CARTESIAN_POINT('',(5.151429980468E-2,4.555789091576E-2,
-1.154136158700E-1));
#3288=CARTESIAN_POINT('',(5.017508969800E-2,9.054500465871E-3,
-1.237491020772E-1));
#3289=CARTESIAN_POINT('',(4.883587959133E-2,-2.827341168395E-2,
-1.208157191032E-1));
#3290=CARTESIAN_POINT('',(4.749666948465E-2,-6.302668534410E-2,
-1.068805981830E-1));
#3291=CARTESIAN_POINT('',(4.615745937798E-2,-9.204060426811E-2,
-8.321266413833E-2));
#3292=CARTESIAN_POINT('',(4.481824927130E-2,-1.126731225358E-1,
-5.196731490950E-2));
#3293=CARTESIAN_POINT('',(4.347903916462E-2,-1.230453038860E-1,
-1.598928536358E-2));
#3294=CARTESIAN_POINT('',(4.258623242684E-2,-1.224904249333E-1,
8.965696542502E-3));
#3295=CARTESIAN_POINT('',(4.213982905795E-2,-1.203579828316E-1,
2.111872391649E-2));
#3296=CARTESIAN_POINT('',(8.209950717200E-2,1.166536091199E-1,
1.111960313451E-2));
#3297=CARTESIAN_POINT('',(8.165310380311E-2,1.177764019996E-1,
-6.594001382281E-4));
#3298=CARTESIAN_POINT('',(8.076029706532E-2,1.164263103193E-1,
-2.455820354131E-2));
#3299=CARTESIAN_POINT('',(7.942108695864E-2,1.037992473078E-1,
-5.817160068147E-2));
#3300=CARTESIAN_POINT('',(7.808187685196E-2,8.171992936457E-2,
-8.648733427458E-2));
#3301=CARTESIAN_POINT('',(7.674266674528E-2,5.219900602544E-2,
-1.069274246370E-1));
#3302=CARTESIAN_POINT('',(7.540345663860E-2,1.792471373534E-2,
-1.176304105674E-1));
#3303=CARTESIAN_POINT('',(7.406424653192E-2,-1.798184235332E-2,
-1.176216923733E-1));
#3304=CARTESIAN_POINT('',(7.272503642524E-2,-5.225092525087E-2,
-1.069020570433E-1));
#3305=CARTESIAN_POINT('',(7.138582631856E-2,-8.176191049410E-2,
-8.644766584177E-2));
#3306=CARTESIAN_POINT('',(7.004661621188E-2,-1.038274589684E-1,
-5.812114609789E-2));
#3307=CARTESIAN_POINT('',(6.870740610520E-2,-1.164382315980E-1,
-2.450197977502E-2));
#3308=CARTESIAN_POINT('',(6.736819599852E-2,-1.184458641306E-1,
1.134839170853E-2));
#3309=CARTESIAN_POINT('',(6.602898589184E-2,-1.096675393178E-1,
4.616534934995E-2));
#3310=CARTESIAN_POINT('',(6.468977578517E-2,-9.090263416286E-2,
7.677838043838E-2));
#3311=CARTESIAN_POINT('',(6.335056567849E-2,-6.385992632526E-2,
1.003997925955E-1));
#3312=CARTESIAN_POINT('',(6.201135557181E-2,-3.100198851359E-2,
1.148785671824E-1));
#3313=CARTESIAN_POINT('',(6.067214546513E-2,4.679059286487E-3,
1.188962356143E-1));
#3314=CARTESIAN_POINT('',(5.933293535846E-2,3.993401920561E-2,
1.120869417091E-1));
#3315=CARTESIAN_POINT('',(5.799372525178E-2,7.155249481702E-2,
9.507075698022E-2));
#3316=CARTESIAN_POINT('',(5.665451514510E-2,9.665523696784E-2,
6.939721516703E-2));
#3317=CARTESIAN_POINT('',(5.531530503842E-2,1.129563344746E-1,
3.740420792324E-2));
#3318=CARTESIAN_POINT('',(5.397609493175E-2,1.189713740519E-1,
2.005090976166E-3));
#3319=CARTESIAN_POINT('',(5.263688482507E-2,1.141526140099E-1,
-3.357661264623E-2));
#3320=CARTESIAN_POINT('',(5.129767471840E-2,9.893886255790E-2,
-6.610075376836E-2));
#3321=CARTESIAN_POINT('',(4.995846461172E-2,7.471551870164E-2,
-9.260561223619E-2));
#3322=CARTESIAN_POINT('',(4.861925450504E-2,4.368841461853E-2,
-1.106775972591E-1));
#3323=CARTESIAN_POINT('',(4.728004439837E-2,8.682947400882E-3,
-1.186710352816E-1));
#3324=CARTESIAN_POINT('',(4.594083429169E-2,-2.711320711955E-2,
-1.158580242087E-1));
#3325=CARTESIAN_POINT('',(4.460162418502E-2,-6.044037390660E-2,
-1.024947334970E-1));
#3326=CARTESIAN_POINT('',(4.326241407834E-2,-8.826370141763E-2,
-7.979801740845E-2));
#3327=CARTESIAN_POINT('',(4.192320397166E-2,-1.080495605648E-1,
-4.983482673893E-2));
#3328=CARTESIAN_POINT('',(4.058399386499E-2,-1.179961175765E-1,
-1.533316214549E-2));
#3329=CARTESIAN_POINT('',(3.969118712720E-2,-1.174640081821E-1,
8.597787562578E-3));
#3330=CARTESIAN_POINT('',(3.924478375831E-2,-1.154190712279E-1,
2.025211325924E-2));
#3331=CARTESIAN_POINT('',(7.920446187237E-2,1.116618702541E-1,
1.064378283579E-2));
#3332=CARTESIAN_POINT('',(7.875805850347E-2,1.127366175663E-1,
-6.311836662053E-4));
#3333=CARTESIAN_POINT('',(7.786525176568E-2,1.114442978243E-1,
-2.350733044775E-2));
#3334=CARTESIAN_POINT('',(7.652604165900E-2,9.935756101167E-2,
-5.568237259674E-2));
#3335=CARTESIAN_POINT('',(7.518683155232E-2,7.822304186494E-2,
-8.278644416793E-2));
#3336=CARTESIAN_POINT('',(7.384762144564E-2,4.996535196966E-2,
-1.023518801219E-1));
#3337=CARTESIAN_POINT('',(7.250841133896E-2,1.715769511598E-2,
-1.125968732713E-1));
#3338=CARTESIAN_POINT('',(7.116920123228E-2,-1.721237913627E-2,
-1.125885281385E-1));
#3339=CARTESIAN_POINT('',(6.982999112560E-2,-5.001504951316E-2,
-1.023275980360E-1));
#3340=CARTESIAN_POINT('',(6.849078101892E-2,-7.826322657482E-2,
-8.274847319189E-2));
#3341=CARTESIAN_POINT('',(6.715157091224E-2,-9.938456546357E-2,
-5.563407702142E-2));
#3342=CARTESIAN_POINT('',(6.581236080556E-2,-1.114557089781E-1,
-2.345351255953E-2));
#3343=CARTESIAN_POINT('',(6.447315069889E-2,-1.133774326613E-1,
1.086278128993E-2));
#3344=CARTESIAN_POINT('',(6.313394059221E-2,-1.049747422200E-1,
4.418988223546E-2));
#3345=CARTESIAN_POINT('',(6.179473048553E-2,-8.701280841828E-2,
7.349294736368E-2));
#3346=CARTESIAN_POINT('',(6.045552037885E-2,-6.112728840167E-2,
9.610357278204E-2));
#3347=CARTESIAN_POINT('',(5.911631027217E-2,-2.967537862858E-2,
1.099627843535E-1));
#3348=CARTESIAN_POINT('',(5.777710016550E-2,4.478837087861E-3,
1.138085322437E-1));
#3349=CARTESIAN_POINT('',(5.643789005882E-2,3.822519770202E-2,
1.072906156674E-1));
#3350=CARTESIAN_POINT('',(5.509867995214E-2,6.849068325357E-2,
9.100257258200E-2));
#3351=CARTESIAN_POINT('',(5.375946984546E-2,9.251925089254E-2,
6.642763043888E-2));
#3352=CARTESIAN_POINT('',(5.242025973879E-2,1.081228061407E-1,
3.580363988387E-2));
#3353=CARTESIAN_POINT('',(5.108104963211E-2,1.138804554232E-1,
1.919290882790E-3));
#3354=CARTESIAN_POINT('',(4.974183952543E-2,1.092678955320E-1,
-3.213983170484E-2));
#3355=CARTESIAN_POINT('',(4.840262941876E-2,9.470515758047E-2,
-6.327222832340E-2));
#3356=CARTESIAN_POINT('',(4.706341931208E-2,7.151835779600E-2,
-8.864291414844E-2));
#3357=CARTESIAN_POINT('',(4.572420920541E-2,4.181893832130E-2,
-1.059415786483E-1));
#3358=CARTESIAN_POINT('',(4.438499909873E-2,8.311394335893E-3,
-1.135929684860E-1));
#3359=CARTESIAN_POINT('',(4.304578899205E-2,-2.595300255515E-2,
-1.109003293143E-1));
#3360=CARTESIAN_POINT('',(4.170657888538E-2,-5.785406246911E-2,
-9.810886881096E-2));
#3361=CARTESIAN_POINT('',(4.036736877870E-2,-8.448679856714E-2,
-7.638337067857E-2));
#3362=CARTESIAN_POINT('',(3.902815867203E-2,-1.034259985938E-1,
-4.770233856836E-2));
#3363=CARTESIAN_POINT('',(3.768894856535E-2,-1.129469312671E-1,
-1.467703892741E-2));
#3364=CARTESIAN_POINT('',(3.679614182757E-2,-1.124375914308E-1,
8.229878582653E-3));
#3365=CARTESIAN_POINT('',(3.634973845868E-2,-1.104801596242E-1,
1.938550260198E-2));
#3366=CARTESIAN_POINT('',(7.630941657273E-2,1.066701313884E-1,
1.016796253706E-2));
#3367=CARTESIAN_POINT('',(7.586301320384E-2,1.076968331330E-1,
-6.029671941824E-4));
#3368=CARTESIAN_POINT('',(7.497020646605E-2,1.064622853293E-1,
-2.245645735419E-2));
#3369=CARTESIAN_POINT('',(7.363099635937E-2,9.491587471551E-2,
-5.319314451201E-2));
#3370=CARTESIAN_POINT('',(7.229178625269E-2,7.472615436531E-2,
-7.908555406129E-2));
#3371=CARTESIAN_POINT('',(7.095257614601E-2,4.773169791388E-2,
-9.777633560678E-2));
#3372=CARTESIAN_POINT('',(6.961336603933E-2,1.639067649662E-2,
-1.075633359752E-1));
#3373=CARTESIAN_POINT('',(6.827415593265E-2,-1.644291591923E-2,
-1.075553639038E-1));
#3374=CARTESIAN_POINT('',(6.693494582597E-2,-4.777917377545E-2,
-9.775313902865E-2));
#3375=CARTESIAN_POINT('',(6.559573571929E-2,-7.476454265554E-2,
-7.904928054201E-2));
#3376=CARTESIAN_POINT('',(6.425652561261E-2,-9.494167195880E-2,
-5.314700794495E-2));
#3377=CARTESIAN_POINT('',(6.291731550593E-2,-1.064731863582E-1,
-2.240504534403E-2));
#3378=CARTESIAN_POINT('',(6.157810539925E-2,-1.083090011920E-1,
1.037717087133E-2));
#3379=CARTESIAN_POINT('',(6.023889529257E-2,-1.002819451222E-1,
4.221441512098E-2));
#3380=CARTESIAN_POINT('',(5.889968518589E-2,-8.312298267370E-2,
7.020751428898E-2));
#3381=CARTESIAN_POINT('',(5.756047507921E-2,-5.839465047809E-2,
9.180735296856E-2));
#3382=CARTESIAN_POINT('',(5.622126497254E-2,-2.834876874358E-2,
1.050470015245E-1));
#3383=CARTESIAN_POINT('',(5.488205486586E-2,4.278614889235E-3,
1.087208288731E-1));
#3384=CARTESIAN_POINT('',(5.354284475918E-2,3.651637619843E-2,
1.024942896257E-1));
#3385=CARTESIAN_POINT('',(5.220363465251E-2,6.542887169012E-2,
8.693438818378E-2));
#3386=CARTESIAN_POINT('',(5.086442454583E-2,8.838326481723E-2,
6.345804571072E-2));
#3387=CARTESIAN_POINT('',(4.952521443915E-2,1.032892778068E-1,
3.420307184451E-2));
#3388=CARTESIAN_POINT('',(4.818600433248E-2,1.087895367945E-1,
1.833490789414E-3));
#3389=CARTESIAN_POINT('',(4.684679422580E-2,1.043831770541E-1,
-3.070305076345E-2));
#3390=CARTESIAN_POINT('',(4.550758411912E-2,9.047145260304E-2,
-6.044370287843E-2));
#3391=CARTESIAN_POINT('',(4.416837401245E-2,6.832119689036E-2,
-8.468021606069E-2));
#3392=CARTESIAN_POINT('',(4.282916390577E-2,3.994946202408E-2,
-1.012055600375E-1));
#3393=CARTESIAN_POINT('',(4.148995379909E-2,7.939841270904E-3,
-1.085149016905E-1));
#3394=CARTESIAN_POINT('',(4.015074369242E-2,-2.479279799075E-2,
-1.059426344198E-1));
#3395=CARTESIAN_POINT('',(3.881153358574E-2,-5.526775103161E-2,
-9.372300412495E-2));
#3396=CARTESIAN_POINT('',(3.747232347907E-2,-8.070989571666E-2,
-7.296872394869E-2));
#3397=CARTESIAN_POINT('',(3.613311337239E-2,-9.880243662289E-2,
-4.556985039780E-2));
#3398=CARTESIAN_POINT('',(3.479390326572E-2,-1.078977449576E-1,
-1.402091570932E-2));
#3399=CARTESIAN_POINT('',(3.390109652793E-2,-1.074111746796E-1,
7.861969602728E-3));
#3400=CARTESIAN_POINT('',(3.345469315904E-2,-1.055412480204E-1,
1.851889194473E-2));
#3401=B_SPLINE_SURFACE_WITH_KNOTS('',3,3,((#3261,#3262,#3263,#3264,#3265,#3266,
#3267,#3268,#3269,#3270,#3271,#3272,#3273,#3274,#3275,#3276,#3277,#3278,#3279,
#3280,#3281,#3282,#3283,#3284,#3285,#3286,#3287,#3288,#3289,#3290,#3291,#3292,
#3293,#3294,#3295),(#3296,#3297,#3298,#3299,#3300,#3301,#3302,#3303,#3304,#3305,
#3306,#3307,#3308,#3309,#3310,#3311,#3312,#3313,#3314,#3315,#3316,#3317,#3318,
#3319,#3320,#3321,#3322,#3323,#3324,#3325,#3326,#3327,#3328,#3329,#3330),(#3331,
#3332,#3333,#3334,#3335,#3336,#3337,#3338,#3339,#3340,#3341,#3342,#3343,#3344,
#3345,#3346,#3347,#3348,#3349,#3350,#3351,#3352,#3353,#3354,#3355,#3356,#3357,
#3358,#3359,#3360,#3361,#3362,#3363,#3364,#3365),(#3366,#3367,#3368,#3369,#3370,
#3371,#3372,#3373,#3374,#3375,#3376,#3377,#3378,#3379,#3380,#3381,#3382,#3383,
#3384,#3385,#3386,#3387,#3388,#3389,#3390,#3391,#3392,#3393,#3394,#3395,#3396,
#3397,#3398,#3399,#3400)),.UNSPECIFIED.,.F.,.F.,.F.,(4,4),(4,1,1,1,1,1,1,1,1,1,
1,1,1,1,1,1,1,1,1,1,1,1,1,1,1,1,1,1,1,1,1,1,4),(1.867044812228E-1,
1.019166563609E0),(-5.041726127706E-3,1.102879515242E-2,2.709931643255E-2,
4.316983771267E-2,5.924035899280E-2,7.531088027292E-2,9.138140155305E-2,
1.074519228332E-1,1.235224441133E-1,1.395929653934E-1,1.556634866735E-1,
1.717340079537E-1,1.878045292338E-1,2.038750505139E-1,2.199455717941E-1,
2.360160930742E-1,2.520866143543E-1,2.681571356344E-1,2.842276569146E-1,
3.002981781947E-1,3.163686994748E-1,3.324392207549E-1,3.485097420351E-1,
3.645802633152E-1,3.806507845953E-1,3.967213058754E-1,4.127918271556E-1,
4.288623484357E-1,4.449328697158E-1,4.610033909959E-1,4.770739122761E-1,
4.931444335562E-1,5.092149548363E-1),.UNSPECIFIED.);
#3402=ORIENTED_EDGE('',*,*,#3018,.T.);
#3404=ORIENTED_EDGE('',*,*,#3403,.T.);
#3406=ORIENTED_EDGE('',*,*,#3405,.T.);
#3408=ORIENTED_EDGE('',*,*,#3407,.T.);
#3409=ORIENTED_EDGE('',*,*,#3253,.T.);
#3410=ORIENTED_EDGE('',*,*,#2996,.F.);
#3411=EDGE_LOOP('',(#3402,#3404,#3406,#3408,#3409,#3410));
#3412=FACE_OUTER_BOUND('',#3411,.F.);
#3413=ADVANCED_FACE('',(#3412),#3401,.F.);
#3414=CARTESIAN_POINT('',(1.249142993447E0,0.E0,0.E0));
#3415=DIRECTION('',(-1.E0,0.E0,0.E0));
#3416=DIRECTION('',(0.E0,1.E0,0.E0));
#3417=AXIS2_PLACEMENT_3D('',#3414,#3415,#3416);
#3418=CYLINDRICAL_SURFACE('',#3417,1.218503937008E-1);
#3419=ORIENTED_EDGE('',*,*,#3016,.T.);
#3421=ORIENTED_EDGE('',*,*,#3420,.F.);
#3423=ORIENTED_EDGE('',*,*,#3422,.F.);
#3424=ORIENTED_EDGE('',*,*,#3403,.F.);
#3425=EDGE_LOOP('',(#3419,#3421,#3423,#3424));
#3426=FACE_OUTER_BOUND('',#3425,.F.);
#3427=ADVANCED_FACE('',(#3426),#3418,.T.);
#3428=CARTESIAN_POINT('',(1.553377603747E-1,1.052556628189E-1,
2.007859151219E-2));
#3429=CARTESIAN_POINT('',(1.548950520517E-1,1.072663006322E-1,
9.538458973562E-3));
#3430=CARTESIAN_POINT('',(1.540096354056E-1,1.080969569039E-1,
-1.214871720542E-2));
#3431=CARTESIAN_POINT('',(1.526815104365E-1,9.966067421799E-2,
-4.359260863028E-2));
#3432=CARTESIAN_POINT('',(1.513533854673E-1,8.229746689759E-2,
-7.113144229789E-2));
#3433=CARTESIAN_POINT('',(1.500252604982E-1,5.756268939889E-2,
-9.229894655826E-2));
#3434=CARTESIAN_POINT('',(1.486971355290E-1,2.767187645428E-2,
-1.051989771125E-1));
#3435=CARTESIAN_POINT('',(1.473690105599E-1,-4.697570461268E-3,
-1.086760811638E-1));
#3436=CARTESIAN_POINT('',(1.460408855907E-1,-3.664624169493E-2,
-1.024188000664E-1));
#3437=CARTESIAN_POINT('',(1.447127606216E-1,-6.531241676032E-2,
-8.698761871947E-2));
#3438=CARTESIAN_POINT('',(1.433846356524E-1,-8.812839809842E-2,
-6.376474714062E-2));
#3439=CARTESIAN_POINT('',(1.420565106833E-1,-1.030505049466E-1,
-3.483031585189E-2));
#3440=CARTESIAN_POINT('',(1.407283857142E-1,-1.087421305225E-1,
-2.776052273369E-3));
#3441=CARTESIAN_POINT('',(1.394002607450E-1,-1.046934645749E-1,
2.952686639996E-2));
#3442=CARTESIAN_POINT('',(1.380721357759E-1,-9.126715784116E-2,
5.918499145552E-2));
#3443=CARTESIAN_POINT('',(1.367440108067E-1,-6.966583812577E-2,
8.354177556576E-2));
#3444=CARTESIAN_POINT('',(1.354158858376E-1,-4.182438774096E-2,
1.004155257496E-1));
#3445=CARTESIAN_POINT('',(1.340877608684E-1,-1.023663131401E-2,
1.082948223989E-1));
#3446=CARTESIAN_POINT('',(1.327596358993E-1,2.226804203091E-2,
1.064739002918E-1));
#3447=CARTESIAN_POINT('',(1.314315109302E-1,5.277811363518E-2,
9.511586525436E-2));
#3448=CARTESIAN_POINT('',(1.301033859610E-1,7.856072666329E-2,
7.523808406264E-2));
#3449=CARTESIAN_POINT('',(1.287752609919E-1,9.730647419533E-2,
4.862105629079E-2));
#3450=CARTESIAN_POINT('',(1.274471360227E-1,1.073362578574E-1,
1.764893069795E-2));
#3451=CARTESIAN_POINT('',(1.261190110536E-1,1.077516882304E-1,
-1.490404851407E-2));
#3452=CARTESIAN_POINT('',(1.247908860844E-1,9.851555537362E-2,
-4.612203707160E-2));
#3453=CARTESIAN_POINT('',(1.234627611153E-1,8.045516157340E-2,
-7.320876934193E-2));
#3454=CARTESIAN_POINT('',(1.221346361461E-1,5.518821782990E-2,
-9.373802603985E-2));
#3455=CARTESIAN_POINT('',(1.208065111770E-1,2.497794172090E-2,
-1.058709559972E-1));
#3456=CARTESIAN_POINT('',(1.194783862078E-1,-7.469664135271E-3,
-1.085207860272E-1));
#3457=CARTESIAN_POINT('',(1.181502612387E-1,-3.924819479579E-2,
-1.014501654802E-1));
#3458=CARTESIAN_POINT('',(1.168221362696E-1,-6.751117613648E-2,
-8.529242614887E-2));
#3459=CARTESIAN_POINT('',(1.154940113004E-1,-8.972702981845E-2,
-6.149485324176E-2));
#3460=CARTESIAN_POINT('',(1.141658863313E-1,-1.039058323193E-1,
-3.218904878121E-2));
#3461=CARTESIAN_POINT('',(1.128377613621E-1,-1.087775567391E-1,
7.355446217383E-10));
#3462=CARTESIAN_POINT('',(1.115096363930E-1,-1.039058318840E-1,
3.218905018641E-2));
#3463=CARTESIAN_POINT('',(1.101815114238E-1,-8.972702898680E-2,
6.149485445521E-2));
#3464=CARTESIAN_POINT('',(1.088533864547E-1,-6.751117498300E-2,
8.529242706188E-2));
#3465=CARTESIAN_POINT('',(1.075252614855E-1,-3.924819342380E-2,
1.014501660110E-1));
#3466=CARTESIAN_POINT('',(1.061971365164E-1,-7.469662667653E-3,
1.085207861282E-1));
#3467=CARTESIAN_POINT('',(1.048690115472E-1,2.497794315268E-2,
1.058709556595E-1));
#3468=CARTESIAN_POINT('',(1.035408865781E-1,5.518821909760E-2,
9.373802529350E-2));
#3469=CARTESIAN_POINT('',(1.022127616090E-1,8.045516256346E-2,
7.320876825387E-2));
#3470=CARTESIAN_POINT('',(1.008846366398E-1,9.851555599737E-2,
4.612203573929E-2));
#3471=CARTESIAN_POINT('',(9.955651167066E-2,1.077516884320E-1,
1.490404705686E-2));
#3472=CARTESIAN_POINT('',(9.822838670152E-2,1.073362576187E-1,
-1.764893214955E-2));
#3473=CARTESIAN_POINT('',(9.690026173237E-2,9.730647353778E-2,
-4.862105760674E-2));
#3474=CARTESIAN_POINT('',(9.557213676322E-2,7.856072564579E-2,
-7.523808512508E-2));
#3475=CARTESIAN_POINT('',(9.424401179408E-2,5.277811234885E-2,
-9.511586596812E-2));
#3476=CARTESIAN_POINT('',(9.291588682493E-2,2.226804059097E-2,
-1.064739005929E-1));
#3477=CARTESIAN_POINT('',(9.158776185578E-2,-1.023663277858E-2,
-1.082948222605E-1));
#3478=CARTESIAN_POINT('',(9.025963688664E-2,-4.182438909896E-2,
-1.004155251840E-1));
#3479=CARTESIAN_POINT('',(8.893151191749E-2,-6.966583925557E-2,
-8.354177462361E-2));
#3480=CARTESIAN_POINT('',(8.760338694834E-2,-9.126715864157E-2,
-5.918499022123E-2));
#3481=CARTESIAN_POINT('',(8.627526197920E-2,-1.046934649742E-1,
-2.952686498410E-2));
#3482=CARTESIAN_POINT('',(8.494713701005E-2,-1.087421304850E-1,
2.776053743980E-3));
#3483=CARTESIAN_POINT('',(8.361901204090E-2,-1.030505044755E-1,
3.483031724553E-2));
#3484=CARTESIAN_POINT('',(8.229088707176E-2,-8.812839723607E-2,
6.376474833245E-2));
#3485=CARTESIAN_POINT('',(8.096276210261E-2,-6.531241558391E-2,
8.698761960275E-2));
#3486=CARTESIAN_POINT('',(7.963463713346E-2,-3.664624030983E-2,
1.024188005620E-1));
#3487=CARTESIAN_POINT('',(7.830651216432E-2,-4.697568991548E-3,
1.086760812273E-1));
#3488=CARTESIAN_POINT('',(7.697838719517E-2,2.767187787697E-2,
1.051989767383E-1));
#3489=CARTESIAN_POINT('',(7.565026222602E-2,5.756269064713E-2,
9.229894577979E-2));
#3490=CARTESIAN_POINT('',(7.432213725688E-2,8.229746785956E-2,
7.113144118491E-2));
#3491=CARTESIAN_POINT('',(7.299401228773E-2,9.966067480753E-2,
4.359260728248E-2));
#3492=CARTESIAN_POINT('',(7.166588731858E-2,1.080969570682E-1,
1.214871574353E-2));
#3493=CARTESIAN_POINT('',(7.078047067248E-2,1.072663005032E-1,
-9.538460424216E-3));
#3494=CARTESIAN_POINT('',(7.033776234943E-2,1.052556625474E-1,
-2.007859293565E-2));
#3495=CARTESIAN_POINT('',(1.524427150751E-1,1.101812101685E-1,
2.101818992007E-2));
#3496=CARTESIAN_POINT('',(1.520000067521E-1,1.122859378529E-1,
9.984821003478E-3));
#3497=CARTESIAN_POINT('',(1.511145901060E-1,1.131554655419E-1,
-1.271722896268E-2));
#3498=CARTESIAN_POINT('',(1.497864651368E-1,1.043243983028E-1,
-4.563256973212E-2));
#3499=CARTESIAN_POINT('',(1.484583401677E-1,8.614866177961E-2,
-7.446011153712E-2));
#3500=CARTESIAN_POINT('',(1.471302151985E-1,6.025639484532E-2,
-9.661817100102E-2));
#3501=CARTESIAN_POINT('',(1.458020902294E-1,2.896681046615E-2,
-1.101218717959E-1));
#3502=CARTESIAN_POINT('',(1.444739652602E-1,-4.917398118186E-3,
-1.137616905192E-1));
#3503=CARTESIAN_POINT('',(1.431458402911E-1,-3.836114038843E-2,
-1.072115934963E-1));
#3504=CARTESIAN_POINT('',(1.418177153220E-1,-6.836877869517E-2,
-9.105829409553E-2));
#3505=CARTESIAN_POINT('',(1.404895903528E-1,-9.225245742263E-2,
-6.674868427865E-2));
#3506=CARTESIAN_POINT('',(1.391614653837E-1,-1.078728596581E-1,
-3.646023642181E-2));
#3507=CARTESIAN_POINT('',(1.378333404145E-1,-1.138308307258E-1,
-2.905960503968E-3));
#3508=CARTESIAN_POINT('',(1.365052154454E-1,-1.095927032775E-1,
3.090860658041E-2));
#3509=CARTESIAN_POINT('',(1.351770904762E-1,-9.553809866626E-2,
6.195461420065E-2));
#3510=CARTESIAN_POINT('',(1.338489655071E-1,-7.292592290548E-2,
8.745119915585E-2));
#3511=CARTESIAN_POINT('',(1.325208405379E-1,-4.378160312175E-2,
1.051145738907E-1));
#3512=CARTESIAN_POINT('',(1.311927155688E-1,-1.071566503901E-2,
1.133625903570E-1));
#3513=CARTESIAN_POINT('',(1.298645905997E-1,2.331009803500E-2,
1.114564563209E-1));
#3514=CARTESIAN_POINT('',(1.285364656305E-1,5.524791992178E-2,
9.956691031415E-2));
#3515=CARTESIAN_POINT('',(1.272083406614E-1,8.223705693031E-2,
7.875892784069E-2));
#3516=CARTESIAN_POINT('',(1.258802156922E-1,1.018600310609E-1,
5.089632878950E-2));
#3517=CARTESIAN_POINT('',(1.245520907231E-1,1.123591687986E-1,
1.847483062100E-2));
#3518=CARTESIAN_POINT('',(1.232239657539E-1,1.127940396647E-1,
-1.560149884302E-2));
#3519=CARTESIAN_POINT('',(1.218958407848E-1,1.031256924405E-1,
-4.828036538734E-2));
#3520=CARTESIAN_POINT('',(1.205677158156E-1,8.422014387680E-2,
-7.663464924368E-2));
#3521=CARTESIAN_POINT('',(1.192395908465E-1,5.777080742916E-2,
-9.812459369187E-2));
#3522=CARTESIAN_POINT('',(1.179114658774E-1,2.614681027719E-2,
-1.108252966260E-1));
#3523=CARTESIAN_POINT('',(1.165833409082E-1,-7.819214776046E-3,
-1.135991281864E-1));
#3524=CARTESIAN_POINT('',(1.152552159391E-1,-4.108485456947E-2,
-1.061976306551E-1));
#3525=CARTESIAN_POINT('',(1.139270909699E-1,-7.067043128512E-2,
-8.928377323941E-2));
#3526=CARTESIAN_POINT('',(1.125989660008E-1,-9.392589876355E-2,
-6.437256835261E-2));
#3527=CARTESIAN_POINT('',(1.112708410316E-1,-1.087682129578E-1,
-3.369536853316E-2));
#3528=CARTESIAN_POINT('',(1.099427160625E-1,-1.138679147487E-1,
7.699652097993E-10));
#3529=CARTESIAN_POINT('',(1.086145910933E-1,-1.087682125021E-1,
3.369537000413E-2));
#3530=CARTESIAN_POINT('',(1.072864661242E-1,-9.392589789298E-2,
6.437256962284E-2));
#3531=CARTESIAN_POINT('',(1.059583411550E-1,-7.067043007766E-2,
8.928377419514E-2));
#3532=CARTESIAN_POINT('',(1.046302161859E-1,-4.108485313327E-2,
1.061976312107E-1));
#3533=CARTESIAN_POINT('',(1.033020912168E-1,-7.819213239750E-3,
1.135991282921E-1));
#3534=CARTESIAN_POINT('',(1.019739662476E-1,2.614681177598E-2,
1.108252962724E-1));
#3535=CARTESIAN_POINT('',(1.006458412785E-1,5.777080875618E-2,
9.812459291059E-2));
#3536=CARTESIAN_POINT('',(9.931771630932E-2,8.422014491320E-2,
7.663464810470E-2));
#3537=CARTESIAN_POINT('',(9.798959134017E-2,1.031256930934E-1,
4.828036399268E-2));
#3538=CARTESIAN_POINT('',(9.666146637103E-2,1.127940398756E-1,
1.560149731761E-2));
#3539=CARTESIAN_POINT('',(9.533334140188E-2,1.123591685488E-1,
-1.847483214052E-2));
#3540=CARTESIAN_POINT('',(9.400521643273E-2,1.018600303726E-1,
-5.089633016704E-2));
#3541=CARTESIAN_POINT('',(9.267709146359E-2,8.223705586518E-2,
-7.875892895285E-2));
#3542=CARTESIAN_POINT('',(9.134896649444E-2,5.524791857526E-2,
-9.956691106131E-2));
#3543=CARTESIAN_POINT('',(9.002084152529E-2,2.331009652768E-2,
-1.114564566362E-1));
#3544=CARTESIAN_POINT('',(8.869271655615E-2,-1.071566657211E-2,
-1.133625902120E-1));
#3545=CARTESIAN_POINT('',(8.736459158700E-2,-4.378160454330E-2,
-1.051145732986E-1));
#3546=CARTESIAN_POINT('',(8.603646661785E-2,-7.292592408816E-2,
-8.745119816961E-2));
#3547=CARTESIAN_POINT('',(8.470834164871E-2,-9.553809950413E-2,
-6.195461290861E-2));
#3548=CARTESIAN_POINT('',(8.338021667956E-2,-1.095927036955E-1,
-3.090860509830E-2));
#3549=CARTESIAN_POINT('',(8.205209171041E-2,-1.138308306865E-1,
2.905962043398E-3));
#3550=CARTESIAN_POINT('',(8.072396674127E-2,-1.078728591650E-1,
3.646023788066E-2));
#3551=CARTESIAN_POINT('',(7.939584177212E-2,-9.225245651993E-2,
6.674868552626E-2));
#3552=CARTESIAN_POINT('',(7.806771680297E-2,-6.836877746371E-2,
9.105829502014E-2));
#3553=CARTESIAN_POINT('',(7.673959183383E-2,-3.836113893852E-2,
1.072115940151E-1));
#3554=CARTESIAN_POINT('',(7.541146686468E-2,-4.917396579689E-3,
1.137616905857E-1));
#3555=CARTESIAN_POINT('',(7.408334189553E-2,2.896681195542E-2,
1.101218714042E-1));
#3556=CARTESIAN_POINT('',(7.275521692639E-2,6.025639615197E-2,
9.661817018612E-2));
#3557=CARTESIAN_POINT('',(7.142709195724E-2,8.614866278660E-2,
7.446011037206E-2));
#3558=CARTESIAN_POINT('',(7.009896698809E-2,1.043243989199E-1,
4.563256832125E-2));
#3559=CARTESIAN_POINT('',(6.877084201895E-2,1.131554657139E-1,
1.271722743239E-2));
#3560=CARTESIAN_POINT('',(6.788542537285E-2,1.122859377179E-1,
-9.984822522018E-3));
#3561=CARTESIAN_POINT('',(6.744271704980E-2,1.101812098842E-1,
-2.101819141015E-2));
#3562=CARTESIAN_POINT('',(1.495476697755E-1,1.151067575180E-1,
2.195778832796E-2));
#3563=CARTESIAN_POINT('',(1.491049614524E-1,1.173055750736E-1,
1.043118303340E-2));
#3564=CARTESIAN_POINT('',(1.482195448063E-1,1.182139741800E-1,
-1.328574071995E-2));
#3565=CARTESIAN_POINT('',(1.468914198372E-1,1.089881223876E-1,
-4.767253083396E-2));
#3566=CARTESIAN_POINT('',(1.455632948680E-1,8.999985666164E-2,
-7.778878077636E-2));
#3567=CARTESIAN_POINT('',(1.442351698989E-1,6.295010029174E-2,
-1.009373954438E-1));
#3568=CARTESIAN_POINT('',(1.429070449297E-1,3.026174447803E-2,
-1.150447664794E-1));
#3569=CARTESIAN_POINT('',(1.415789199606E-1,-5.137225775104E-3,
-1.188472998745E-1));
#3570=CARTESIAN_POINT('',(1.402507949915E-1,-4.007603908193E-2,
-1.120043869261E-1));
#3571=CARTESIAN_POINT('',(1.389226700223E-1,-7.142514063002E-2,
-9.512896947159E-2));
#3572=CARTESIAN_POINT('',(1.375945450532E-1,-9.637651674684E-2,
-6.973262141668E-2));
#3573=CARTESIAN_POINT('',(1.362664200840E-1,-1.126952143696E-1,
-3.809015699172E-2));
#3574=CARTESIAN_POINT('',(1.349382951149E-1,-1.189195309290E-1,
-3.035868734567E-3));
#3575=CARTESIAN_POINT('',(1.336101701457E-1,-1.144919419801E-1,
3.229034676086E-2));
#3576=CARTESIAN_POINT('',(1.322820451766E-1,-9.980903949136E-2,
6.472423694578E-2));
#3577=CARTESIAN_POINT('',(1.309539202075E-1,-7.618600768520E-2,
9.136062274594E-2));
#3578=CARTESIAN_POINT('',(1.296257952383E-1,-4.573881850254E-2,
1.098136220318E-1));
#3579=CARTESIAN_POINT('',(1.282976702692E-1,-1.119469876401E-2,
1.184303583150E-1));
#3580=CARTESIAN_POINT('',(1.269695453E-1,2.435215403909E-2,1.164390123501E-1));
#3581=CARTESIAN_POINT('',(1.256414203309E-1,5.771772620838E-2,
1.040179553739E-1));
#3582=CARTESIAN_POINT('',(1.243132953617E-1,8.591338719732E-2,
8.227977161873E-2));
#3583=CARTESIAN_POINT('',(1.229851703926E-1,1.064135879264E-1,
5.317160128821E-2));
#3584=CARTESIAN_POINT('',(1.216570454234E-1,1.173820797398E-1,
1.930073054404E-2));
#3585=CARTESIAN_POINT('',(1.203289204543E-1,1.178363910989E-1,
-1.629894917196E-2));
#3586=CARTESIAN_POINT('',(1.190007954852E-1,1.077358295074E-1,
-5.043869370308E-2));
#3587=CARTESIAN_POINT('',(1.176726705160E-1,8.798512618020E-2,
-8.006052914543E-2));
#3588=CARTESIAN_POINT('',(1.163445455469E-1,6.035339702841E-2,
-1.025111613439E-1));
#3589=CARTESIAN_POINT('',(1.150164205777E-1,2.731567883349E-2,
-1.157796372547E-1));
#3590=CARTESIAN_POINT('',(1.136882956086E-1,-8.168765416822E-3,
-1.186774703456E-1));
#3591=CARTESIAN_POINT('',(1.123601706394E-1,-4.292151434315E-2,
-1.109450958300E-1));
#3592=CARTESIAN_POINT('',(1.110320456703E-1,-7.382968643376E-2,
-9.327512032995E-2));
#3593=CARTESIAN_POINT('',(1.097039207011E-1,-9.812476770864E-2,
-6.725028346345E-2));
#3594=CARTESIAN_POINT('',(1.083757957320E-1,-1.136305935963E-1,
-3.520168828511E-2));
#3595=CARTESIAN_POINT('',(1.070476707628E-1,-1.189582727583E-1,
8.043856485231E-10));
#3596=CARTESIAN_POINT('',(1.057195457937E-1,-1.136305931203E-1,
3.520168982184E-2));
#3597=CARTESIAN_POINT('',(1.043914208246E-1,-9.812476679916E-2,
6.725028479048E-2));
#3598=CARTESIAN_POINT('',(1.030632958554E-1,-7.382968517233E-2,
9.327512132841E-2));
#3599=CARTESIAN_POINT('',(1.017351708863E-1,-4.292151284275E-2,
1.109450964104E-1));
#3600=CARTESIAN_POINT('',(1.004070459171E-1,-8.168763811846E-3,
1.186774704561E-1));
#3601=CARTESIAN_POINT('',(9.907892094797E-2,2.731568039927E-2,
1.157796368853E-1));
#3602=CARTESIAN_POINT('',(9.775079597883E-2,6.035339841476E-2,
1.025111605277E-1));
#3603=CARTESIAN_POINT('',(9.642267100968E-2,8.798512726293E-2,
8.006052795553E-2));
#3604=CARTESIAN_POINT('',(9.509454604053E-2,1.077358301895E-1,
5.043869224608E-2));
#3605=CARTESIAN_POINT('',(9.376642107139E-2,1.178363913193E-1,
1.629894757836E-2));
#3606=CARTESIAN_POINT('',(9.243829610224E-2,1.173820794788E-1,
-1.930073213149E-2));
#3607=CARTESIAN_POINT('',(9.111017113310E-2,1.064135872074E-1,
-5.317160272733E-2));
#3608=CARTESIAN_POINT('',(8.978204616395E-2,8.591338608458E-2,
-8.227977278061E-2));
#3609=CARTESIAN_POINT('',(8.845392119480E-2,5.771772480166E-2,
-1.040179561545E-1));
#3610=CARTESIAN_POINT('',(8.712579622566E-2,2.435215246439E-2,
-1.164390126794E-1));
#3611=CARTESIAN_POINT('',(8.579767125651E-2,-1.119470036564E-2,
-1.184303581636E-1));
#3612=CARTESIAN_POINT('',(8.446954628736E-2,-4.573881998764E-2,
-1.098136214132E-1));
#3613=CARTESIAN_POINT('',(8.314142131822E-2,-7.618600892075E-2,
-9.136062171562E-2));
#3614=CARTESIAN_POINT('',(8.181329634907E-2,-9.980904036668E-2,
-6.472423559598E-2));
#3615=CARTESIAN_POINT('',(8.048517137992E-2,-1.144919424168E-1,
-3.229034521249E-2));
#3616=CARTESIAN_POINT('',(7.915704641078E-2,-1.189195308880E-1,
3.035870342816E-3));
#3617=CARTESIAN_POINT('',(7.782892144163E-2,-1.126952138545E-1,
3.809015851580E-2));
#3618=CARTESIAN_POINT('',(7.650079647248E-2,-9.637651580379E-2,
6.973262272006E-2));
#3619=CARTESIAN_POINT('',(7.517267150334E-2,-7.142513934351E-2,
9.512897043754E-2));
#3620=CARTESIAN_POINT('',(7.384454653419E-2,-4.007603756720E-2,
1.120043874681E-1));
#3621=CARTESIAN_POINT('',(7.251642156504E-2,-5.137224167830E-3,
1.188472999440E-1));
#3622=CARTESIAN_POINT('',(7.118829659590E-2,3.026174603388E-2,
1.150447660701E-1));
#3623=CARTESIAN_POINT('',(6.986017162675E-2,6.295010165680E-2,
1.009373945925E-1));
#3624=CARTESIAN_POINT('',(6.853204665760E-2,8.999985771365E-2,
7.778877955921E-2));
#3625=CARTESIAN_POINT('',(6.720392168846E-2,1.089881230323E-1,
4.767252936002E-2));
#3626=CARTESIAN_POINT('',(6.587579671931E-2,1.182139743597E-1,
1.328573912124E-2));
#3627=CARTESIAN_POINT('',(6.499038007321E-2,1.173055749326E-1,
-1.043118461982E-2));
#3628=CARTESIAN_POINT('',(6.454767175016E-2,1.151067572211E-1,
-2.195778988465E-2));
#3629=CARTESIAN_POINT('',(1.466526244758E-1,1.200323048676E-1,
2.289738673584E-2));
#3630=CARTESIAN_POINT('',(1.462099161528E-1,1.223252122943E-1,
1.087754506331E-2));
#3631=CARTESIAN_POINT('',(1.453244995067E-1,1.232724828180E-1,
-1.385425247722E-2));
#3632=CARTESIAN_POINT('',(1.439963745375E-1,1.136518464724E-1,
-4.971249193581E-2));
#3633=CARTESIAN_POINT('',(1.426682495684E-1,9.385105154367E-2,
-8.111745001559E-2));
#3634=CARTESIAN_POINT('',(1.413401245993E-1,6.564380573816E-2,
-1.052566198866E-1));
#3635=CARTESIAN_POINT('',(1.400119996301E-1,3.155667848990E-2,
-1.199676611628E-1));
#3636=CARTESIAN_POINT('',(1.386838746610E-1,-5.357053432022E-3,
-1.239329092299E-1));
#3637=CARTESIAN_POINT('',(1.373557496918E-1,-4.179093777543E-2,
-1.167971803559E-1));
#3638=CARTESIAN_POINT('',(1.360276247227E-1,-7.448150256486E-2,
-9.919964484766E-2));
#3639=CARTESIAN_POINT('',(1.346994997535E-1,-1.005005760711E-1,
-7.271655855472E-2));
#3640=CARTESIAN_POINT('',(1.333713747844E-1,-1.175175690812E-1,
-3.972007756164E-2));
#3641=CARTESIAN_POINT('',(1.320432498153E-1,-1.240082311323E-1,
-3.165776965166E-3));
#3642=CARTESIAN_POINT('',(1.307151248461E-1,-1.193911806827E-1,
3.367208694132E-2));
#3643=CARTESIAN_POINT('',(1.293869998770E-1,-1.040799803165E-1,
6.749385969092E-2));
#3644=CARTESIAN_POINT('',(1.280588749078E-1,-7.944609246492E-2,
9.527004633604E-2));
#3645=CARTESIAN_POINT('',(1.267307499387E-1,-4.769603388333E-2,
1.145126701729E-1));
#3646=CARTESIAN_POINT('',(1.254026249695E-1,-1.167373248900E-2,
1.234981262731E-1));
#3647=CARTESIAN_POINT('',(1.240745000004E-1,2.539421004318E-2,
1.214215683792E-1));
#3648=CARTESIAN_POINT('',(1.227463750312E-1,6.018753249498E-2,
1.084690004337E-1));
#3649=CARTESIAN_POINT('',(1.214182500621E-1,8.958971746433E-2,
8.580061539678E-2));
#3650=CARTESIAN_POINT('',(1.200901250930E-1,1.109671447920E-1,
5.544687378693E-2));
#3651=CARTESIAN_POINT('',(1.187620001238E-1,1.224049906811E-1,
2.012663046708E-2));
#3652=CARTESIAN_POINT('',(1.174338751547E-1,1.228787425331E-1,
-1.699639950090E-2));
#3653=CARTESIAN_POINT('',(1.161057501855E-1,1.123459665743E-1,
-5.259702201882E-2));
#3654=CARTESIAN_POINT('',(1.147776252164E-1,9.175010848361E-2,
-8.348640904718E-2));
#3655=CARTESIAN_POINT('',(1.134495002472E-1,6.293598662767E-2,
-1.068977289959E-1));
#3656=CARTESIAN_POINT('',(1.121213752781E-1,2.848454738978E-2,
-1.207339778834E-1));
#3657=CARTESIAN_POINT('',(1.107932503089E-1,-8.518316057597E-3,
-1.237558125048E-1));
#3658=CARTESIAN_POINT('',(1.094651253398E-1,-4.475817411683E-2,
-1.156925610049E-1));
#3659=CARTESIAN_POINT('',(1.081370003706E-1,-7.698894158241E-2,
-9.726646742048E-2));
#3660=CARTESIAN_POINT('',(1.068088754015E-1,-1.023236366537E-1,
-7.012799857430E-2));
#3661=CARTESIAN_POINT('',(1.054807504324E-1,-1.184929742349E-1,
-3.670800803707E-2));
#3662=CARTESIAN_POINT('',(1.041526254632E-1,-1.240486307679E-1,
8.388061634168E-10));
#3663=CARTESIAN_POINT('',(1.028245004941E-1,-1.184929737384E-1,
3.670800963955E-2));
#3664=CARTESIAN_POINT('',(1.014963755249E-1,-1.023236357053E-1,
7.012799995811E-2));
#3665=CARTESIAN_POINT('',(1.001682505558E-1,-7.698894026699E-2,
9.726646846167E-2));
#3666=CARTESIAN_POINT('',(9.884012558663E-2,-4.475817255222E-2,
1.156925616102E-1));
#3667=CARTESIAN_POINT('',(9.751200061748E-2,-8.518314383943E-3,
1.237558126200E-1));
#3668=CARTESIAN_POINT('',(9.618387564834E-2,2.848454902256E-2,
1.207339774982E-1));
#3669=CARTESIAN_POINT('',(9.485575067919E-2,6.293598807333E-2,
1.068977281448E-1));
#3670=CARTESIAN_POINT('',(9.352762571004E-2,9.175010961266E-2,
8.348640780637E-2));
#3671=CARTESIAN_POINT('',(9.219950074090E-2,1.123459672856E-1,
5.259702049947E-2));
#3672=CARTESIAN_POINT('',(9.087137577175E-2,1.228787427629E-1,
1.699639783911E-2));
#3673=CARTESIAN_POINT('',(8.954325080261E-2,1.224049904089E-1,
-2.012663212246E-2));
#3674=CARTESIAN_POINT('',(8.821512583346E-2,1.109671440421E-1,
-5.544687528763E-2));
#3675=CARTESIAN_POINT('',(8.688700086431E-2,8.958971630398E-2,
-8.580061660838E-2));
#3676=CARTESIAN_POINT('',(8.555887589517E-2,6.018753102807E-2,
-1.084690012477E-1));
#3677=CARTESIAN_POINT('',(8.423075092602E-2,2.539420840110E-2,
-1.214215687226E-1));
#3678=CARTESIAN_POINT('',(8.290262595687E-2,-1.167373415917E-2,
-1.234981261152E-1));
#3679=CARTESIAN_POINT('',(8.157450098773E-2,-4.769603543198E-2,
-1.145126695279E-1));
#3680=CARTESIAN_POINT('',(8.024637601858E-2,-7.944609375334E-2,
-9.527004526162E-2));
#3681=CARTESIAN_POINT('',(7.891825104943E-2,-1.040799812292E-1,
-6.749385828335E-2));
#3682=CARTESIAN_POINT('',(7.759012608029E-2,-1.193911811381E-1,
-3.367208532669E-2));
#3683=CARTESIAN_POINT('',(7.626200111114E-2,-1.240082310895E-1,
3.165778642233E-3));
#3684=CARTESIAN_POINT('',(7.493387614199E-2,-1.175175685440E-1,
3.972007915093E-2));
#3685=CARTESIAN_POINT('',(7.360575117285E-2,-1.005005750876E-1,
7.271655991387E-2));
#3686=CARTESIAN_POINT('',(7.227762620370E-2,-7.448150122330E-2,
9.919964585493E-2));
#3687=CARTESIAN_POINT('',(7.094950123455E-2,-4.179093619589E-2,
1.167971809211E-1));
#3688=CARTESIAN_POINT('',(6.962137626541E-2,-5.357051755971E-3,
1.239329093023E-1));
#3689=CARTESIAN_POINT('',(6.829325129626E-2,3.155668011233E-2,
1.199676607360E-1));
#3690=CARTESIAN_POINT('',(6.696512632711E-2,6.564380716164E-2,
1.052566189988E-1));
#3691=CARTESIAN_POINT('',(6.563700135797E-2,9.385105264069E-2,
8.111744874637E-2));
#3692=CARTESIAN_POINT('',(6.430887638882E-2,1.136518471447E-1,
4.971249039879E-2));
#3693=CARTESIAN_POINT('',(6.298075141967E-2,1.232724830054E-1,
1.385425081010E-2));
#3694=CARTESIAN_POINT('',(6.209533477357E-2,1.223252121472E-1,
-1.087754671762E-2));
#3695=CARTESIAN_POINT('',(6.165262645053E-2,1.200323045579E-1,
-2.289738835915E-2));
#3696=B_SPLINE_SURFACE_WITH_KNOTS('',3,3,((#3428,#3429,#3430,#3431,#3432,#3433,
#3434,#3435,#3436,#3437,#3438,#3439,#3440,#3441,#3442,#3443,#3444,#3445,#3446,
#3447,#3448,#3449,#3450,#3451,#3452,#3453,#3454,#3455,#3456,#3457,#3458,#3459,
#3460,#3461,#3462,#3463,#3464,#3465,#3466,#3467,#3468,#3469,#3470,#3471,#3472,
#3473,#3474,#3475,#3476,#3477,#3478,#3479,#3480,#3481,#3482,#3483,#3484,#3485,
#3486,#3487,#3488,#3489,#3490,#3491,#3492,#3493,#3494),(#3495,#3496,#3497,#3498,
#3499,#3500,#3501,#3502,#3503,#3504,#3505,#3506,#3507,#3508,#3509,#3510,#3511,
#3512,#3513,#3514,#3515,#3516,#3517,#3518,#3519,#3520,#3521,#3522,#3523,#3524,
#3525,#3526,#3527,#3528,#3529,#3530,#3531,#3532,#3533,#3534,#3535,#3536,#3537,
#3538,#3539,#3540,#3541,#3542,#3543,#3544,#3545,#3546,#3547,#3548,#3549,#3550,
#3551,#3552,#3553,#3554,#3555,#3556,#3557,#3558,#3559,#3560,#3561),(#3562,#3563,
#3564,#3565,#3566,#3567,#3568,#3569,#3570,#3571,#3572,#3573,#3574,#3575,#3576,
#3577,#3578,#3579,#3580,#3581,#3582,#3583,#3584,#3585,#3586,#3587,#3588,#3589,
#3590,#3591,#3592,#3593,#3594,#3595,#3596,#3597,#3598,#3599,#3600,#3601,#3602,
#3603,#3604,#3605,#3606,#3607,#3608,#3609,#3610,#3611,#3612,#3613,#3614,#3615,
#3616,#3617,#3618,#3619,#3620,#3621,#3622,#3623,#3624,#3625,#3626,#3627,#3628),(
#3629,#3630,#3631,#3632,#3633,#3634,#3635,#3636,#3637,#3638,#3639,#3640,#3641,
#3642,#3643,#3644,#3645,#3646,#3647,#3648,#3649,#3650,#3651,#3652,#3653,#3654,
#3655,#3656,#3657,#3658,#3659,#3660,#3661,#3662,#3663,#3664,#3665,#3666,#3667,
#3668,#3669,#3670,#3671,#3672,#3673,#3674,#3675,#3676,#3677,#3678,#3679,#3680,
#3681,#3682,#3683,#3684,#3685,#3686,#3687,#3688,#3689,#3690,#3691,#3692,#3693,
#3694,#3695)),.UNSPECIFIED.,.F.,.F.,.F.,(4,4),(4,1,1,1,1,1,1,1,1,1,1,1,1,1,1,1,
1,1,1,1,1,1,1,1,1,1,1,1,1,1,1,1,1,1,1,1,1,1,1,1,1,1,1,1,1,1,1,1,1,1,1,1,1,1,1,1,
1,1,1,1,1,1,1,1,4),(-1.916656360884E-2,8.132955187772E-1),(-9.999987793093E-3,
5.937511836652E-3,2.187501146640E-2,3.781251109614E-2,5.375001072589E-2,
6.968751035563E-2,8.562500998537E-2,1.015625096151E-1,1.175000092449E-1,
1.334375088746E-1,1.493750085044E-1,1.653125081341E-1,1.812500077638E-1,
1.971875073936E-1,2.131250070233E-1,2.290625066531E-1,2.450000062828E-1,
2.609375059126E-1,2.768750055423E-1,2.928125051721E-1,3.087500048018E-1,
3.246875044315E-1,3.406250040613E-1,3.565625036910E-1,3.725000033208E-1,
3.884375029505E-1,4.043750025803E-1,4.203125022100E-1,4.362500018398E-1,
4.521875014695E-1,4.681250010992E-1,4.840625007290E-1,5.000000003587E-1,
5.159374999885E-1,5.318749996182E-1,5.478124992480E-1,5.637499988777E-1,
5.796874985075E-1,5.956249981372E-1,6.115624977669E-1,6.274999973967E-1,
6.434374970264E-1,6.593749966562E-1,6.753124962859E-1,6.912499959157E-1,
7.071874955454E-1,7.231249951752E-1,7.390624948049E-1,7.549999944346E-1,
7.709374940644E-1,7.868749936941E-1,8.028124933239E-1,8.187499929536E-1,
8.346874925834E-1,8.506249922131E-1,8.665624918429E-1,8.824999914726E-1,
8.984374911023E-1,9.143749907321E-1,9.303124903618E-1,9.462499899916E-1,
9.621874896213E-1,9.781249892511E-1,9.940624888808E-1,1.009999988511E0),
.UNSPECIFIED.);
#3698=ORIENTED_EDGE('',*,*,#3697,.T.);
#3700=ORIENTED_EDGE('',*,*,#3699,.T.);
#3702=ORIENTED_EDGE('',*,*,#3701,.T.);
#3704=ORIENTED_EDGE('',*,*,#3703,.T.);
#3706=ORIENTED_EDGE('',*,*,#3705,.T.);
#3707=ORIENTED_EDGE('',*,*,#3420,.T.);
#3708=ORIENTED_EDGE('',*,*,#3105,.F.);
#3710=ORIENTED_EDGE('',*,*,#3709,.F.);
#3712=ORIENTED_EDGE('',*,*,#3711,.T.);
#3713=EDGE_LOOP('',(#3698,#3700,#3702,#3704,#3706,#3707,#3708,#3710,#3712));
#3714=FACE_OUTER_BOUND('',#3713,.F.);
#3715=ADVANCED_FACE('',(#3714),#3696,.F.);
#3716=CARTESIAN_POINT('',(1.249142993447E0,0.E0,0.E0));
#3717=DIRECTION('',(-1.E0,0.E0,0.E0));
#3718=DIRECTION('',(0.E0,1.E0,0.E0));
#3719=AXIS2_PLACEMENT_3D('',#3716,#3717,#3718);
#3720=CYLINDRICAL_SURFACE('',#3719,1.218503937008E-1);
#3722=ORIENTED_EDGE('',*,*,#3721,.F.);
#3724=ORIENTED_EDGE('',*,*,#3723,.F.);
#3726=ORIENTED_EDGE('',*,*,#3725,.T.);
#3727=ORIENTED_EDGE('',*,*,#3697,.F.);
#3728=EDGE_LOOP('',(#3722,#3724,#3726,#3727));
#3729=FACE_OUTER_BOUND('',#3728,.F.);
#3730=ADVANCED_FACE('',(#3729),#3720,.T.);
#3731=CARTESIAN_POINT('',(1.249142993447E0,0.E0,0.E0));
#3732=DIRECTION('',(-1.E0,0.E0,0.E0));
#3733=DIRECTION('',(0.E0,1.E0,0.E0));
#3734=AXIS2_PLACEMENT_3D('',#3731,#3732,#3733);
#3735=CYLINDRICAL_SURFACE('',#3734,1.218503937008E-1);
#3736=ORIENTED_EDGE('',*,*,#3721,.T.);
#3738=ORIENTED_EDGE('',*,*,#3737,.F.);
#3740=ORIENTED_EDGE('',*,*,#3739,.F.);
#3742=ORIENTED_EDGE('',*,*,#3741,.F.);
#3743=EDGE_LOOP('',(#3736,#3738,#3740,#3742));
#3744=FACE_OUTER_BOUND('',#3743,.F.);
#3745=ADVANCED_FACE('',(#3744),#3735,.T.);
#3746=CARTESIAN_POINT('',(1.948712910888E-1,-1.025556796536E-1,
3.105216519594E-2));
#3747=CARTESIAN_POINT('',(1.944466396879E-1,-9.957300034282E-2,
4.090303073060E-2));
#3748=CARTESIAN_POINT('',(1.935973368861E-1,-9.074970483671E-2,
5.973798457657E-2));
#3749=CARTESIAN_POINT('',(1.923233826834E-1,-7.003085794988E-2,
8.306522704893E-2));
#3750=CARTESIAN_POINT('',(1.910494284807E-1,-4.353706869098E-2,
9.954229558637E-2));
#3751=CARTESIAN_POINT('',(1.897754742780E-1,-1.345301390075E-2,
1.078107800123E-1));
#3752=CARTESIAN_POINT('',(1.885015200752E-1,1.774042517078E-2,
1.071887320823E-1));
#3753=CARTESIAN_POINT('',(1.872275658725E-1,4.747091934866E-2,
9.772747341980E-2));
#3754=CARTESIAN_POINT('',(1.859536116698E-1,7.328676973449E-2,
8.020721024231E-2));
#3755=CARTESIAN_POINT('',(1.846796574671E-1,9.305909709919E-2,
5.607273557537E-2));
#3756=CARTESIAN_POINT('',(1.834057032644E-1,1.051573945589E-1,
2.731427492273E-2));
#3757=CARTESIAN_POINT('',(1.821317490617E-1,1.085839867345E-1,
-3.696632694777E-3));
#3758=CARTESIAN_POINT('',(1.808577948590E-1,1.030563019905E-1,
-3.440270212366E-2));
#3759=CARTESIAN_POINT('',(1.795838406562E-1,8.903017467324E-2,
-6.227178589205E-2));
#3760=CARTESIAN_POINT('',(1.783098864535E-1,6.766225534486E-2,
-8.500568540711E-2));
#3761=CARTESIAN_POINT('',(1.770359322508E-1,4.071462889399E-2,
-1.007296697871E-1));
#3762=CARTESIAN_POINT('',(1.757619780481E-1,1.040950604186E-2,
-1.081470739273E-1));
#3763=CARTESIAN_POINT('',(1.744880238454E-1,-2.075402905040E-2,
-1.066462269802E-1));
#3764=CARTESIAN_POINT('',(1.732140696427E-1,-5.020610336469E-2,
-9.635089347741E-2));
#3765=CARTESIAN_POINT('',(1.719401154399E-1,-7.551797724441E-2,
-7.811006748216E-2));
#3766=CARTESIAN_POINT('',(1.706661612372E-1,-9.460232828768E-2,
-5.342796135055E-2));
#3767=CARTESIAN_POINT('',(1.693922070345E-1,-1.058853806848E-1,
-2.433996247488E-2));
#3768=CARTESIAN_POINT('',(1.681182528318E-1,-1.084366854955E-1,
6.755212913954E-3));
#3769=CARTESIAN_POINT('',(1.668442986291E-1,-1.020458496228E-1,
3.729332764006E-2));
#3770=CARTESIAN_POINT('',(1.655703444264E-1,-8.723988606204E-2,
6.475608111998E-2));
#3771=CARTESIAN_POINT('',(1.642963902237E-1,-6.523975459562E-2,
8.687877899215E-2));
#3772=CARTESIAN_POINT('',(1.630224360209E-1,-3.785967675067E-2,
1.018370891877E-1));
#3773=CARTESIAN_POINT('',(1.617484818182E-1,-7.357527754661E-3,
1.083974850675E-1));
#3774=CARTESIAN_POINT('',(1.604745276155E-1,2.375135680666E-2,
1.060189644978E-1));
#3775=CARTESIAN_POINT('',(1.592005734128E-1,5.290160705248E-2,
9.489767503845E-2));
#3776=CARTESIAN_POINT('',(1.579266192101E-1,7.768936616696E-2,
7.595069654592E-2));
#3777=CARTESIAN_POINT('',(1.566526650074E-1,9.607053720598E-2,
5.074057474240E-2));
#3778=CARTESIAN_POINT('',(1.553787108046E-1,1.065292943774E-1,
2.134587259671E-2));
#3779=CARTESIAN_POINT('',(1.545294080028E-1,1.076452888921E-1,
5.766132507734E-4));
#3780=CARTESIAN_POINT('',(1.541047566019E-1,1.067160728110E-1,
-9.673892513011E-3));
#3781=CARTESIAN_POINT('',(1.919762457892E-1,-1.073548785050E-1,
3.250528330742E-2));
#3782=CARTESIAN_POINT('',(1.915515943883E-1,-1.042326216382E-1,
4.281713025939E-2));
#3783=CARTESIAN_POINT('',(1.907022915865E-1,-9.499643091453E-2,
6.253348520541E-2));
#3784=CARTESIAN_POINT('',(1.894283373838E-1,-7.330802420891E-2,
8.695235005945E-2));
#3785=CARTESIAN_POINT('',(1.881543831810E-1,-4.557443074405E-2,
1.042004800209E-1));
#3786=CARTESIAN_POINT('',(1.868804289783E-1,-1.408256156772E-2,
1.128558967074E-1));
#3787=CARTESIAN_POINT('',(1.856064747756E-1,1.857060667209E-2,
1.122047394027E-1));
#3788=CARTESIAN_POINT('',(1.843325205729E-1,4.969237000240E-2,
1.023007313785E-1));
#3789=CARTESIAN_POINT('',(1.830585663702E-1,7.671629974509E-2,
8.396058940732E-2));
#3790=CARTESIAN_POINT('',(1.817846121675E-1,9.741389357088E-2,
5.869671709522E-2));
#3791=CARTESIAN_POINT('',(1.805106579647E-1,1.100783433438E-1,
2.859247460195E-2));
#3792=CARTESIAN_POINT('',(1.792367037620E-1,1.136652864360E-1,
-3.869620436095E-3));
#3793=CARTESIAN_POINT('',(1.779627495593E-1,1.078789279807E-1,
-3.601261206793E-2));
#3794=CARTESIAN_POINT('',(1.766887953566E-1,9.319643356277E-2,
-6.518585836794E-2));
#3795=CARTESIAN_POINT('',(1.754148411539E-1,7.082858040095E-2,
-8.898361416876E-2));
#3796=CARTESIAN_POINT('',(1.741408869512E-1,4.261991196443E-2,
-1.054434186226E-1));
#3797=CARTESIAN_POINT('',(1.728669327485E-1,1.089662961812E-2,
-1.132079278432E-1));
#3798=CARTESIAN_POINT('',(1.715929785457E-1,-2.172523525483E-2,
-1.116368472145E-1));
#3799=CARTESIAN_POINT('',(1.703190243430E-1,-5.255554977675E-2,
-1.008597329573E-1));
#3800=CARTESIAN_POINT('',(1.690450701403E-1,-7.905191891271E-2,
-8.176530868778E-2));
#3801=CARTESIAN_POINT('',(1.677711159376E-1,-9.902934185522E-2,
-5.592817793153E-2));
#3802=CARTESIAN_POINT('',(1.664971617349E-1,-1.108403963317E-1,
-2.547897613406E-2));
#3803=CARTESIAN_POINT('',(1.652232075322E-1,-1.135110920836E-1,
7.071330072622E-3));
#3804=CARTESIAN_POINT('',(1.639492533294E-1,-1.068211904518E-1,
3.903850738806E-2));
#3805=CARTESIAN_POINT('',(1.626752991267E-1,-9.132236654870E-2,
6.778640875448E-2));
#3806=CARTESIAN_POINT('',(1.614013449240E-1,-6.829271622950E-2,
9.094436110086E-2));
#3807=CARTESIAN_POINT('',(1.601273907213E-1,-3.963135938968E-2,
1.066026608567E-1));
#3808=CARTESIAN_POINT('',(1.588534365186E-1,-7.701830857798E-3,
1.134700572311E-1));
#3809=CARTESIAN_POINT('',(1.575794823159E-1,2.486282605624E-2,
1.109802313370E-1));
#3810=CARTESIAN_POINT('',(1.563055281132E-1,5.537719234097E-2,
9.933850966194E-2));
#3811=CARTESIAN_POINT('',(1.550315739104E-1,8.132492022043E-2,
7.950488776043E-2));
#3812=CARTESIAN_POINT('',(1.537576197077E-1,1.005662571248E-1,
5.311503229408E-2));
#3813=CARTESIAN_POINT('',(1.524836655050E-1,1.115144426299E-1,
2.234477473059E-2));
#3814=CARTESIAN_POINT('',(1.516343627032E-1,1.126826612595E-1,
6.035964628211E-4));
#3815=CARTESIAN_POINT('',(1.512097113023E-1,1.117099615531E-1,
-1.012659229515E-2));
#3816=CARTESIAN_POINT('',(1.890812004896E-1,-1.121540773563E-1,
3.395840141891E-2));
#3817=CARTESIAN_POINT('',(1.886565490886E-1,-1.088922429335E-1,
4.473122978818E-2));
#3818=CARTESIAN_POINT('',(1.878072462868E-1,-9.924315699236E-2,
6.532898583425E-2));
#3819=CARTESIAN_POINT('',(1.865332920841E-1,-7.658519046795E-2,
9.083947306997E-2));
#3820=CARTESIAN_POINT('',(1.852593378814E-1,-4.761179279712E-2,
1.088586644555E-1));
#3821=CARTESIAN_POINT('',(1.839853836787E-1,-1.471210923468E-2,
1.179010134025E-1));
#3822=CARTESIAN_POINT('',(1.827114294760E-1,1.940078817339E-2,
1.172207467231E-1));
#3823=CARTESIAN_POINT('',(1.814374752733E-1,5.191382065614E-2,
1.068739893371E-1));
#3824=CARTESIAN_POINT('',(1.801635210705E-1,8.014582975569E-2,
8.771396857234E-2));
#3825=CARTESIAN_POINT('',(1.788895668678E-1,1.017686900426E-1,
6.132069861506E-2));
#3826=CARTESIAN_POINT('',(1.776156126651E-1,1.149992921288E-1,
2.987067428116E-2));
#3827=CARTESIAN_POINT('',(1.763416584624E-1,1.187465861375E-1,
-4.042608177414E-3));
#3828=CARTESIAN_POINT('',(1.750677042597E-1,1.127015539709E-1,
-3.762252201220E-2));
#3829=CARTESIAN_POINT('',(1.737937500570E-1,9.736269245229E-2,
-6.809993084384E-2));
#3830=CARTESIAN_POINT('',(1.725197958542E-1,7.399490545704E-2,
-9.296154293042E-2));
#3831=CARTESIAN_POINT('',(1.712458416515E-1,4.452519503487E-2,
-1.101571674581E-1));
#3832=CARTESIAN_POINT('',(1.699718874488E-1,1.138375319439E-2,
-1.182687817591E-1));
#3833=CARTESIAN_POINT('',(1.686979332461E-1,-2.269644145927E-2,
-1.166274674489E-1));
#3834=CARTESIAN_POINT('',(1.674239790434E-1,-5.490499618882E-2,
-1.053685724371E-1));
#3835=CARTESIAN_POINT('',(1.661500248407E-1,-8.258586058101E-2,
-8.542054989340E-2));
#3836=CARTESIAN_POINT('',(1.648760706380E-1,-1.034563554228E-1,
-5.842839451252E-2));
#3837=CARTESIAN_POINT('',(1.636021164352E-1,-1.157954119786E-1,
-2.661798979323E-2));
#3838=CARTESIAN_POINT('',(1.623281622325E-1,-1.185854986716E-1,
7.387447231290E-3));
#3839=CARTESIAN_POINT('',(1.610542080298E-1,-1.115965312809E-1,
4.078368713606E-2));
#3840=CARTESIAN_POINT('',(1.597802538271E-1,-9.540484703536E-2,
7.081673638898E-2));
#3841=CARTESIAN_POINT('',(1.585062996244E-1,-7.134567786337E-2,
9.500994320958E-2));
#3842=CARTESIAN_POINT('',(1.572323454217E-1,-4.140304202870E-2,
1.113682325258E-1));
#3843=CARTESIAN_POINT('',(1.559583912190E-1,-8.046133960934E-3,
1.185426293947E-1));
#3844=CARTESIAN_POINT('',(1.546844370162E-1,2.597429530582E-2,
1.159414981762E-1));
#3845=CARTESIAN_POINT('',(1.534104828135E-1,5.785277762945E-2,
1.037793442854E-1));
#3846=CARTESIAN_POINT('',(1.521365286108E-1,8.496047427390E-2,
8.305907897494E-2));
#3847=CARTESIAN_POINT('',(1.508625744081E-1,1.050619770437E-1,
5.548948984576E-2));
#3848=CARTESIAN_POINT('',(1.495886202054E-1,1.164995908824E-1,
2.334367686447E-2));
#3849=CARTESIAN_POINT('',(1.487393174036E-1,1.177200336269E-1,
6.305796748688E-4));
#3850=CARTESIAN_POINT('',(1.483146660027E-1,1.167038502952E-1,
-1.057929207730E-2));
#3851=CARTESIAN_POINT('',(1.861861551899E-1,-1.169532762077E-1,
3.541151953040E-2));
#3852=CARTESIAN_POINT('',(1.857615037890E-1,-1.135518642288E-1,
4.664532931696E-2));
#3853=CARTESIAN_POINT('',(1.849122009872E-1,-1.034898830702E-1,
6.812448646309E-2));
#3854=CARTESIAN_POINT('',(1.836382467845E-1,-7.986235672698E-2,
9.472659608049E-2));
#3855=CARTESIAN_POINT('',(1.823642925818E-1,-4.964915485020E-2,
1.135168488901E-1));
#3856=CARTESIAN_POINT('',(1.810903383791E-1,-1.534165690165E-2,
1.229461300976E-1));
#3857=CARTESIAN_POINT('',(1.798163841763E-1,2.023096967470E-2,
1.222367540434E-1));
#3858=CARTESIAN_POINT('',(1.785424299736E-1,5.413527130988E-2,
1.114472472958E-1));
#3859=CARTESIAN_POINT('',(1.772684757709E-1,8.357535976629E-2,
9.146734773736E-2));
#3860=CARTESIAN_POINT('',(1.759945215682E-1,1.061234865143E-1,
6.394468013491E-2));
#3861=CARTESIAN_POINT('',(1.747205673655E-1,1.199202409137E-1,
3.114887396038E-2));
#3862=CARTESIAN_POINT('',(1.734466131628E-1,1.238278858390E-1,
-4.215595918733E-3));
#3863=CARTESIAN_POINT('',(1.721726589600E-1,1.175241799611E-1,
-3.923243195646E-2));
#3864=CARTESIAN_POINT('',(1.708987047573E-1,1.015289513418E-1,
-7.101400331973E-2));
#3865=CARTESIAN_POINT('',(1.696247505546E-1,7.716123051313E-2,
-9.693947169207E-2));
#3866=CARTESIAN_POINT('',(1.683507963519E-1,4.643047810531E-2,
-1.148709162936E-1));
#3867=CARTESIAN_POINT('',(1.670768421492E-1,1.187087677066E-2,
-1.233296356750E-1));
#3868=CARTESIAN_POINT('',(1.658028879465E-1,-2.366764766370E-2,
-1.216180876832E-1));
#3869=CARTESIAN_POINT('',(1.645289337437E-1,-5.725444260089E-2,
-1.098774119169E-1));
#3870=CARTESIAN_POINT('',(1.632549795410E-1,-8.611980224931E-2,
-8.907579109902E-2));
#3871=CARTESIAN_POINT('',(1.619810253383E-1,-1.078833689903E-1,
-6.092861109351E-2));
#3872=CARTESIAN_POINT('',(1.607070711356E-1,-1.207504276254E-1,
-2.775700345241E-2));
#3873=CARTESIAN_POINT('',(1.594331169329E-1,-1.236599052597E-1,
7.703564389958E-3));
#3874=CARTESIAN_POINT('',(1.581591627302E-1,-1.163718721099E-1,
4.252886688405E-2));
#3875=CARTESIAN_POINT('',(1.568852085275E-1,-9.948732752201E-2,
7.384706402349E-2));
#3876=CARTESIAN_POINT('',(1.556112543247E-1,-7.439863949725E-2,
9.907552531830E-2));
#3877=CARTESIAN_POINT('',(1.543373001220E-1,-4.317472466771E-2,
1.161338041948E-1));
#3878=CARTESIAN_POINT('',(1.530633459193E-1,-8.390437064071E-3,
1.236152015582E-1));
#3879=CARTESIAN_POINT('',(1.517893917166E-1,2.708576455540E-2,
1.209027650155E-1));
#3880=CARTESIAN_POINT('',(1.505154375139E-1,6.032836291794E-2,
1.082201789089E-1));
#3881=CARTESIAN_POINT('',(1.492414833112E-1,8.859602832738E-2,
8.661327018946E-2));
#3882=CARTESIAN_POINT('',(1.479675291085E-1,1.095576969625E-1,
5.786394739744E-2));
#3883=CARTESIAN_POINT('',(1.466935749057E-1,1.214847391349E-1,
2.434257899835E-2));
#3884=CARTESIAN_POINT('',(1.458442721039E-1,1.227574059943E-1,
6.575628869165E-4));
#3885=CARTESIAN_POINT('',(1.454196207030E-1,1.216977390372E-1,
-1.103199185944E-2));
#3886=B_SPLINE_SURFACE_WITH_KNOTS('',3,3,((#3746,#3747,#3748,#3749,#3750,#3751,
#3752,#3753,#3754,#3755,#3756,#3757,#3758,#3759,#3760,#3761,#3762,#3763,#3764,
#3765,#3766,#3767,#3768,#3769,#3770,#3771,#3772,#3773,#3774,#3775,#3776,#3777,
#3778,#3779,#3780),(#3781,#3782,#3783,#3784,#3785,#3786,#3787,#3788,#3789,#3790,
#3791,#3792,#3793,#3794,#3795,#3796,#3797,#3798,#3799,#3800,#3801,#3802,#3803,
#3804,#3805,#3806,#3807,#3808,#3809,#3810,#3811,#3812,#3813,#3814,#3815),(#3816,
#3817,#3818,#3819,#3820,#3821,#3822,#3823,#3824,#3825,#3826,#3827,#3828,#3829,
#3830,#3831,#3832,#3833,#3834,#3835,#3836,#3837,#3838,#3839,#3840,#3841,#3842,
#3843,#3844,#3845,#3846,#3847,#3848,#3849,#3850),(#3851,#3852,#3853,#3854,#3855,
#3856,#3857,#3858,#3859,#3860,#3861,#3862,#3863,#3864,#3865,#3866,#3867,#3868,
#3869,#3870,#3871,#3872,#3873,#3874,#3875,#3876,#3877,#3878,#3879,#3880,#3881,
#3882,#3883,#3884,#3885)),.UNSPECIFIED.,.F.,.F.,.F.,(4,4),(4,1,1,1,1,1,1,1,1,1,
1,1,1,1,1,1,1,1,1,1,1,1,1,1,1,1,1,1,1,1,1,1,4),(-1.916656360884E-2,
8.132955187772E-1),(5.155976436372E-1,5.308850940698E-1,5.461725445024E-1,
5.614599949350E-1,5.767474453676E-1,5.920348958002E-1,6.073223462328E-1,
6.226097966654E-1,6.378972470980E-1,6.531846975306E-1,6.684721479633E-1,
6.837595983959E-1,6.990470488285E-1,7.143344992611E-1,7.296219496937E-1,
7.449094001263E-1,7.601968505589E-1,7.754843009915E-1,7.907717514241E-1,
8.060592018567E-1,8.213466522893E-1,8.366341027219E-1,8.519215531545E-1,
8.672090035871E-1,8.824964540197E-1,8.977839044523E-1,9.130713548849E-1,
9.283588053175E-1,9.436462557502E-1,9.589337061828E-1,9.742211566154E-1,
9.895086070480E-1,1.004796057481E0),.UNSPECIFIED.);
#3888=ORIENTED_EDGE('',*,*,#3887,.F.);
#3889=ORIENTED_EDGE('',*,*,#3737,.T.);
#3890=ORIENTED_EDGE('',*,*,#3711,.F.);
#3892=ORIENTED_EDGE('',*,*,#3891,.F.);
#3894=ORIENTED_EDGE('',*,*,#3893,.T.);
#3895=EDGE_LOOP('',(#3888,#3889,#3890,#3892,#3894));
#3896=FACE_OUTER_BOUND('',#3895,.F.);
#3897=ADVANCED_FACE('',(#3896),#3886,.F.);
#3898=CARTESIAN_POINT('',(1.249142993447E0,0.E0,0.E0));
#3899=DIRECTION('',(-1.E0,0.E0,0.E0));
#3900=DIRECTION('',(0.E0,1.E0,0.E0));
#3901=AXIS2_PLACEMENT_3D('',#3898,#3899,#3900);
#3902=CYLINDRICAL_SURFACE('',#3901,1.218503937008E-1);
#3903=ORIENTED_EDGE('',*,*,#3887,.T.);
#3905=ORIENTED_EDGE('',*,*,#3904,.T.);
#3907=ORIENTED_EDGE('',*,*,#3906,.F.);
#3909=ORIENTED_EDGE('',*,*,#3908,.F.);
#3910=ORIENTED_EDGE('',*,*,#3739,.T.);
#3911=EDGE_LOOP('',(#3903,#3905,#3907,#3909,#3910));
#3912=FACE_OUTER_BOUND('',#3911,.F.);
#3913=ADVANCED_FACE('',(#3912),#3902,.T.);
#3914=CARTESIAN_POINT('',(1.883858267717E-1,0.E0,0.E0));
#3915=DIRECTION('',(-1.E0,0.E0,0.E0));
#3916=DIRECTION('',(0.E0,1.E0,0.E0));
#3917=AXIS2_PLACEMENT_3D('',#3914,#3915,#3916);
#3918=CONICAL_SURFACE('',#3917,1.133858267717E-1,4.5E1);
#3920=ORIENTED_EDGE('',*,*,#3919,.F.);
#3922=ORIENTED_EDGE('',*,*,#3921,.F.);
#3924=ORIENTED_EDGE('',*,*,#3923,.T.);
#3926=ORIENTED_EDGE('',*,*,#3925,.T.);
#3928=ORIENTED_EDGE('',*,*,#3927,.F.);
#3929=ORIENTED_EDGE('',*,*,#3904,.F.);
#3930=ORIENTED_EDGE('',*,*,#3893,.F.);
#3932=ORIENTED_EDGE('',*,*,#3931,.F.);
#3933=EDGE_LOOP('',(#3920,#3922,#3924,#3926,#3928,#3929,#3930,#3932));
#3934=FACE_OUTER_BOUND('',#3933,.F.);
#3935=ADVANCED_FACE('',(#3934),#3918,.T.);
#3936=CARTESIAN_POINT('',(2.031053137149E-1,-1.311358250966E-2,
1.214910633953E-1));
#3937=CARTESIAN_POINT('',(2.023647707531E-1,7.236994273796E-3,
1.236876773709E-1));
#3938=CARTESIAN_POINT('',(2.008836848295E-1,4.903967408255E-2,
1.176345787306E-1));
#3939=CARTESIAN_POINT('',(1.986620559440E-1,9.963812504210E-2,
7.947108680036E-2));
#3940=CARTESIAN_POINT('',(1.964404270586E-1,1.255950276190E-1,
2.165722691747E-2));
#3941=CARTESIAN_POINT('',(1.942187981732E-1,1.204990874950E-1,
-4.151138717524E-2));
#3942=CARTESIAN_POINT('',(1.919971692877E-1,8.560850052134E-2,
-9.441605861162E-2));
#3943=CARTESIAN_POINT('',(1.897755404023E-1,2.955069293381E-2,
-1.239756713735E-1));
#3944=CARTESIAN_POINT('',(1.875539115168E-1,-3.381377096610E-2,
-1.228814049948E-1));
#3945=CARTESIAN_POINT('',(1.853322826314E-1,-8.881753230581E-2,
-9.140381154445E-2));
#3946=CARTESIAN_POINT('',(1.831106537459E-1,-1.218605135831E-1,
-3.732595119111E-2));
#3947=CARTESIAN_POINT('',(1.808890248605E-1,-1.247725819551E-1,
2.598104198866E-2));
#3948=CARTESIAN_POINT('',(1.786673959750E-1,-9.683369869696E-2,
8.286400961630E-2));
#3949=CARTESIAN_POINT('',(1.764457670896E-1,-4.495194012387E-2,
1.192583365722E-1));
#3950=CARTESIAN_POINT('',(1.742241382042E-1,1.804450640970E-2,
1.261647543541E-1));
#3951=CARTESIAN_POINT('',(1.720025093187E-1,7.657943360691E-2,
1.018773947674E-1));
#3952=CARTESIAN_POINT('',(1.697808804333E-1,1.161790900560E-1,
5.239472299945E-2));
#3953=CARTESIAN_POINT('',(1.682997945096E-1,1.234291176979E-1,
1.078285683934E-2));
#3954=CARTESIAN_POINT('',(1.675592515478E-1,1.218172972322E-1,
-9.622402309077E-3));
#3955=CARTESIAN_POINT('',(2.002102684153E-1,-1.257546427854E-2,
1.165056556256E-1));
#3956=CARTESIAN_POINT('',(1.994697254535E-1,6.940022904269E-3,
1.186121311493E-1));
#3957=CARTESIAN_POINT('',(1.979886395299E-1,4.702732218306E-2,
1.128074225069E-1));
#3958=CARTESIAN_POINT('',(1.957670106444E-1,9.554945655191E-2,
7.620997637357E-2));
#3959=CARTESIAN_POINT('',(1.935453817590E-1,1.204412129348E-1,
2.076851869213E-2));
#3960=CARTESIAN_POINT('',(1.913237528735E-1,1.155543856358E-1,
-3.980795989120E-2));
#3961=CARTESIAN_POINT('',(1.891021239881E-1,8.209554021196E-2,
-9.054167856233E-2));
#3962=CARTESIAN_POINT('',(1.868804951026E-1,2.833807490220E-2,
-1.188883072658E-1));
#3963=CARTESIAN_POINT('',(1.846588662172E-1,-3.242621675606E-2,
-1.178389443060E-1));
#3964=CARTESIAN_POINT('',(1.824372373317E-1,-8.517288879650E-2,
-8.765303959860E-2));
#3965=CARTESIAN_POINT('',(1.802156084463E-1,-1.168599453581E-1,
-3.579427403001E-2));
#3966=CARTESIAN_POINT('',(1.779939795609E-1,-1.196525164776E-1,
2.491490522950E-2));
#3967=CARTESIAN_POINT('',(1.757723506754E-1,-9.286011034930E-2,
7.946366998782E-2));
#3968=CARTESIAN_POINT('',(1.735507217900E-1,-4.310732912703E-2,
1.143645491517E-1));
#3969=CARTESIAN_POINT('',(1.713290929045E-1,1.730404682411E-2,
1.209875608302E-1));
#3970=CARTESIAN_POINT('',(1.691074640191E-1,7.343698269214E-2,
9.769683743882E-2));
#3971=CARTESIAN_POINT('',(1.668858351336E-1,1.114116600734E-1,
5.024469606057E-2));
#3972=CARTESIAN_POINT('',(1.654047492100E-1,1.183641815192E-1,
1.034038035783E-2));
#3973=CARTESIAN_POINT('',(1.646642062482E-1,1.168185023980E-1,
-9.227545289193E-3));
#3974=CARTESIAN_POINT('',(1.973152231157E-1,-1.203734604741E-2,
1.115202478559E-1));
#3975=CARTESIAN_POINT('',(1.965746801539E-1,6.643051534741E-3,
1.135365849276E-1));
#3976=CARTESIAN_POINT('',(1.950935942302E-1,4.501497028357E-2,
1.079802662833E-1));
#3977=CARTESIAN_POINT('',(1.928719653448E-1,9.146078806173E-2,
7.294886594677E-2));
#3978=CARTESIAN_POINT('',(1.906503364593E-1,1.152873982506E-1,
1.987981046679E-2));
#3979=CARTESIAN_POINT('',(1.884287075739E-1,1.106096837767E-1,
-3.810453260717E-2));
#3980=CARTESIAN_POINT('',(1.862070786884E-1,7.858257990259E-2,
-8.666729851303E-2));
#3981=CARTESIAN_POINT('',(1.839854498030E-1,2.712545687060E-2,
-1.138009431582E-1));
#3982=CARTESIAN_POINT('',(1.817638209176E-1,-3.103866254601E-2,
-1.127964836172E-1));
#3983=CARTESIAN_POINT('',(1.795421920321E-1,-8.152824528719E-2,
-8.390226765276E-2));
#3984=CARTESIAN_POINT('',(1.773205631467E-1,-1.118593771331E-1,
-3.426259686892E-2));
#3985=CARTESIAN_POINT('',(1.750989342612E-1,-1.14532451E-1,2.384876847034E-2));
#3986=CARTESIAN_POINT('',(1.728773053758E-1,-8.888652200164E-2,
7.606333035934E-2));
#3987=CARTESIAN_POINT('',(1.706556764903E-1,-4.126271813019E-2,
1.094707617312E-1));
#3988=CARTESIAN_POINT('',(1.684340476049E-1,1.656358723851E-2,
1.158103673063E-1));
#3989=CARTESIAN_POINT('',(1.662124187194E-1,7.029453177737E-2,
9.351628011028E-2));
#3990=CARTESIAN_POINT('',(1.639907898340E-1,1.066442300909E-1,
4.809466912169E-2));
#3991=CARTESIAN_POINT('',(1.625097039104E-1,1.132992453405E-1,
9.897903876316E-3));
#3992=CARTESIAN_POINT('',(1.617691609486E-1,1.118197075638E-1,
-8.832688269309E-3));
#3993=CARTESIAN_POINT('',(1.944201778160E-1,-1.149922781628E-2,
1.065348400862E-1));
#3994=CARTESIAN_POINT('',(1.936796348542E-1,6.346080165214E-3,
1.084610387060E-1));
#3995=CARTESIAN_POINT('',(1.921985489306E-1,4.300261838408E-2,
1.031531100596E-1));
#3996=CARTESIAN_POINT('',(1.899769200451E-1,8.737211957155E-2,
6.968775551998E-2));
#3997=CARTESIAN_POINT('',(1.877552911597E-1,1.101335835664E-1,
1.899110224145E-2));
#3998=CARTESIAN_POINT('',(1.855336622742E-1,1.056649819176E-1,
-3.640110532313E-2));
#3999=CARTESIAN_POINT('',(1.833120333888E-1,7.506961959322E-2,
-8.279291846373E-2));
#4000=CARTESIAN_POINT('',(1.810904045034E-1,2.591283883899E-2,
-1.087135790505E-1));
#4001=CARTESIAN_POINT('',(1.788687756179E-1,-2.965110833596E-2,
-1.077540229284E-1));
#4002=CARTESIAN_POINT('',(1.766471467325E-1,-7.788360177788E-2,
-8.015149570692E-2));
#4003=CARTESIAN_POINT('',(1.744255178470E-1,-1.068588089081E-1,
-3.273091970783E-2));
#4004=CARTESIAN_POINT('',(1.722038889616E-1,-1.094123855224E-1,
2.278263171118E-2));
#4005=CARTESIAN_POINT('',(1.699822600761E-1,-8.491293365398E-2,
7.266299073086E-2));
#4006=CARTESIAN_POINT('',(1.677606311907E-1,-3.941810713335E-2,
1.045769743107E-1));
#4007=CARTESIAN_POINT('',(1.655390023052E-1,1.582312765292E-2,
1.106331737825E-1));
#4008=CARTESIAN_POINT('',(1.633173734198E-1,6.715208086260E-2,
8.933572278174E-2));
#4009=CARTESIAN_POINT('',(1.610957445344E-1,1.018768001083E-1,
4.594464218282E-2));
#4010=CARTESIAN_POINT('',(1.596146586107E-1,1.082343091618E-1,
9.455427394803E-3));
#4011=CARTESIAN_POINT('',(1.588741156489E-1,1.068209127295E-1,
-8.437831249425E-3));
#4012=B_SPLINE_SURFACE_WITH_KNOTS('',3,3,((#3936,#3937,#3938,#3939,#3940,#3941,
#3942,#3943,#3944,#3945,#3946,#3947,#3948,#3949,#3950,#3951,#3952,#3953,#3954),(
#3955,#3956,#3957,#3958,#3959,#3960,#3961,#3962,#3963,#3964,#3965,#3966,#3967,
#3968,#3969,#3970,#3971,#3972,#3973),(#3974,#3975,#3976,#3977,#3978,#3979,#3980,
#3981,#3982,#3983,#3984,#3985,#3986,#3987,#3988,#3989,#3990,#3991,#3992),(#3993,
#3994,#3995,#3996,#3997,#3998,#3999,#4000,#4001,#4002,#4003,#4004,#4005,#4006,
#4007,#4008,#4009,#4010,#4011)),.UNSPECIFIED.,.F.,.F.,.F.,(4,4),(4,1,1,1,1,1,1,
1,1,1,1,1,1,1,1,1,4),(1.867044812228E-1,1.019166563609E0),(5.776291389520E-1,
6.042886855774E-1,6.309482322028E-1,6.576077788282E-1,6.842673254535E-1,
7.109268720789E-1,7.375864187043E-1,7.642459653297E-1,7.909055119550E-1,
8.175650585804E-1,8.442246052058E-1,8.708841518312E-1,8.975436984565E-1,
9.242032450819E-1,9.508627917073E-1,9.775223383327E-1,1.004181884958E0),
.UNSPECIFIED.);
#4013=ORIENTED_EDGE('',*,*,#3906,.T.);
#4014=ORIENTED_EDGE('',*,*,#3927,.T.);
#4016=ORIENTED_EDGE('',*,*,#4015,.T.);
#4017=ORIENTED_EDGE('',*,*,#3919,.T.);
#4019=ORIENTED_EDGE('',*,*,#4018,.T.);
#4021=ORIENTED_EDGE('',*,*,#4020,.F.);
#4022=EDGE_LOOP('',(#4013,#4014,#4016,#4017,#4019,#4021));
#4023=FACE_OUTER_BOUND('',#4022,.F.);
#4024=ADVANCED_FACE('',(#4023),#4012,.F.);
#4025=CARTESIAN_POINT('',(1.889169059445E-1,0.E0,0.E0));
#4026=DIRECTION('',(-1.E0,0.E0,0.E0));
#4027=DIRECTION('',(0.E0,1.E0,0.E0));
#4028=AXIS2_PLACEMENT_3D('',#4025,#4026,#4027);
#4029=CONICAL_SURFACE('',#4028,1.128547475988E-1,4.5E1);
#4030=ORIENTED_EDGE('',*,*,#4015,.F.);
#4031=ORIENTED_EDGE('',*,*,#3925,.F.);
#4033=ORIENTED_EDGE('',*,*,#4032,.T.);
#4034=ORIENTED_EDGE('',*,*,#3921,.T.);
#4035=EDGE_LOOP('',(#4030,#4031,#4033,#4034));
#4036=FACE_OUTER_BOUND('',#4035,.F.);
#4037=ADVANCED_FACE('',(#4036),#4029,.T.);
#4038=CARTESIAN_POINT('',(-1.875984251969E-2,0.E0,0.E0));
#4039=DIRECTION('',(1.E0,0.E0,0.E0));
#4040=DIRECTION('',(0.E0,-1.E0,0.E0));
#4041=AXIS2_PLACEMENT_3D('',#4038,#4039,#4040);
#4042=CYLINDRICAL_SURFACE('',#4041,1.049212598425E-1);
#4043=ORIENTED_EDGE('',*,*,#4032,.F.);
#4045=ORIENTED_EDGE('',*,*,#4044,.F.);
#4047=ORIENTED_EDGE('',*,*,#4046,.F.);
#4049=ORIENTED_EDGE('',*,*,#4048,.T.);
#4050=EDGE_LOOP('',(#4043,#4045,#4047,#4049));
#4051=FACE_OUTER_BOUND('',#4050,.F.);
#4052=ADVANCED_FACE('',(#4051),#4042,.T.);
#4053=CARTESIAN_POINT('',(-1.875984251969E-2,0.E0,0.E0));
#4054=DIRECTION('',(1.E0,0.E0,0.E0));
#4055=DIRECTION('',(0.E0,-1.E0,0.E0));
#4056=AXIS2_PLACEMENT_3D('',#4053,#4054,#4055);
#4057=CYLINDRICAL_SURFACE('',#4056,1.049212598425E-1);
#4058=ORIENTED_EDGE('',*,*,#3923,.F.);
#4059=ORIENTED_EDGE('',*,*,#4048,.F.);
#4061=ORIENTED_EDGE('',*,*,#4060,.T.);
#4062=ORIENTED_EDGE('',*,*,#4044,.T.);
#4063=EDGE_LOOP('',(#4058,#4059,#4061,#4062));
#4064=FACE_OUTER_BOUND('',#4063,.F.);
#4065=ADVANCED_FACE('',(#4064),#4057,.T.);
#4066=CARTESIAN_POINT('',(3.101968503937E-1,0.E0,0.E0));
#4067=DIRECTION('',(1.E0,0.E0,0.E0));
#4068=DIRECTION('',(0.E0,-1.E0,0.E0));
#4069=AXIS2_PLACEMENT_3D('',#4066,#4067,#4068);
#4070=PLANE('',#4069);
#4072=ORIENTED_EDGE('',*,*,#4071,.T.);
#4074=ORIENTED_EDGE('',*,*,#4073,.F.);
#4076=ORIENTED_EDGE('',*,*,#4075,.T.);
#4078=ORIENTED_EDGE('',*,*,#4077,.F.);
#4079=EDGE_LOOP('',(#4072,#4074,#4076,#4078));
#4080=FACE_OUTER_BOUND('',#4079,.F.);
#4081=ORIENTED_EDGE('',*,*,#4060,.F.);
#4082=ORIENTED_EDGE('',*,*,#4046,.T.);
#4083=EDGE_LOOP('',(#4081,#4082));
#4084=FACE_BOUND('',#4083,.F.);
#4085=ADVANCED_FACE('',(#4080,#4084),#4070,.F.);
#4086=CARTESIAN_POINT('',(3.101968503937E-1,-1.09375E-1,5.735293693439E-2));
#4087=DIRECTION('',(0.E0,1.E0,0.E0));
#4088=DIRECTION('',(0.E0,0.E0,-1.E0));
#4089=AXIS2_PLACEMENT_3D('',#4086,#4087,#4088);
#4090=PLANE('',#4089);
#4092=ORIENTED_EDGE('',*,*,#4091,.T.);
#4094=ORIENTED_EDGE('',*,*,#4093,.F.);
#4095=ORIENTED_EDGE('',*,*,#4071,.F.);
#4097=ORIENTED_EDGE('',*,*,#4096,.T.);
#4098=EDGE_LOOP('',(#4092,#4094,#4095,#4097));
#4099=FACE_OUTER_BOUND('',#4098,.F.);
#4100=ADVANCED_FACE('',(#4099),#4090,.F.);
#4101=CARTESIAN_POINT('',(3.751968503937E-1,0.E0,0.E0));
#4102=DIRECTION('',(1.E0,0.E0,0.E0));
#4103=DIRECTION('',(0.E0,-1.E0,0.E0));
#4104=AXIS2_PLACEMENT_3D('',#4101,#4102,#4103);
#4105=PLANE('',#4104);
#4107=ORIENTED_EDGE('',*,*,#4106,.T.);
#4109=ORIENTED_EDGE('',*,*,#4108,.F.);
#4111=ORIENTED_EDGE('',*,*,#4110,.T.);
#4113=ORIENTED_EDGE('',*,*,#4112,.T.);
#4114=ORIENTED_EDGE('',*,*,#4091,.F.);
#4116=ORIENTED_EDGE('',*,*,#4115,.T.);
#4118=ORIENTED_EDGE('',*,*,#4117,.T.);
#4120=ORIENTED_EDGE('',*,*,#4119,.F.);
#4122=ORIENTED_EDGE('',*,*,#4121,.T.);
#4124=ORIENTED_EDGE('',*,*,#4123,.T.);
#4126=ORIENTED_EDGE('',*,*,#4125,.T.);
#4128=ORIENTED_EDGE('',*,*,#4127,.T.);
#4129=EDGE_LOOP('',(#4107,#4109,#4111,#4113,#4114,#4116,#4118,#4120,#4122,#4124,
#4126,#4128));
#4130=FACE_OUTER_BOUND('',#4129,.F.);
#4132=ORIENTED_EDGE('',*,*,#4131,.T.);
#4134=ORIENTED_EDGE('',*,*,#4133,.T.);
#4135=EDGE_LOOP('',(#4132,#4134));
#4136=FACE_BOUND('',#4135,.F.);
#4137=ADVANCED_FACE('',(#4130,#4136),#4105,.T.);
#4138=CARTESIAN_POINT('',(3.751968503937E-1,4.921259842520E-3,-2.5E-2));
#4139=DIRECTION('',(0.E0,1.E0,0.E0));
#4140=DIRECTION('',(0.E0,0.E0,-1.E0));
#4141=AXIS2_PLACEMENT_3D('',#4138,#4139,#4140);
#4142=PLANE('',#4141);
#4143=ORIENTED_EDGE('',*,*,#4106,.F.);
#4145=ORIENTED_EDGE('',*,*,#4144,.F.);
#4147=ORIENTED_EDGE('',*,*,#4146,.T.);
#4149=ORIENTED_EDGE('',*,*,#4148,.F.);
#4150=EDGE_LOOP('',(#4143,#4145,#4147,#4149));
#4151=FACE_OUTER_BOUND('',#4150,.F.);
#4152=ADVANCED_FACE('',(#4151),#4142,.T.);
#4153=CARTESIAN_POINT('',(3.101968503937E-1,0.E0,0.E0));
#4154=DIRECTION('',(-1.E0,0.E0,0.E0));
#4155=DIRECTION('',(0.E0,0.E0,-1.E0));
#4156=AXIS2_PLACEMENT_3D('',#4153,#4154,#4155);
#4157=CYLINDRICAL_SURFACE('',#4156,1.235E-1);
#4158=ORIENTED_EDGE('',*,*,#4127,.F.);
#4160=ORIENTED_EDGE('',*,*,#4159,.F.);
#4162=ORIENTED_EDGE('',*,*,#4161,.F.);
#4164=ORIENTED_EDGE('',*,*,#4163,.F.);
#4166=ORIENTED_EDGE('',*,*,#4165,.F.);
#4167=ORIENTED_EDGE('',*,*,#4073,.T.);
#4168=ORIENTED_EDGE('',*,*,#4093,.T.);
#4169=ORIENTED_EDGE('',*,*,#4112,.F.);
#4171=ORIENTED_EDGE('',*,*,#4170,.F.);
#4173=ORIENTED_EDGE('',*,*,#4172,.F.);
#4175=ORIENTED_EDGE('',*,*,#4174,.F.);
#4176=ORIENTED_EDGE('',*,*,#4144,.T.);
#4177=EDGE_LOOP('',(#4158,#4160,#4162,#4164,#4166,#4167,#4168,#4169,#4171,#4173,
#4175,#4176));
#4178=FACE_OUTER_BOUND('',#4177,.F.);
#4179=ADVANCED_FACE('',(#4178),#4157,.T.);
#4180=CARTESIAN_POINT('',(4.401968503937E-1,7.292125984252E-2,-1.25E-1));
#4181=DIRECTION('',(0.E0,-1.E0,0.E0));
#4182=DIRECTION('',(-1.E0,0.E0,0.E0));
#4183=AXIS2_PLACEMENT_3D('',#4180,#4181,#4182);
#4184=PLANE('',#4183);
#4185=ORIENTED_EDGE('',*,*,#4125,.F.);
#4187=ORIENTED_EDGE('',*,*,#4186,.F.);
#4189=ORIENTED_EDGE('',*,*,#4188,.F.);
#4190=ORIENTED_EDGE('',*,*,#4159,.T.);
#4191=EDGE_LOOP('',(#4185,#4187,#4189,#4190));
#4192=FACE_OUTER_BOUND('',#4191,.F.);
#4193=ADVANCED_FACE('',(#4192),#4184,.T.);
#4194=CARTESIAN_POINT('',(3.101968503937E-1,0.E0,0.E0));
#4195=DIRECTION('',(-1.E0,0.E0,0.E0));
#4196=DIRECTION('',(0.E0,0.E0,-1.E0));
#4197=AXIS2_PLACEMENT_3D('',#4194,#4195,#4196);
#4198=CYLINDRICAL_SURFACE('',#4197,1.235E-1);
#4199=ORIENTED_EDGE('',*,*,#4115,.F.);
#4200=ORIENTED_EDGE('',*,*,#4096,.F.);
#4201=ORIENTED_EDGE('',*,*,#4077,.T.);
#4203=ORIENTED_EDGE('',*,*,#4202,.T.);
#4205=ORIENTED_EDGE('',*,*,#4204,.F.);
#4207=ORIENTED_EDGE('',*,*,#4206,.F.);
#4208=ORIENTED_EDGE('',*,*,#4186,.T.);
#4209=ORIENTED_EDGE('',*,*,#4123,.F.);
#4211=ORIENTED_EDGE('',*,*,#4210,.F.);
#4213=ORIENTED_EDGE('',*,*,#4212,.F.);
#4215=ORIENTED_EDGE('',*,*,#4214,.F.);
#4217=ORIENTED_EDGE('',*,*,#4216,.T.);
#4218=EDGE_LOOP('',(#4199,#4200,#4201,#4203,#4205,#4207,#4208,#4209,#4211,#4213,
#4215,#4217));
#4219=FACE_OUTER_BOUND('',#4218,.F.);
#4220=ADVANCED_FACE('',(#4219),#4198,.T.);
#4221=CARTESIAN_POINT('',(3.101968503937E-1,1.09375E-1,-5.735293693439E-2));
#4222=DIRECTION('',(0.E0,-1.E0,0.E0));
#4223=DIRECTION('',(0.E0,0.E0,1.E0));
#4224=AXIS2_PLACEMENT_3D('',#4221,#4222,#4223);
#4225=PLANE('',#4224);
#4226=ORIENTED_EDGE('',*,*,#4075,.F.);
#4227=ORIENTED_EDGE('',*,*,#4165,.T.);
#4229=ORIENTED_EDGE('',*,*,#4228,.T.);
#4230=ORIENTED_EDGE('',*,*,#4202,.F.);
#4231=EDGE_LOOP('',(#4226,#4227,#4229,#4230));
#4232=FACE_OUTER_BOUND('',#4231,.F.);
#4233=ADVANCED_FACE('',(#4232),#4225,.F.);
#4234=CARTESIAN_POINT('',(4.401968503937E-1,1.25E-1,-1.25E-1));
#4235=DIRECTION('',(1.E0,0.E0,0.E0));
#4236=DIRECTION('',(0.E0,-1.E0,0.E0));
#4237=AXIS2_PLACEMENT_3D('',#4234,#4235,#4236);
#4238=PLANE('',#4237);
#4240=ORIENTED_EDGE('',*,*,#4239,.T.);
#4241=ORIENTED_EDGE('',*,*,#4204,.T.);
#4242=ORIENTED_EDGE('',*,*,#4228,.F.);
#4243=ORIENTED_EDGE('',*,*,#4163,.T.);
#4244=EDGE_LOOP('',(#4240,#4241,#4242,#4243));
#4245=FACE_OUTER_BOUND('',#4244,.F.);
#4246=ADVANCED_FACE('',(#4245),#4238,.T.);
#4247=CARTESIAN_POINT('',(4.352755905512E-1,7.784251968504E-2,0.E0));
#4248=DIRECTION('',(7.071067811866E-1,-7.071067811865E-1,0.E0));
#4249=DIRECTION('',(7.071067811865E-1,7.071067811866E-1,0.E0));
#4250=AXIS2_PLACEMENT_3D('',#4247,#4248,#4249);
#4251=PLANE('',#4250);
#4252=ORIENTED_EDGE('',*,*,#4239,.F.);
#4253=ORIENTED_EDGE('',*,*,#4161,.T.);
#4254=ORIENTED_EDGE('',*,*,#4188,.T.);
#4255=ORIENTED_EDGE('',*,*,#4206,.T.);
#4256=EDGE_LOOP('',(#4252,#4253,#4254,#4255));
#4257=FACE_OUTER_BOUND('',#4256,.F.);
#4258=ADVANCED_FACE('',(#4257),#4251,.T.);
#4259=CARTESIAN_POINT('',(3.751968503937E-1,4.921259842520E-3,1.25E-1));
#4260=DIRECTION('',(0.E0,1.E0,0.E0));
#4261=DIRECTION('',(0.E0,0.E0,-1.E0));
#4262=AXIS2_PLACEMENT_3D('',#4259,#4260,#4261);
#4263=PLANE('',#4262);
#4264=ORIENTED_EDGE('',*,*,#4121,.F.);
#4266=ORIENTED_EDGE('',*,*,#4265,.T.);
#4268=ORIENTED_EDGE('',*,*,#4267,.T.);
#4269=ORIENTED_EDGE('',*,*,#4210,.T.);
#4270=EDGE_LOOP('',(#4264,#4266,#4268,#4269));
#4271=FACE_OUTER_BOUND('',#4270,.F.);
#4272=ADVANCED_FACE('',(#4271),#4263,.T.);
#4273=CARTESIAN_POINT('',(3.751968503937E-1,4.921259842520E-3,2.5E-2));
#4274=DIRECTION('',(0.E0,0.E0,-1.E0));
#4275=DIRECTION('',(0.E0,-1.E0,0.E0));
#4276=AXIS2_PLACEMENT_3D('',#4273,#4274,#4275);
#4277=PLANE('',#4276);
#4279=ORIENTED_EDGE('',*,*,#4278,.F.);
#4280=ORIENTED_EDGE('',*,*,#4265,.F.);
#4281=ORIENTED_EDGE('',*,*,#4119,.T.);
#4283=ORIENTED_EDGE('',*,*,#4282,.T.);
#4285=ORIENTED_EDGE('',*,*,#4284,.F.);
#4286=EDGE_LOOP('',(#4279,#4280,#4281,#4283,#4285));
#4287=FACE_OUTER_BOUND('',#4286,.F.);
#4288=ADVANCED_FACE('',(#4287),#4277,.T.);
#4289=CARTESIAN_POINT('',(5.494094488189E-1,0.E0,7.5E-2));
#4290=DIRECTION('',(7.071067811865E-1,7.071067811865E-1,0.E0));
#4291=DIRECTION('',(-7.071067811865E-1,7.071067811865E-1,0.E0));
#4292=AXIS2_PLACEMENT_3D('',#4289,#4290,#4291);
#4293=PLANE('',#4292);
#4294=ORIENTED_EDGE('',*,*,#4267,.F.);
#4295=ORIENTED_EDGE('',*,*,#4278,.T.);
#4297=ORIENTED_EDGE('',*,*,#4296,.T.);
#4298=ORIENTED_EDGE('',*,*,#4212,.T.);
#4299=EDGE_LOOP('',(#4294,#4295,#4297,#4298));
#4300=FACE_OUTER_BOUND('',#4299,.F.);
#4301=ADVANCED_FACE('',(#4300),#4293,.T.);
#4302=CARTESIAN_POINT('',(5.543307086614E-1,0.E0,0.E0));
#4303=DIRECTION('',(-1.E0,0.E0,0.E0));
#4304=DIRECTION('',(0.E0,0.E0,-1.E0));
#4305=AXIS2_PLACEMENT_3D('',#4302,#4303,#4304);
#4306=PLANE('',#4305);
#4308=ORIENTED_EDGE('',*,*,#4307,.T.);
#4309=ORIENTED_EDGE('',*,*,#4214,.T.);
#4310=ORIENTED_EDGE('',*,*,#4296,.F.);
#4311=ORIENTED_EDGE('',*,*,#4284,.T.);
#4312=EDGE_LOOP('',(#4308,#4309,#4310,#4311));
#4313=FACE_OUTER_BOUND('',#4312,.F.);
#4314=ADVANCED_FACE('',(#4313),#4306,.F.);
#4315=CARTESIAN_POINT('',(3.751968503937E-1,-2.696850393701E-2,2.5E-2));
#4316=DIRECTION('',(0.E0,-1.E0,0.E0));
#4317=DIRECTION('',(0.E0,0.E0,1.E0));
#4318=AXIS2_PLACEMENT_3D('',#4315,#4316,#4317);
#4319=PLANE('',#4318);
#4320=ORIENTED_EDGE('',*,*,#4307,.F.);
#4321=ORIENTED_EDGE('',*,*,#4282,.F.);
#4322=ORIENTED_EDGE('',*,*,#4117,.F.);
#4323=ORIENTED_EDGE('',*,*,#4216,.F.);
#4324=EDGE_LOOP('',(#4320,#4321,#4322,#4323));
#4325=FACE_OUTER_BOUND('',#4324,.F.);
#4326=ADVANCED_FACE('',(#4325),#4319,.T.);
#4327=CARTESIAN_POINT('',(3.751968503937E-1,-2.696850393701E-2,-1.25E-1));
#4328=DIRECTION('',(0.E0,-1.E0,0.E0));
#4329=DIRECTION('',(0.E0,0.E0,1.E0));
#4330=AXIS2_PLACEMENT_3D('',#4327,#4328,#4329);
#4331=PLANE('',#4330);
#4333=ORIENTED_EDGE('',*,*,#4332,.F.);
#4334=ORIENTED_EDGE('',*,*,#4170,.T.);
#4335=ORIENTED_EDGE('',*,*,#4110,.F.);
#4337=ORIENTED_EDGE('',*,*,#4336,.T.);
#4338=EDGE_LOOP('',(#4333,#4334,#4335,#4337));
#4339=FACE_OUTER_BOUND('',#4338,.F.);
#4340=ADVANCED_FACE('',(#4339),#4331,.T.);
#4341=CARTESIAN_POINT('',(5.543307086614E-1,0.E0,0.E0));
#4342=DIRECTION('',(-1.E0,0.E0,0.E0));
#4343=DIRECTION('',(0.E0,0.E0,-1.E0));
#4344=AXIS2_PLACEMENT_3D('',#4341,#4342,#4343);
#4345=PLANE('',#4344);
#4346=ORIENTED_EDGE('',*,*,#4332,.T.);
#4348=ORIENTED_EDGE('',*,*,#4347,.T.);
#4350=ORIENTED_EDGE('',*,*,#4349,.F.);
#4351=ORIENTED_EDGE('',*,*,#4172,.T.);
#4352=EDGE_LOOP('',(#4346,#4348,#4350,#4351));
#4353=FACE_OUTER_BOUND('',#4352,.F.);
#4354=ADVANCED_FACE('',(#4353),#4345,.F.);
#4355=CARTESIAN_POINT('',(3.751968503937E-1,-2.696850393701E-2,-2.5E-2));
#4356=DIRECTION('',(0.E0,0.E0,1.E0));
#4357=DIRECTION('',(0.E0,1.E0,0.E0));
#4358=AXIS2_PLACEMENT_3D('',#4355,#4356,#4357);
#4359=PLANE('',#4358);
#4361=ORIENTED_EDGE('',*,*,#4360,.F.);
#4362=ORIENTED_EDGE('',*,*,#4347,.F.);
#4363=ORIENTED_EDGE('',*,*,#4336,.F.);
#4364=ORIENTED_EDGE('',*,*,#4108,.T.);
#4365=ORIENTED_EDGE('',*,*,#4148,.T.);
#4366=EDGE_LOOP('',(#4361,#4362,#4363,#4364,#4365));
#4367=FACE_OUTER_BOUND('',#4366,.F.);
#4368=ADVANCED_FACE('',(#4367),#4359,.T.);
#4369=CARTESIAN_POINT('',(5.494094488189E-1,0.E0,-7.5E-2));
#4370=DIRECTION('',(7.071067811865E-1,7.071067811865E-1,0.E0));
#4371=DIRECTION('',(-7.071067811865E-1,7.071067811865E-1,0.E0));
#4372=AXIS2_PLACEMENT_3D('',#4369,#4370,#4371);
#4373=PLANE('',#4372);
#4374=ORIENTED_EDGE('',*,*,#4146,.F.);
#4375=ORIENTED_EDGE('',*,*,#4174,.T.);
#4376=ORIENTED_EDGE('',*,*,#4349,.T.);
#4377=ORIENTED_EDGE('',*,*,#4360,.T.);
#4378=EDGE_LOOP('',(#4374,#4375,#4376,#4377));
#4379=FACE_OUTER_BOUND('',#4378,.F.);
#4380=ADVANCED_FACE('',(#4379),#4373,.T.);
#4381=CARTESIAN_POINT('',(3.084015748031E-1,0.E0,0.E0));
#4382=DIRECTION('',(1.E0,0.E0,0.E0));
#4383=DIRECTION('',(0.E0,-1.E0,0.E0));
#4384=AXIS2_PLACEMENT_3D('',#4381,#4382,#4383);
#4385=CYLINDRICAL_SURFACE('',#4384,4.921259842520E-3);
#4386=ORIENTED_EDGE('',*,*,#4131,.F.);
#4388=ORIENTED_EDGE('',*,*,#4387,.F.);
#4390=ORIENTED_EDGE('',*,*,#4389,.T.);
#4392=ORIENTED_EDGE('',*,*,#4391,.T.);
#4393=EDGE_LOOP('',(#4386,#4388,#4390,#4392));
#4394=FACE_OUTER_BOUND('',#4393,.F.);
#4395=ADVANCED_FACE('',(#4394),#4385,.T.);
#4396=CARTESIAN_POINT('',(3.084015748031E-1,0.E0,0.E0));
#4397=DIRECTION('',(1.E0,0.E0,0.E0));
#4398=DIRECTION('',(0.E0,-1.E0,0.E0));
#4399=AXIS2_PLACEMENT_3D('',#4396,#4397,#4398);
#4400=CYLINDRICAL_SURFACE('',#4399,4.921259842520E-3);
#4401=ORIENTED_EDGE('',*,*,#4133,.F.);
#4402=ORIENTED_EDGE('',*,*,#4391,.F.);
#4404=ORIENTED_EDGE('',*,*,#4403,.T.);
#4405=ORIENTED_EDGE('',*,*,#4387,.T.);
#4406=EDGE_LOOP('',(#4401,#4402,#4404,#4405));
#4407=FACE_OUTER_BOUND('',#4406,.F.);
#4408=ADVANCED_FACE('',(#4407),#4400,.T.);
#4409=CARTESIAN_POINT('',(4.002125984252E-1,0.E0,0.E0));
#4410=DIRECTION('',(1.E0,0.E0,0.E0));
#4411=DIRECTION('',(0.E0,1.E0,-5.801062523120E-9));
#4412=AXIS2_PLACEMENT_3D('',#4409,#4410,#4411);
#4413=SPHERICAL_SURFACE('',#4412,4.921259842520E-3);
#4414=ORIENTED_EDGE('',*,*,#4403,.F.);
#4416=ORIENTED_EDGE('',*,*,#4415,.F.);
#4418=ORIENTED_EDGE('',*,*,#4417,.T.);
#4419=EDGE_LOOP('',(#4414,#4416,#4418));
#4420=FACE_OUTER_BOUND('',#4419,.F.);
#4421=ADVANCED_FACE('',(#4420),#4413,.T.);
#4422=CARTESIAN_POINT('',(4.002125984252E-1,0.E0,0.E0));
#4423=DIRECTION('',(1.E0,0.E0,0.E0));
#4424=DIRECTION('',(0.E0,-1.E0,5.801062686188E-9));
#4425=AXIS2_PLACEMENT_3D('',#4422,#4423,#4424);
#4426=SPHERICAL_SURFACE('',#4425,4.921259842520E-3);
#4427=ORIENTED_EDGE('',*,*,#4389,.F.);
#4428=ORIENTED_EDGE('',*,*,#4417,.F.);
#4429=ORIENTED_EDGE('',*,*,#4415,.T.);
#4430=EDGE_LOOP('',(#4427,#4428,#4429));
#4431=FACE_OUTER_BOUND('',#4430,.F.);
#4432=ADVANCED_FACE('',(#4431),#4426,.T.);
#4433=CARTESIAN_POINT('',(2.001893674415E-1,-1.028871691666E-1,
3.115253474249E-2));
#4434=CARTESIAN_POINT('',(1.997647160406E-1,-9.989484897674E-2,
4.103524111357E-2));
#4435=CARTESIAN_POINT('',(1.989154132387E-1,-9.104303403680E-2,
5.993107495860E-2));
#4436=CARTESIAN_POINT('',(1.976414590360E-1,-7.025721786582E-2,
8.333371780157E-2));
#4437=CARTESIAN_POINT('',(1.963675048333E-1,-4.367779304467E-2,
9.986404497329E-2));
#4438=CARTESIAN_POINT('',(1.950935506306E-1,-1.349649791925E-2,
1.081592555240E-1));
#4439=CARTESIAN_POINT('',(1.938195964279E-1,1.779776733723E-2,
1.075351969559E-1));
#4440=CARTESIAN_POINT('',(1.925456422252E-1,4.762435904059E-2,
9.804335677883E-2));
#4441=CARTESIAN_POINT('',(1.912716880224E-1,7.352365369498E-2,
8.046646306155E-2));
#4442=CARTESIAN_POINT('',(1.899977338197E-1,9.335989092015E-2,
5.625397881708E-2));
#4443=CARTESIAN_POINT('',(1.887237796170E-1,1.054972935641E-1,
2.740256253154E-2));
#4444=CARTESIAN_POINT('',(1.874498254143E-1,1.089349614732E-1,
-3.708581276645E-3));
#4445=CARTESIAN_POINT('',(1.861758712116E-1,1.033894096592E-1,
-3.451390157135E-2));
#4446=CARTESIAN_POINT('',(1.849019170089E-1,8.931794585619E-2,
-6.247306625032E-2));
#4447=CARTESIAN_POINT('',(1.836279628061E-1,6.788095925443E-2,
-8.528044828052E-2));
#4448=CARTESIAN_POINT('',(1.823540086034E-1,4.084623030867E-2,
-1.010552571097E-1));
#4449=CARTESIAN_POINT('',(1.810800544007E-1,1.044315256565E-2,
-1.084966364379E-1));
#4450=CARTESIAN_POINT('',(1.798061001980E-1,-2.082111205328E-2,
-1.069909383210E-1));
#4451=CARTESIAN_POINT('',(1.785321459953E-1,-5.036838395979E-2,
-9.666232733327E-2));
#4452=CARTESIAN_POINT('',(1.772581917926E-1,-7.576207311075E-2,
-7.836254173150E-2));
#4453=CARTESIAN_POINT('',(1.759842375898E-1,-9.490811027670E-2,
-5.360065591959E-2));
#4454=CARTESIAN_POINT('',(1.747102833871E-1,-1.062276327510E-1,
-2.441863624849E-2));
#4455=CARTESIAN_POINT('',(1.734363291844E-1,-1.087871841142E-1,
6.777047708744E-3));
#4456=CARTESIAN_POINT('',(1.721623749817E-1,-1.023756912182E-1,
3.741387042266E-2));
#4457=CARTESIAN_POINT('',(1.708884207790E-1,-8.752187051614E-2,
6.496539143654E-2));
#4458=CARTESIAN_POINT('',(1.696144665763E-1,-6.545062828447E-2,
8.715959624396E-2));
#4459=CARTESIAN_POINT('',(1.683405123736E-1,-3.798205013707E-2,
1.021662560091E-1));
#4460=CARTESIAN_POINT('',(1.670665581708E-1,-7.381309404878E-3,
1.087478569791E-1));
#4461=CARTESIAN_POINT('',(1.657926039681E-1,2.382812803684E-2,
1.063616483454E-1));
#4462=CARTESIAN_POINT('',(1.645186497654E-1,5.307260029249E-2,
9.520441167342E-2));
#4463=CARTESIAN_POINT('',(1.632446955627E-1,7.794048058821E-2,
7.619619108594E-2));
#4464=CARTESIAN_POINT('',(1.619707413600E-1,9.638106486945E-2,
5.090458290327E-2));
#4465=CARTESIAN_POINT('',(1.606967871573E-1,1.068736277582E-1,
2.141486860878E-2));
#4466=CARTESIAN_POINT('',(1.598474843555E-1,1.079932294888E-1,
5.784770309833E-4));
#4467=CARTESIAN_POINT('',(1.594228329545E-1,1.070610099136E-1,
-9.705161321599E-3));
#4468=CARTESIAN_POINT('',(1.982167092075E-1,-1.028871691666E-1,
3.115253474249E-2));
#4469=CARTESIAN_POINT('',(1.977920578066E-1,-9.989484897674E-2,
4.103524111357E-2));
#4470=CARTESIAN_POINT('',(1.969427550048E-1,-9.104303403680E-2,
5.993107495860E-2));
#4471=CARTESIAN_POINT('',(1.956688008021E-1,-7.025721786582E-2,
8.333371780157E-2));
#4472=CARTESIAN_POINT('',(1.943948465994E-1,-4.367779304467E-2,
9.986404497329E-2));
#4473=CARTESIAN_POINT('',(1.931208923967E-1,-1.349649791925E-2,
1.081592555240E-1));
#4474=CARTESIAN_POINT('',(1.918469381939E-1,1.779776733723E-2,
1.075351969559E-1));
#4475=CARTESIAN_POINT('',(1.905729839912E-1,4.762435904059E-2,
9.804335677883E-2));
#4476=CARTESIAN_POINT('',(1.892990297885E-1,7.352365369498E-2,
8.046646306155E-2));
#4477=CARTESIAN_POINT('',(1.880250755858E-1,9.335989092015E-2,
5.625397881708E-2));
#4478=CARTESIAN_POINT('',(1.867511213831E-1,1.054972935641E-1,
2.740256253154E-2));
#4479=CARTESIAN_POINT('',(1.854771671804E-1,1.089349614732E-1,
-3.708581276645E-3));
#4480=CARTESIAN_POINT('',(1.842032129776E-1,1.033894096592E-1,
-3.451390157135E-2));
#4481=CARTESIAN_POINT('',(1.829292587749E-1,8.931794585619E-2,
-6.247306625032E-2));
#4482=CARTESIAN_POINT('',(1.816553045722E-1,6.788095925443E-2,
-8.528044828052E-2));
#4483=CARTESIAN_POINT('',(1.803813503695E-1,4.084623030867E-2,
-1.010552571097E-1));
#4484=CARTESIAN_POINT('',(1.791073961668E-1,1.044315256565E-2,
-1.084966364379E-1));
#4485=CARTESIAN_POINT('',(1.778334419641E-1,-2.082111205328E-2,
-1.069909383210E-1));
#4486=CARTESIAN_POINT('',(1.765594877614E-1,-5.036838395979E-2,
-9.666232733327E-2));
#4487=CARTESIAN_POINT('',(1.752855335586E-1,-7.576207311075E-2,
-7.836254173150E-2));
#4488=CARTESIAN_POINT('',(1.740115793559E-1,-9.490811027670E-2,
-5.360065591959E-2));
#4489=CARTESIAN_POINT('',(1.727376251532E-1,-1.062276327510E-1,
-2.441863624849E-2));
#4490=CARTESIAN_POINT('',(1.714636709505E-1,-1.087871841142E-1,
6.777047708744E-3));
#4491=CARTESIAN_POINT('',(1.701897167478E-1,-1.023756912182E-1,
3.741387042266E-2));
#4492=CARTESIAN_POINT('',(1.689157625451E-1,-8.752187051614E-2,
6.496539143654E-2));
#4493=CARTESIAN_POINT('',(1.676418083423E-1,-6.545062828447E-2,
8.715959624396E-2));
#4494=CARTESIAN_POINT('',(1.663678541396E-1,-3.798205013707E-2,
1.021662560091E-1));
#4495=CARTESIAN_POINT('',(1.650938999369E-1,-7.381309404878E-3,
1.087478569791E-1));
#4496=CARTESIAN_POINT('',(1.638199457342E-1,2.382812803684E-2,
1.063616483454E-1));
#4497=CARTESIAN_POINT('',(1.625459915315E-1,5.307260029249E-2,
9.520441167342E-2));
#4498=CARTESIAN_POINT('',(1.612720373288E-1,7.794048058821E-2,
7.619619108594E-2));
#4499=CARTESIAN_POINT('',(1.599980831260E-1,9.638106486945E-2,
5.090458290327E-2));
#4500=CARTESIAN_POINT('',(1.587241289233E-1,1.068736277582E-1,
2.141486860878E-2));
#4501=CARTESIAN_POINT('',(1.578748261215E-1,1.079932294888E-1,
5.784770309833E-4));
#4502=CARTESIAN_POINT('',(1.574501747206E-1,1.070610099136E-1,
-9.705161321599E-3));
#4503=CARTESIAN_POINT('',(1.962440509736E-1,-1.028871691666E-1,
3.115253474249E-2));
#4504=CARTESIAN_POINT('',(1.958193995727E-1,-9.989484897674E-2,
4.103524111357E-2));
#4505=CARTESIAN_POINT('',(1.949700967709E-1,-9.104303403680E-2,
5.993107495860E-2));
#4506=CARTESIAN_POINT('',(1.936961425682E-1,-7.025721786582E-2,
8.333371780157E-2));
#4507=CARTESIAN_POINT('',(1.924221883655E-1,-4.367779304467E-2,
9.986404497329E-2));
#4508=CARTESIAN_POINT('',(1.911482341627E-1,-1.349649791925E-2,
1.081592555240E-1));
#4509=CARTESIAN_POINT('',(1.898742799600E-1,1.779776733723E-2,
1.075351969559E-1));
#4510=CARTESIAN_POINT('',(1.886003257573E-1,4.762435904059E-2,
9.804335677883E-2));
#4511=CARTESIAN_POINT('',(1.873263715546E-1,7.352365369498E-2,
8.046646306155E-2));
#4512=CARTESIAN_POINT('',(1.860524173519E-1,9.335989092015E-2,
5.625397881708E-2));
#4513=CARTESIAN_POINT('',(1.847784631492E-1,1.054972935641E-1,
2.740256253154E-2));
#4514=CARTESIAN_POINT('',(1.835045089464E-1,1.089349614732E-1,
-3.708581276645E-3));
#4515=CARTESIAN_POINT('',(1.822305547437E-1,1.033894096592E-1,
-3.451390157135E-2));
#4516=CARTESIAN_POINT('',(1.809566005410E-1,8.931794585619E-2,
-6.247306625032E-2));
#4517=CARTESIAN_POINT('',(1.796826463383E-1,6.788095925443E-2,
-8.528044828052E-2));
#4518=CARTESIAN_POINT('',(1.784086921356E-1,4.084623030867E-2,
-1.010552571097E-1));
#4519=CARTESIAN_POINT('',(1.771347379329E-1,1.044315256565E-2,
-1.084966364379E-1));
#4520=CARTESIAN_POINT('',(1.758607837301E-1,-2.082111205328E-2,
-1.069909383210E-1));
#4521=CARTESIAN_POINT('',(1.745868295274E-1,-5.036838395979E-2,
-9.666232733327E-2));
#4522=CARTESIAN_POINT('',(1.733128753247E-1,-7.576207311075E-2,
-7.836254173150E-2));
#4523=CARTESIAN_POINT('',(1.720389211220E-1,-9.490811027670E-2,
-5.360065591959E-2));
#4524=CARTESIAN_POINT('',(1.707649669193E-1,-1.062276327510E-1,
-2.441863624849E-2));
#4525=CARTESIAN_POINT('',(1.694910127166E-1,-1.087871841142E-1,
6.777047708744E-3));
#4526=CARTESIAN_POINT('',(1.682170585138E-1,-1.023756912182E-1,
3.741387042266E-2));
#4527=CARTESIAN_POINT('',(1.669431043111E-1,-8.752187051614E-2,
6.496539143654E-2));
#4528=CARTESIAN_POINT('',(1.656691501084E-1,-6.545062828447E-2,
8.715959624397E-2));
#4529=CARTESIAN_POINT('',(1.643951959057E-1,-3.798205013707E-2,
1.021662560091E-1));
#4530=CARTESIAN_POINT('',(1.631212417030E-1,-7.381309404878E-3,
1.087478569791E-1));
#4531=CARTESIAN_POINT('',(1.618472875003E-1,2.382812803684E-2,
1.063616483454E-1));
#4532=CARTESIAN_POINT('',(1.605733332976E-1,5.307260029249E-2,
9.520441167342E-2));
#4533=CARTESIAN_POINT('',(1.592993790948E-1,7.794048058821E-2,
7.619619108594E-2));
#4534=CARTESIAN_POINT('',(1.580254248921E-1,9.638106486945E-2,
5.090458290327E-2));
#4535=CARTESIAN_POINT('',(1.567514706894E-1,1.068736277582E-1,
2.141486860878E-2));
#4536=CARTESIAN_POINT('',(1.559021678876E-1,1.079932294888E-1,
5.784770309833E-4));
#4537=CARTESIAN_POINT('',(1.554775164867E-1,1.070610099136E-1,
-9.705161321599E-3));
#4538=CARTESIAN_POINT('',(1.942713927397E-1,-1.028871691666E-1,
3.115253474249E-2));
#4539=CARTESIAN_POINT('',(1.938467413388E-1,-9.989484897674E-2,
4.103524111357E-2));
#4540=CARTESIAN_POINT('',(1.929974385370E-1,-9.104303403680E-2,
5.993107495860E-2));
#4541=CARTESIAN_POINT('',(1.917234843342E-1,-7.025721786582E-2,
8.333371780157E-2));
#4542=CARTESIAN_POINT('',(1.904495301315E-1,-4.367779304467E-2,
9.986404497329E-2));
#4543=CARTESIAN_POINT('',(1.891755759288E-1,-1.349649791925E-2,
1.081592555240E-1));
#4544=CARTESIAN_POINT('',(1.879016217261E-1,1.779776733723E-2,
1.075351969559E-1));
#4545=CARTESIAN_POINT('',(1.866276675234E-1,4.762435904059E-2,
9.804335677883E-2));
#4546=CARTESIAN_POINT('',(1.853537133207E-1,7.352365369498E-2,
8.046646306155E-2));
#4547=CARTESIAN_POINT('',(1.840797591179E-1,9.335989092015E-2,
5.625397881708E-2));
#4548=CARTESIAN_POINT('',(1.828058049152E-1,1.054972935641E-1,
2.740256253154E-2));
#4549=CARTESIAN_POINT('',(1.815318507125E-1,1.089349614732E-1,
-3.708581276645E-3));
#4550=CARTESIAN_POINT('',(1.802578965098E-1,1.033894096592E-1,
-3.451390157135E-2));
#4551=CARTESIAN_POINT('',(1.789839423071E-1,8.931794585619E-2,
-6.247306625032E-2));
#4552=CARTESIAN_POINT('',(1.777099881044E-1,6.788095925443E-2,
-8.528044828052E-2));
#4553=CARTESIAN_POINT('',(1.764360339016E-1,4.084623030867E-2,
-1.010552571097E-1));
#4554=CARTESIAN_POINT('',(1.751620796989E-1,1.044315256565E-2,
-1.084966364379E-1));
#4555=CARTESIAN_POINT('',(1.738881254962E-1,-2.082111205328E-2,
-1.069909383210E-1));
#4556=CARTESIAN_POINT('',(1.726141712935E-1,-5.036838395979E-2,
-9.666232733327E-2));
#4557=CARTESIAN_POINT('',(1.713402170908E-1,-7.576207311075E-2,
-7.836254173150E-2));
#4558=CARTESIAN_POINT('',(1.700662628881E-1,-9.490811027670E-2,
-5.360065591959E-2));
#4559=CARTESIAN_POINT('',(1.687923086853E-1,-1.062276327510E-1,
-2.441863624849E-2));
#4560=CARTESIAN_POINT('',(1.675183544826E-1,-1.087871841142E-1,
6.777047708744E-3));
#4561=CARTESIAN_POINT('',(1.662444002799E-1,-1.023756912182E-1,
3.741387042266E-2));
#4562=CARTESIAN_POINT('',(1.649704460772E-1,-8.752187051614E-2,
6.496539143654E-2));
#4563=CARTESIAN_POINT('',(1.636964918745E-1,-6.545062828447E-2,
8.715959624397E-2));
#4564=CARTESIAN_POINT('',(1.624225376718E-1,-3.798205013707E-2,
1.021662560091E-1));
#4565=CARTESIAN_POINT('',(1.611485834691E-1,-7.381309404878E-3,
1.087478569791E-1));
#4566=CARTESIAN_POINT('',(1.598746292663E-1,2.382812803684E-2,
1.063616483454E-1));
#4567=CARTESIAN_POINT('',(1.586006750636E-1,5.307260029249E-2,
9.520441167342E-2));
#4568=CARTESIAN_POINT('',(1.573267208609E-1,7.794048058821E-2,
7.619619108594E-2));
#4569=CARTESIAN_POINT('',(1.560527666582E-1,9.638106486945E-2,
5.090458290327E-2));
#4570=CARTESIAN_POINT('',(1.547788124555E-1,1.068736277582E-1,
2.141486860878E-2));
#4571=CARTESIAN_POINT('',(1.539295096537E-1,1.079932294888E-1,
5.784770309833E-4));
#4572=CARTESIAN_POINT('',(1.535048582528E-1,1.070610099136E-1,
-9.705161321599E-3));
#4573=B_SPLINE_SURFACE_WITH_KNOTS('',3,3,((#4433,#4434,#4435,#4436,#4437,#4438,
#4439,#4440,#4441,#4442,#4443,#4444,#4445,#4446,#4447,#4448,#4449,#4450,#4451,
#4452,#4453,#4454,#4455,#4456,#4457,#4458,#4459,#4460,#4461,#4462,#4463,#4464,
#4465,#4466,#4467),(#4468,#4469,#4470,#4471,#4472,#4473,#4474,#4475,#4476,#4477,
#4478,#4479,#4480,#4481,#4482,#4483,#4484,#4485,#4486,#4487,#4488,#4489,#4490,
#4491,#4492,#4493,#4494,#4495,#4496,#4497,#4498,#4499,#4500,#4501,#4502),(#4503,
#4504,#4505,#4506,#4507,#4508,#4509,#4510,#4511,#4512,#4513,#4514,#4515,#4516,
#4517,#4518,#4519,#4520,#4521,#4522,#4523,#4524,#4525,#4526,#4527,#4528,#4529,
#4530,#4531,#4532,#4533,#4534,#4535,#4536,#4537),(#4538,#4539,#4540,#4541,#4542,
#4543,#4544,#4545,#4546,#4547,#4548,#4549,#4550,#4551,#4552,#4553,#4554,#4555,
#4556,#4557,#4558,#4559,#4560,#4561,#4562,#4563,#4564,#4565,#4566,#4567,#4568,
#4569,#4570,#4571,#4572)),.UNSPECIFIED.,.F.,.F.,.F.,(4,4),(4,1,1,1,1,1,1,1,1,1,
1,1,1,1,1,1,1,1,1,1,1,1,1,1,1,1,1,1,1,1,1,1,4),(-7.814060548218E-2,
1.078140605482E0),(5.155976436369E-1,5.308850940696E-1,5.461725445022E-1,
5.614599949348E-1,5.767474453674E-1,5.920348958E-1,6.073223462326E-1,
6.226097966652E-1,6.378972470978E-1,6.531846975305E-1,6.684721479631E-1,
6.837595983957E-1,6.990470488283E-1,7.143344992609E-1,7.296219496935E-1,
7.449094001261E-1,7.601968505588E-1,7.754843009914E-1,7.907717514240E-1,
8.060592018566E-1,8.213466522892E-1,8.366341027218E-1,8.519215531544E-1,
8.672090035871E-1,8.824964540197E-1,8.977839044523E-1,9.130713548849E-1,
9.283588053175E-1,9.436462557501E-1,9.589337061827E-1,9.742211566153E-1,
9.895086070480E-1,1.004796057481E0),.UNSPECIFIED.);
#4574=ORIENTED_EDGE('',*,*,#4018,.F.);
#4575=ORIENTED_EDGE('',*,*,#3931,.T.);
#4576=ORIENTED_EDGE('',*,*,#3891,.T.);
#4578=ORIENTED_EDGE('',*,*,#4577,.F.);
#4579=EDGE_LOOP('',(#4574,#4575,#4576,#4578));
#4580=FACE_OUTER_BOUND('',#4579,.F.);
#4581=ADVANCED_FACE('',(#4580),#4573,.F.);
#4582=CARTESIAN_POINT('',(1.606558367274E-1,1.055958794551E-1,
2.014349130865E-2));
#4583=CARTESIAN_POINT('',(1.602131284044E-1,1.076130162295E-1,
9.569290024058E-3));
#4584=CARTESIAN_POINT('',(1.593277117583E-1,1.084463574220E-1,
-1.218798535851E-2));
#4585=CARTESIAN_POINT('',(1.579995867891E-1,9.998280623980E-2,
-4.373351250269E-2));
#4586=CARTESIAN_POINT('',(1.566714618200E-1,8.256347602983E-2,
-7.136135961768E-2));
#4587=CARTESIAN_POINT('',(1.553433368509E-1,5.774874860216E-2,
-9.259728335272E-2));
#4588=CARTESIAN_POINT('',(1.540152118817E-1,2.776131993587E-2,
-1.055390105240E-1));
#4589=CARTESIAN_POINT('',(1.526870869126E-1,-4.712754360848E-3,
-1.090273535783E-1));
#4590=CARTESIAN_POINT('',(1.513589619434E-1,-3.676469290759E-2,
-1.027498471457E-1));
#4591=CARTESIAN_POINT('',(1.500308369743E-1,-6.552352531260E-2,
-8.726878777388E-2));
#4592=CARTESIAN_POINT('',(1.487027120051E-1,-8.841325447830E-2,
-6.397085318170E-2));
#4593=CARTESIAN_POINT('',(1.473745870360E-1,-1.033835938768E-1,
-3.494289747246E-2));
#4594=CARTESIAN_POINT('',(1.460464620668E-1,-1.090936164275E-1,
-2.785025276172E-3));
#4595=CARTESIAN_POINT('',(1.447183370977E-1,-1.050318640252E-1,
2.962230574001E-2));
#4596=CARTESIAN_POINT('',(1.433902121286E-1,-9.156215959916E-2,
5.937629440337E-2));
#4597=CARTESIAN_POINT('',(1.420620871594E-1,-6.989101819338E-2,
8.381180665977E-2));
#4598=CARTESIAN_POINT('',(1.407339621903E-1,-4.195957621734E-2,
1.007400976676E-1));
#4599=CARTESIAN_POINT('',(1.394058372211E-1,-1.026971905822E-2,
1.086448624750E-1));
#4600=CARTESIAN_POINT('',(1.380777122520E-1,2.234001875876E-2,
1.068180546233E-1));
#4601=CARTESIAN_POINT('',(1.367495872828E-1,5.294870770757E-2,
9.542330714372E-2));
#4602=CARTESIAN_POINT('',(1.354214623137E-1,7.881465757176E-2,
7.548127523482E-2));
#4603=CARTESIAN_POINT('',(1.340933373445E-1,9.762099676268E-2,
4.877821355850E-2));
#4604=CARTESIAN_POINT('',(1.327652123754E-1,1.076831995765E-1,
1.770597712978E-2));
#4605=CARTESIAN_POINT('',(1.314370874062E-1,1.080999727407E-1,
-1.495222269275E-2));
#4606=CARTESIAN_POINT('',(1.301089624371E-1,9.883398604106E-2,
-4.627111678637E-2));
#4607=CARTESIAN_POINT('',(1.287808374679E-1,8.071521584345E-2,
-7.344540118198E-2));
#4608=CARTESIAN_POINT('',(1.274527124988E-1,5.536660205614E-2,
-9.404101435434E-2));
#4609=CARTESIAN_POINT('',(1.261245875297E-1,2.505867762837E-2,
-1.062131614384E-1));
#4610=CARTESIAN_POINT('',(1.247964625605E-1,-7.493808241232E-3,
-1.088715564831E-1));
#4611=CARTESIAN_POINT('',(1.234683375914E-1,-3.937505627144E-2,
-1.017780816531E-1));
#4612=CARTESIAN_POINT('',(1.221402126222E-1,-6.772939171332E-2,
-8.556811585194E-2));
#4613=CARTESIAN_POINT('',(1.208120876531E-1,-9.001705343722E-2,
-6.169362233102E-2));
#4614=CARTESIAN_POINT('',(1.194839626839E-1,-1.042416859144E-1,
-3.229309306473E-2));
#4615=CARTESIAN_POINT('',(1.181558377148E-1,-1.091291571518E-1,
7.368314725725E-10));
#4616=CARTESIAN_POINT('',(1.168277127456E-1,-1.042416854783E-1,
3.229309447239E-2));
#4617=CARTESIAN_POINT('',(1.154995877765E-1,-9.001705260412E-2,
6.169362354659E-2));
#4618=CARTESIAN_POINT('',(1.141714628073E-1,-6.772939055783E-2,
8.556811676654E-2));
#4619=CARTESIAN_POINT('',(1.128433378382E-1,-3.937505489704E-2,
1.017780821848E-1));
#4620=CARTESIAN_POINT('',(1.115152128690E-1,-7.493806771048E-3,
1.088715565843E-1));
#4621=CARTESIAN_POINT('',(1.101870878999E-1,2.505867906265E-2,1.062131611E-1));
#4622=CARTESIAN_POINT('',(1.088589629307E-1,5.536660332606E-2,
9.404101360668E-2));
#4623=CARTESIAN_POINT('',(1.075308379616E-1,8.071521683525E-2,
7.344540009201E-2));
#4624=CARTESIAN_POINT('',(1.062027129925E-1,9.883398666589E-2,
4.627111545173E-2));
#4625=CARTESIAN_POINT('',(1.048745880233E-1,1.080999729426E-1,
1.495222123299E-2));
#4626=CARTESIAN_POINT('',(1.035464630542E-1,1.076831993374E-1,
-1.770597858392E-2));
#4627=CARTESIAN_POINT('',(1.022183380850E-1,9.762099610398E-2,
-4.877821487676E-2));
#4628=CARTESIAN_POINT('',(1.008902131159E-1,7.881465655248E-2,
-7.548127629912E-2));
#4629=CARTESIAN_POINT('',(9.956208814671E-2,5.294870641899E-2,
-9.542330785873E-2));
#4630=CARTESIAN_POINT('',(9.823396317757E-2,2.234001731631E-2,
-1.068180549250E-1));
#4631=CARTESIAN_POINT('',(9.690583820842E-2,-1.026972052534E-2,
-1.086448623363E-1));
#4632=CARTESIAN_POINT('',(9.557771323927E-2,-4.195957757772E-2,
-1.007400971010E-1));
#4633=CARTESIAN_POINT('',(9.424958827012E-2,-6.989101932516E-2,
-8.381180571597E-2));
#4634=CARTESIAN_POINT('',(9.292146330097E-2,-9.156216040097E-2,
-5.937629316693E-2));
#4635=CARTESIAN_POINT('',(9.159333833183E-2,-1.050318644252E-1,
-2.962230432167E-2));
#4636=CARTESIAN_POINT('',(9.026521336268E-2,-1.090936163898E-1,
2.785026749356E-3));
#4637=CARTESIAN_POINT('',(8.893708839353E-2,-1.033835934049E-1,
3.494289886854E-2));
#4638=CARTESIAN_POINT('',(8.760896342438E-2,-8.841325361445E-2,
6.397085437561E-2));
#4639=CARTESIAN_POINT('',(8.628083845523E-2,-6.552352413413E-2,
8.726878865870E-2));
#4640=CARTESIAN_POINT('',(8.495271348609E-2,-3.676469152007E-2,
1.027498476421E-1));
#4641=CARTESIAN_POINT('',(8.362458851694E-2,-4.712752888557E-3,
1.090273536420E-1));
#4642=CARTESIAN_POINT('',(8.229646354779E-2,2.776132136106E-2,
1.055390101491E-1));
#4643=CARTESIAN_POINT('',(8.096833857864E-2,5.774874985258E-2,
9.259728257289E-2));
#4644=CARTESIAN_POINT('',(7.964021360949E-2,8.256347699349E-2,
7.136135850276E-2));
#4645=CARTESIAN_POINT('',(7.831208864034E-2,9.998280683038E-2,
4.373351115254E-2));
#4646=CARTESIAN_POINT('',(7.698396367120E-2,1.084463575866E-1,
1.218798389407E-2));
#4647=CARTESIAN_POINT('',(7.609854702510E-2,1.076130161003E-1,
-9.569291477250E-3));
#4648=CARTESIAN_POINT('',(7.565583870205E-2,1.055958791831E-1,
-2.014349273460E-2));
#4649=CARTESIAN_POINT('',(1.586831784935E-1,1.055958794551E-1,
2.014349130865E-2));
#4650=CARTESIAN_POINT('',(1.582404701705E-1,1.076130162295E-1,
9.569290024058E-3));
#4651=CARTESIAN_POINT('',(1.573550535244E-1,1.084463574220E-1,
-1.218798535851E-2));
#4652=CARTESIAN_POINT('',(1.560269285552E-1,9.998280623980E-2,
-4.373351250269E-2));
#4653=CARTESIAN_POINT('',(1.546988035861E-1,8.256347602983E-2,
-7.136135961768E-2));
#4654=CARTESIAN_POINT('',(1.533706786169E-1,5.774874860216E-2,
-9.259728335272E-2));
#4655=CARTESIAN_POINT('',(1.520425536478E-1,2.776131993587E-2,
-1.055390105240E-1));
#4656=CARTESIAN_POINT('',(1.507144286786E-1,-4.712754360848E-3,
-1.090273535783E-1));
#4657=CARTESIAN_POINT('',(1.493863037095E-1,-3.676469290759E-2,
-1.027498471457E-1));
#4658=CARTESIAN_POINT('',(1.480581787404E-1,-6.552352531260E-2,
-8.726878777388E-2));
#4659=CARTESIAN_POINT('',(1.467300537712E-1,-8.841325447830E-2,
-6.397085318170E-2));
#4660=CARTESIAN_POINT('',(1.454019288021E-1,-1.033835938768E-1,
-3.494289747246E-2));
#4661=CARTESIAN_POINT('',(1.440738038329E-1,-1.090936164275E-1,
-2.785025276172E-3));
#4662=CARTESIAN_POINT('',(1.427456788638E-1,-1.050318640252E-1,
2.962230574001E-2));
#4663=CARTESIAN_POINT('',(1.414175538946E-1,-9.156215959916E-2,
5.937629440337E-2));
#4664=CARTESIAN_POINT('',(1.400894289255E-1,-6.989101819338E-2,
8.381180665977E-2));
#4665=CARTESIAN_POINT('',(1.387613039563E-1,-4.195957621734E-2,
1.007400976676E-1));
#4666=CARTESIAN_POINT('',(1.374331789872E-1,-1.026971905822E-2,
1.086448624750E-1));
#4667=CARTESIAN_POINT('',(1.361050540180E-1,2.234001875876E-2,
1.068180546233E-1));
#4668=CARTESIAN_POINT('',(1.347769290489E-1,5.294870770757E-2,
9.542330714372E-2));
#4669=CARTESIAN_POINT('',(1.334488040798E-1,7.881465757176E-2,
7.548127523482E-2));
#4670=CARTESIAN_POINT('',(1.321206791106E-1,9.762099676268E-2,
4.877821355850E-2));
#4671=CARTESIAN_POINT('',(1.307925541415E-1,1.076831995765E-1,
1.770597712978E-2));
#4672=CARTESIAN_POINT('',(1.294644291723E-1,1.080999727407E-1,
-1.495222269275E-2));
#4673=CARTESIAN_POINT('',(1.281363042032E-1,9.883398604106E-2,
-4.627111678637E-2));
#4674=CARTESIAN_POINT('',(1.268081792340E-1,8.071521584345E-2,
-7.344540118198E-2));
#4675=CARTESIAN_POINT('',(1.254800542649E-1,5.536660205614E-2,
-9.404101435434E-2));
#4676=CARTESIAN_POINT('',(1.241519292957E-1,2.505867762837E-2,
-1.062131614384E-1));
#4677=CARTESIAN_POINT('',(1.228238043266E-1,-7.493808241232E-3,
-1.088715564831E-1));
#4678=CARTESIAN_POINT('',(1.214956793574E-1,-3.937505627144E-2,
-1.017780816531E-1));
#4679=CARTESIAN_POINT('',(1.201675543883E-1,-6.772939171332E-2,
-8.556811585194E-2));
#4680=CARTESIAN_POINT('',(1.188394294191E-1,-9.001705343722E-2,
-6.169362233102E-2));
#4681=CARTESIAN_POINT('',(1.175113044500E-1,-1.042416859144E-1,
-3.229309306473E-2));
#4682=CARTESIAN_POINT('',(1.161831794808E-1,-1.091291571518E-1,
7.368314725725E-10));
#4683=CARTESIAN_POINT('',(1.148550545117E-1,-1.042416854783E-1,
3.229309447239E-2));
#4684=CARTESIAN_POINT('',(1.135269295426E-1,-9.001705260412E-2,
6.169362354659E-2));
#4685=CARTESIAN_POINT('',(1.121988045734E-1,-6.772939055783E-2,
8.556811676654E-2));
#4686=CARTESIAN_POINT('',(1.108706796043E-1,-3.937505489704E-2,
1.017780821848E-1));
#4687=CARTESIAN_POINT('',(1.095425546351E-1,-7.493806771048E-3,
1.088715565843E-1));
#4688=CARTESIAN_POINT('',(1.082144296660E-1,2.505867906265E-2,1.062131611E-1));
#4689=CARTESIAN_POINT('',(1.068863046968E-1,5.536660332606E-2,
9.404101360668E-2));
#4690=CARTESIAN_POINT('',(1.055581797277E-1,8.071521683525E-2,
7.344540009201E-2));
#4691=CARTESIAN_POINT('',(1.042300547585E-1,9.883398666589E-2,
4.627111545173E-2));
#4692=CARTESIAN_POINT('',(1.029019297894E-1,1.080999729426E-1,
1.495222123299E-2));
#4693=CARTESIAN_POINT('',(1.015738048202E-1,1.076831993374E-1,
-1.770597858392E-2));
#4694=CARTESIAN_POINT('',(1.002456798511E-1,9.762099610398E-2,
-4.877821487676E-2));
#4695=CARTESIAN_POINT('',(9.891755488193E-2,7.881465655248E-2,
-7.548127629912E-2));
#4696=CARTESIAN_POINT('',(9.758942991278E-2,5.294870641899E-2,
-9.542330785873E-2));
#4697=CARTESIAN_POINT('',(9.626130494364E-2,2.234001731631E-2,
-1.068180549250E-1));
#4698=CARTESIAN_POINT('',(9.493317997449E-2,-1.026972052534E-2,
-1.086448623363E-1));
#4699=CARTESIAN_POINT('',(9.360505500534E-2,-4.195957757772E-2,
-1.007400971010E-1));
#4700=CARTESIAN_POINT('',(9.227693003619E-2,-6.989101932516E-2,
-8.381180571597E-2));
#4701=CARTESIAN_POINT('',(9.094880506705E-2,-9.156216040097E-2,
-5.937629316693E-2));
#4702=CARTESIAN_POINT('',(8.962068009790E-2,-1.050318644252E-1,
-2.962230432167E-2));
#4703=CARTESIAN_POINT('',(8.829255512875E-2,-1.090936163898E-1,
2.785026749356E-3));
#4704=CARTESIAN_POINT('',(8.696443015960E-2,-1.033835934049E-1,
3.494289886854E-2));
#4705=CARTESIAN_POINT('',(8.563630519045E-2,-8.841325361445E-2,
6.397085437561E-2));
#4706=CARTESIAN_POINT('',(8.430818022130E-2,-6.552352413413E-2,
8.726878865870E-2));
#4707=CARTESIAN_POINT('',(8.298005525216E-2,-3.676469152007E-2,
1.027498476421E-1));
#4708=CARTESIAN_POINT('',(8.165193028301E-2,-4.712752888557E-3,
1.090273536420E-1));
#4709=CARTESIAN_POINT('',(8.032380531386E-2,2.776132136106E-2,
1.055390101491E-1));
#4710=CARTESIAN_POINT('',(7.899568034471E-2,5.774874985258E-2,
9.259728257289E-2));
#4711=CARTESIAN_POINT('',(7.766755537556E-2,8.256347699349E-2,
7.136135850276E-2));
#4712=CARTESIAN_POINT('',(7.633943040641E-2,9.998280683038E-2,
4.373351115254E-2));
#4713=CARTESIAN_POINT('',(7.501130543727E-2,1.084463575866E-1,
1.218798389407E-2));
#4714=CARTESIAN_POINT('',(7.412588879117E-2,1.076130161003E-1,
-9.569291477250E-3));
#4715=CARTESIAN_POINT('',(7.368318046812E-2,1.055958791831E-1,
-2.014349273460E-2));
#4716=CARTESIAN_POINT('',(1.567105202596E-1,1.055958794551E-1,
2.014349130865E-2));
#4717=CARTESIAN_POINT('',(1.562678119365E-1,1.076130162295E-1,
9.569290024058E-3));
#4718=CARTESIAN_POINT('',(1.553823952904E-1,1.084463574220E-1,
-1.218798535851E-2));
#4719=CARTESIAN_POINT('',(1.540542703213E-1,9.998280623980E-2,
-4.373351250269E-2));
#4720=CARTESIAN_POINT('',(1.527261453521E-1,8.256347602983E-2,
-7.136135961768E-2));
#4721=CARTESIAN_POINT('',(1.513980203830E-1,5.774874860216E-2,
-9.259728335272E-2));
#4722=CARTESIAN_POINT('',(1.500698954139E-1,2.776131993587E-2,
-1.055390105240E-1));
#4723=CARTESIAN_POINT('',(1.487417704447E-1,-4.712754360848E-3,
-1.090273535783E-1));
#4724=CARTESIAN_POINT('',(1.474136454756E-1,-3.676469290759E-2,
-1.027498471457E-1));
#4725=CARTESIAN_POINT('',(1.460855205064E-1,-6.552352531260E-2,
-8.726878777388E-2));
#4726=CARTESIAN_POINT('',(1.447573955373E-1,-8.841325447830E-2,
-6.397085318170E-2));
#4727=CARTESIAN_POINT('',(1.434292705681E-1,-1.033835938768E-1,
-3.494289747246E-2));
#4728=CARTESIAN_POINT('',(1.421011455990E-1,-1.090936164275E-1,
-2.785025276172E-3));
#4729=CARTESIAN_POINT('',(1.407730206298E-1,-1.050318640252E-1,
2.962230574001E-2));
#4730=CARTESIAN_POINT('',(1.394448956607E-1,-9.156215959916E-2,
5.937629440337E-2));
#4731=CARTESIAN_POINT('',(1.381167706916E-1,-6.989101819338E-2,
8.381180665977E-2));
#4732=CARTESIAN_POINT('',(1.367886457224E-1,-4.195957621734E-2,
1.007400976676E-1));
#4733=CARTESIAN_POINT('',(1.354605207533E-1,-1.026971905822E-2,
1.086448624750E-1));
#4734=CARTESIAN_POINT('',(1.341323957841E-1,2.234001875876E-2,
1.068180546233E-1));
#4735=CARTESIAN_POINT('',(1.328042708150E-1,5.294870770757E-2,
9.542330714372E-2));
#4736=CARTESIAN_POINT('',(1.314761458458E-1,7.881465757176E-2,
7.548127523482E-2));
#4737=CARTESIAN_POINT('',(1.301480208767E-1,9.762099676268E-2,
4.877821355850E-2));
#4738=CARTESIAN_POINT('',(1.288198959075E-1,1.076831995765E-1,
1.770597712978E-2));
#4739=CARTESIAN_POINT('',(1.274917709384E-1,1.080999727407E-1,
-1.495222269275E-2));
#4740=CARTESIAN_POINT('',(1.261636459692E-1,9.883398604106E-2,
-4.627111678637E-2));
#4741=CARTESIAN_POINT('',(1.248355210001E-1,8.071521584345E-2,
-7.344540118198E-2));
#4742=CARTESIAN_POINT('',(1.235073960309E-1,5.536660205614E-2,
-9.404101435434E-2));
#4743=CARTESIAN_POINT('',(1.221792710618E-1,2.505867762837E-2,
-1.062131614384E-1));
#4744=CARTESIAN_POINT('',(1.208511460927E-1,-7.493808241232E-3,
-1.088715564831E-1));
#4745=CARTESIAN_POINT('',(1.195230211235E-1,-3.937505627144E-2,
-1.017780816531E-1));
#4746=CARTESIAN_POINT('',(1.181948961544E-1,-6.772939171332E-2,
-8.556811585194E-2));
#4747=CARTESIAN_POINT('',(1.168667711852E-1,-9.001705343722E-2,
-6.169362233102E-2));
#4748=CARTESIAN_POINT('',(1.155386462161E-1,-1.042416859144E-1,
-3.229309306473E-2));
#4749=CARTESIAN_POINT('',(1.142105212469E-1,-1.091291571518E-1,
7.368314725725E-10));
#4750=CARTESIAN_POINT('',(1.128823962778E-1,-1.042416854783E-1,
3.229309447239E-2));
#4751=CARTESIAN_POINT('',(1.115542713086E-1,-9.001705260412E-2,
6.169362354659E-2));
#4752=CARTESIAN_POINT('',(1.102261463395E-1,-6.772939055783E-2,
8.556811676654E-2));
#4753=CARTESIAN_POINT('',(1.088980213703E-1,-3.937505489704E-2,
1.017780821848E-1));
#4754=CARTESIAN_POINT('',(1.075698964012E-1,-7.493806771048E-3,
1.088715565843E-1));
#4755=CARTESIAN_POINT('',(1.062417714320E-1,2.505867906265E-2,1.062131611E-1));
#4756=CARTESIAN_POINT('',(1.049136464629E-1,5.536660332606E-2,
9.404101360668E-2));
#4757=CARTESIAN_POINT('',(1.035855214937E-1,8.071521683525E-2,
7.344540009201E-2));
#4758=CARTESIAN_POINT('',(1.022573965246E-1,9.883398666589E-2,
4.627111545173E-2));
#4759=CARTESIAN_POINT('',(1.009292715554E-1,1.080999729426E-1,
1.495222123299E-2));
#4760=CARTESIAN_POINT('',(9.960114658630E-2,1.076831993374E-1,
-1.770597858392E-2));
#4761=CARTESIAN_POINT('',(9.827302161715E-2,9.762099610398E-2,
-4.877821487676E-2));
#4762=CARTESIAN_POINT('',(9.694489664800E-2,7.881465655248E-2,
-7.548127629912E-2));
#4763=CARTESIAN_POINT('',(9.561677167886E-2,5.294870641899E-2,
-9.542330785873E-2));
#4764=CARTESIAN_POINT('',(9.428864670971E-2,2.234001731631E-2,
-1.068180549250E-1));
#4765=CARTESIAN_POINT('',(9.296052174056E-2,-1.026972052534E-2,
-1.086448623363E-1));
#4766=CARTESIAN_POINT('',(9.163239677141E-2,-4.195957757772E-2,
-1.007400971010E-1));
#4767=CARTESIAN_POINT('',(9.030427180226E-2,-6.989101932516E-2,
-8.381180571597E-2));
#4768=CARTESIAN_POINT('',(8.897614683312E-2,-9.156216040097E-2,
-5.937629316693E-2));
#4769=CARTESIAN_POINT('',(8.764802186397E-2,-1.050318644252E-1,
-2.962230432167E-2));
#4770=CARTESIAN_POINT('',(8.631989689482E-2,-1.090936163898E-1,
2.785026749356E-3));
#4771=CARTESIAN_POINT('',(8.499177192567E-2,-1.033835934049E-1,
3.494289886854E-2));
#4772=CARTESIAN_POINT('',(8.366364695652E-2,-8.841325361445E-2,
6.397085437561E-2));
#4773=CARTESIAN_POINT('',(8.233552198738E-2,-6.552352413413E-2,
8.726878865870E-2));
#4774=CARTESIAN_POINT('',(8.100739701823E-2,-3.676469152007E-2,
1.027498476421E-1));
#4775=CARTESIAN_POINT('',(7.967927204908E-2,-4.712752888557E-3,
1.090273536420E-1));
#4776=CARTESIAN_POINT('',(7.835114707993E-2,2.776132136106E-2,
1.055390101491E-1));
#4777=CARTESIAN_POINT('',(7.702302211078E-2,5.774874985258E-2,
9.259728257289E-2));
#4778=CARTESIAN_POINT('',(7.569489714163E-2,8.256347699349E-2,
7.136135850276E-2));
#4779=CARTESIAN_POINT('',(7.436677217249E-2,9.998280683038E-2,
4.373351115254E-2));
#4780=CARTESIAN_POINT('',(7.303864720334E-2,1.084463575866E-1,
1.218798389407E-2));
#4781=CARTESIAN_POINT('',(7.215323055724E-2,1.076130161003E-1,
-9.569291477250E-3));
#4782=CARTESIAN_POINT('',(7.171052223419E-2,1.055958791831E-1,
-2.014349273460E-2));
#4783=CARTESIAN_POINT('',(1.547378620257E-1,1.055958794551E-1,
2.014349130865E-2));
#4784=CARTESIAN_POINT('',(1.542951537026E-1,1.076130162295E-1,
9.569290024058E-3));
#4785=CARTESIAN_POINT('',(1.534097370565E-1,1.084463574220E-1,
-1.218798535851E-2));
#4786=CARTESIAN_POINT('',(1.520816120874E-1,9.998280623980E-2,
-4.373351250269E-2));
#4787=CARTESIAN_POINT('',(1.507534871182E-1,8.256347602983E-2,
-7.136135961768E-2));
#4788=CARTESIAN_POINT('',(1.494253621491E-1,5.774874860216E-2,
-9.259728335272E-2));
#4789=CARTESIAN_POINT('',(1.480972371799E-1,2.776131993587E-2,
-1.055390105240E-1));
#4790=CARTESIAN_POINT('',(1.467691122108E-1,-4.712754360848E-3,
-1.090273535783E-1));
#4791=CARTESIAN_POINT('',(1.454409872416E-1,-3.676469290759E-2,
-1.027498471457E-1));
#4792=CARTESIAN_POINT('',(1.441128622725E-1,-6.552352531260E-2,
-8.726878777388E-2));
#4793=CARTESIAN_POINT('',(1.427847373034E-1,-8.841325447830E-2,
-6.397085318170E-2));
#4794=CARTESIAN_POINT('',(1.414566123342E-1,-1.033835938768E-1,
-3.494289747246E-2));
#4795=CARTESIAN_POINT('',(1.401284873651E-1,-1.090936164275E-1,
-2.785025276172E-3));
#4796=CARTESIAN_POINT('',(1.388003623959E-1,-1.050318640252E-1,
2.962230574001E-2));
#4797=CARTESIAN_POINT('',(1.374722374268E-1,-9.156215959916E-2,
5.937629440337E-2));
#4798=CARTESIAN_POINT('',(1.361441124576E-1,-6.989101819338E-2,
8.381180665977E-2));
#4799=CARTESIAN_POINT('',(1.348159874885E-1,-4.195957621734E-2,
1.007400976676E-1));
#4800=CARTESIAN_POINT('',(1.334878625193E-1,-1.026971905822E-2,
1.086448624750E-1));
#4801=CARTESIAN_POINT('',(1.321597375502E-1,2.234001875876E-2,
1.068180546233E-1));
#4802=CARTESIAN_POINT('',(1.308316125810E-1,5.294870770757E-2,
9.542330714372E-2));
#4803=CARTESIAN_POINT('',(1.295034876119E-1,7.881465757176E-2,
7.548127523482E-2));
#4804=CARTESIAN_POINT('',(1.281753626427E-1,9.762099676268E-2,
4.877821355850E-2));
#4805=CARTESIAN_POINT('',(1.268472376736E-1,1.076831995765E-1,
1.770597712978E-2));
#4806=CARTESIAN_POINT('',(1.255191127045E-1,1.080999727407E-1,
-1.495222269275E-2));
#4807=CARTESIAN_POINT('',(1.241909877353E-1,9.883398604106E-2,
-4.627111678637E-2));
#4808=CARTESIAN_POINT('',(1.228628627662E-1,8.071521584345E-2,
-7.344540118198E-2));
#4809=CARTESIAN_POINT('',(1.215347377970E-1,5.536660205614E-2,
-9.404101435434E-2));
#4810=CARTESIAN_POINT('',(1.202066128279E-1,2.505867762837E-2,
-1.062131614384E-1));
#4811=CARTESIAN_POINT('',(1.188784878587E-1,-7.493808241232E-3,
-1.088715564831E-1));
#4812=CARTESIAN_POINT('',(1.175503628896E-1,-3.937505627144E-2,
-1.017780816531E-1));
#4813=CARTESIAN_POINT('',(1.162222379204E-1,-6.772939171332E-2,
-8.556811585194E-2));
#4814=CARTESIAN_POINT('',(1.148941129513E-1,-9.001705343722E-2,
-6.169362233102E-2));
#4815=CARTESIAN_POINT('',(1.135659879821E-1,-1.042416859144E-1,
-3.229309306473E-2));
#4816=CARTESIAN_POINT('',(1.122378630130E-1,-1.091291571518E-1,
7.368314725725E-10));
#4817=CARTESIAN_POINT('',(1.109097380438E-1,-1.042416854783E-1,
3.229309447239E-2));
#4818=CARTESIAN_POINT('',(1.095816130747E-1,-9.001705260412E-2,
6.169362354659E-2));
#4819=CARTESIAN_POINT('',(1.082534881055E-1,-6.772939055783E-2,
8.556811676654E-2));
#4820=CARTESIAN_POINT('',(1.069253631364E-1,-3.937505489704E-2,
1.017780821848E-1));
#4821=CARTESIAN_POINT('',(1.055972381673E-1,-7.493806771048E-3,
1.088715565843E-1));
#4822=CARTESIAN_POINT('',(1.042691131981E-1,2.505867906265E-2,1.062131611E-1));
#4823=CARTESIAN_POINT('',(1.029409882290E-1,5.536660332606E-2,
9.404101360668E-2));
#4824=CARTESIAN_POINT('',(1.016128632598E-1,8.071521683525E-2,
7.344540009201E-2));
#4825=CARTESIAN_POINT('',(1.002847382907E-1,9.883398666589E-2,
4.627111545173E-2));
#4826=CARTESIAN_POINT('',(9.895661332152E-2,1.080999729426E-1,
1.495222123299E-2));
#4827=CARTESIAN_POINT('',(9.762848835237E-2,1.076831993374E-1,
-1.770597858392E-2));
#4828=CARTESIAN_POINT('',(9.630036338322E-2,9.762099610398E-2,
-4.877821487676E-2));
#4829=CARTESIAN_POINT('',(9.497223841408E-2,7.881465655248E-2,
-7.548127629912E-2));
#4830=CARTESIAN_POINT('',(9.364411344493E-2,5.294870641899E-2,
-9.542330785873E-2));
#4831=CARTESIAN_POINT('',(9.231598847578E-2,2.234001731631E-2,
-1.068180549250E-1));
#4832=CARTESIAN_POINT('',(9.098786350663E-2,-1.026972052534E-2,
-1.086448623363E-1));
#4833=CARTESIAN_POINT('',(8.965973853748E-2,-4.195957757772E-2,
-1.007400971010E-1));
#4834=CARTESIAN_POINT('',(8.833161356834E-2,-6.989101932516E-2,
-8.381180571597E-2));
#4835=CARTESIAN_POINT('',(8.700348859919E-2,-9.156216040097E-2,
-5.937629316693E-2));
#4836=CARTESIAN_POINT('',(8.567536363004E-2,-1.050318644252E-1,
-2.962230432167E-2));
#4837=CARTESIAN_POINT('',(8.434723866089E-2,-1.090936163898E-1,
2.785026749356E-3));
#4838=CARTESIAN_POINT('',(8.301911369174E-2,-1.033835934049E-1,
3.494289886854E-2));
#4839=CARTESIAN_POINT('',(8.169098872260E-2,-8.841325361445E-2,
6.397085437561E-2));
#4840=CARTESIAN_POINT('',(8.036286375345E-2,-6.552352413413E-2,
8.726878865870E-2));
#4841=CARTESIAN_POINT('',(7.903473878430E-2,-3.676469152007E-2,
1.027498476421E-1));
#4842=CARTESIAN_POINT('',(7.770661381515E-2,-4.712752888557E-3,
1.090273536420E-1));
#4843=CARTESIAN_POINT('',(7.637848884600E-2,2.776132136106E-2,
1.055390101491E-1));
#4844=CARTESIAN_POINT('',(7.505036387685E-2,5.774874985258E-2,
9.259728257289E-2));
#4845=CARTESIAN_POINT('',(7.372223890771E-2,8.256347699349E-2,
7.136135850276E-2));
#4846=CARTESIAN_POINT('',(7.239411393856E-2,9.998280683038E-2,
4.373351115254E-2));
#4847=CARTESIAN_POINT('',(7.106598896941E-2,1.084463575866E-1,
1.218798389407E-2));
#4848=CARTESIAN_POINT('',(7.018057232331E-2,1.076130161003E-1,
-9.569291477250E-3));
#4849=CARTESIAN_POINT('',(6.973786400026E-2,1.055958791831E-1,
-2.014349273460E-2));
#4850=B_SPLINE_SURFACE_WITH_KNOTS('',3,3,((#4582,#4583,#4584,#4585,#4586,#4587,
#4588,#4589,#4590,#4591,#4592,#4593,#4594,#4595,#4596,#4597,#4598,#4599,#4600,
#4601,#4602,#4603,#4604,#4605,#4606,#4607,#4608,#4609,#4610,#4611,#4612,#4613,
#4614,#4615,#4616,#4617,#4618,#4619,#4620,#4621,#4622,#4623,#4624,#4625,#4626,
#4627,#4628,#4629,#4630,#4631,#4632,#4633,#4634,#4635,#4636,#4637,#4638,#4639,
#4640,#4641,#4642,#4643,#4644,#4645,#4646,#4647,#4648),(#4649,#4650,#4651,#4652,
#4653,#4654,#4655,#4656,#4657,#4658,#4659,#4660,#4661,#4662,#4663,#4664,#4665,
#4666,#4667,#4668,#4669,#4670,#4671,#4672,#4673,#4674,#4675,#4676,#4677,#4678,
#4679,#4680,#4681,#4682,#4683,#4684,#4685,#4686,#4687,#4688,#4689,#4690,#4691,
#4692,#4693,#4694,#4695,#4696,#4697,#4698,#4699,#4700,#4701,#4702,#4703,#4704,
#4705,#4706,#4707,#4708,#4709,#4710,#4711,#4712,#4713,#4714,#4715),(#4716,#4717,
#4718,#4719,#4720,#4721,#4722,#4723,#4724,#4725,#4726,#4727,#4728,#4729,#4730,
#4731,#4732,#4733,#4734,#4735,#4736,#4737,#4738,#4739,#4740,#4741,#4742,#4743,
#4744,#4745,#4746,#4747,#4748,#4749,#4750,#4751,#4752,#4753,#4754,#4755,#4756,
#4757,#4758,#4759,#4760,#4761,#4762,#4763,#4764,#4765,#4766,#4767,#4768,#4769,
#4770,#4771,#4772,#4773,#4774,#4775,#4776,#4777,#4778,#4779,#4780,#4781,#4782),(
#4783,#4784,#4785,#4786,#4787,#4788,#4789,#4790,#4791,#4792,#4793,#4794,#4795,
#4796,#4797,#4798,#4799,#4800,#4801,#4802,#4803,#4804,#4805,#4806,#4807,#4808,
#4809,#4810,#4811,#4812,#4813,#4814,#4815,#4816,#4817,#4818,#4819,#4820,#4821,
#4822,#4823,#4824,#4825,#4826,#4827,#4828,#4829,#4830,#4831,#4832,#4833,#4834,
#4835,#4836,#4837,#4838,#4839,#4840,#4841,#4842,#4843,#4844,#4845,#4846,#4847,
#4848,#4849)),.UNSPECIFIED.,.F.,.F.,.F.,(4,4),(4,1,1,1,1,1,1,1,1,1,1,1,1,1,1,1,
1,1,1,1,1,1,1,1,1,1,1,1,1,1,1,1,1,1,1,1,1,1,1,1,1,1,1,1,1,1,1,1,1,1,1,1,1,1,1,1,
1,1,1,1,1,1,1,1,4),(-7.814060548218E-2,1.078140605482E0),(-9.999987794154E-3,
5.937511835607E-3,2.187501146537E-2,3.781251109513E-2,5.375001072489E-2,
6.968751035465E-2,8.562500998441E-2,1.015625096142E-1,1.175000092439E-1,
1.334375088737E-1,1.493750085035E-1,1.653125081332E-1,1.812500077630E-1,
1.971875073927E-1,2.131250070225E-1,2.290625066523E-1,2.450000062820E-1,
2.609375059118E-1,2.768750055415E-1,2.928125051713E-1,3.087500048011E-1,
3.246875044308E-1,3.406250040606E-1,3.565625036904E-1,3.725000033201E-1,
3.884375029499E-1,4.043750025796E-1,4.203125022094E-1,4.362500018392E-1,
4.521875014689E-1,4.681250010987E-1,4.840625007284E-1,5.000000003582E-1,
5.159374999880E-1,5.318749996177E-1,5.478124992475E-1,5.637499988772E-1,
5.796874985070E-1,5.956249981368E-1,6.115624977665E-1,6.274999973963E-1,
6.434374970261E-1,6.593749966558E-1,6.753124962856E-1,6.912499959153E-1,
7.071874955451E-1,7.231249951749E-1,7.390624948046E-1,7.549999944344E-1,
7.709374940641E-1,7.868749936939E-1,8.028124933237E-1,8.187499929534E-1,
8.346874925832E-1,8.506249922129E-1,8.665624918427E-1,8.824999914725E-1,
8.984374911022E-1,9.143749907320E-1,9.303124903617E-1,9.462499899915E-1,
9.621874896213E-1,9.781249892510E-1,9.940624888808E-1,1.009999988511E0),
.UNSPECIFIED.);
#4851=ORIENTED_EDGE('',*,*,#4577,.T.);
#4852=ORIENTED_EDGE('',*,*,#3709,.T.);
#4853=ORIENTED_EDGE('',*,*,#3255,.F.);
#4855=ORIENTED_EDGE('',*,*,#4854,.F.);
#4856=EDGE_LOOP('',(#4851,#4852,#4853,#4855));
#4857=FACE_OUTER_BOUND('',#4856,.F.);
#4858=ADVANCED_FACE('',(#4857),#4850,.F.);
#4859=CARTESIAN_POINT('',(1.687410742771E-1,1.200323048676E-1,
2.289738673584E-2));
#4860=CARTESIAN_POINT('',(1.682983659540E-1,1.223252122943E-1,
1.087754506331E-2));
#4861=CARTESIAN_POINT('',(1.674129493079E-1,1.232724828180E-1,
-1.385425247722E-2));
#4862=CARTESIAN_POINT('',(1.660848243388E-1,1.136518464724E-1,
-4.971249193580E-2));
#4863=CARTESIAN_POINT('',(1.647566993697E-1,9.385105154367E-2,
-8.111745001559E-2));
#4864=CARTESIAN_POINT('',(1.634285744005E-1,6.564380573816E-2,
-1.052566198866E-1));
#4865=CARTESIAN_POINT('',(1.621004494314E-1,3.155667848990E-2,
-1.199676611628E-1));
#4866=CARTESIAN_POINT('',(1.607723244622E-1,-5.357053432022E-3,
-1.239329092299E-1));
#4867=CARTESIAN_POINT('',(1.594441994931E-1,-4.179093777543E-2,
-1.167971803559E-1));
#4868=CARTESIAN_POINT('',(1.581160745239E-1,-7.448150256486E-2,
-9.919964484766E-2));
#4869=CARTESIAN_POINT('',(1.567879495548E-1,-1.005005760711E-1,
-7.271655855472E-2));
#4870=CARTESIAN_POINT('',(1.554598245857E-1,-1.175175690812E-1,
-3.972007756164E-2));
#4871=CARTESIAN_POINT('',(1.541316996165E-1,-1.240082311323E-1,
-3.165776965165E-3));
#4872=CARTESIAN_POINT('',(1.528035746474E-1,-1.193911806827E-1,
3.367208694132E-2));
#4873=CARTESIAN_POINT('',(1.514754496782E-1,-1.040799803165E-1,
6.749385969092E-2));
#4874=CARTESIAN_POINT('',(1.501473247091E-1,-7.944609246492E-2,
9.527004633604E-2));
#4875=CARTESIAN_POINT('',(1.488191997399E-1,-4.769603388333E-2,
1.145126701729E-1));
#4876=CARTESIAN_POINT('',(1.474910747708E-1,-1.167373248900E-2,
1.234981262731E-1));
#4877=CARTESIAN_POINT('',(1.461629498016E-1,2.539421004319E-2,
1.214215683792E-1));
#4878=CARTESIAN_POINT('',(1.448348248325E-1,6.018753249498E-2,
1.084690004337E-1));
#4879=CARTESIAN_POINT('',(1.435066998634E-1,8.958971746433E-2,
8.580061539678E-2));
#4880=CARTESIAN_POINT('',(1.421785748942E-1,1.109671447920E-1,
5.544687378693E-2));
#4881=CARTESIAN_POINT('',(1.408504499251E-1,1.224049906811E-1,
2.012663046708E-2));
#4882=CARTESIAN_POINT('',(1.395223249559E-1,1.228787425331E-1,
-1.699639950090E-2));
#4883=CARTESIAN_POINT('',(1.381941999868E-1,1.123459665743E-1,
-5.259702201882E-2));
#4884=CARTESIAN_POINT('',(1.368660750176E-1,9.175010848361E-2,
-8.348640904718E-2));
#4885=CARTESIAN_POINT('',(1.355379500485E-1,6.293598662767E-2,
-1.068977289959E-1));
#4886=CARTESIAN_POINT('',(1.342098250793E-1,2.848454738978E-2,
-1.207339778834E-1));
#4887=CARTESIAN_POINT('',(1.328817001102E-1,-8.518316057596E-3,
-1.237558125048E-1));
#4888=CARTESIAN_POINT('',(1.315535751410E-1,-4.475817411683E-2,
-1.156925610049E-1));
#4889=CARTESIAN_POINT('',(1.302254501719E-1,-7.698894158241E-2,
-9.726646742048E-2));
#4890=CARTESIAN_POINT('',(1.288973252028E-1,-1.023236366537E-1,
-7.012799857430E-2));
#4891=CARTESIAN_POINT('',(1.275692002336E-1,-1.184929742349E-1,
-3.670800803707E-2));
#4892=CARTESIAN_POINT('',(1.262410752645E-1,-1.240486307679E-1,
8.388070949633E-10));
#4893=CARTESIAN_POINT('',(1.249129502953E-1,-1.184929737384E-1,
3.670800963955E-2));
#4894=CARTESIAN_POINT('',(1.235848253262E-1,-1.023236357053E-1,
7.012799995811E-2));
#4895=CARTESIAN_POINT('',(1.222567003570E-1,-7.698894026699E-2,
9.726646846167E-2));
#4896=CARTESIAN_POINT('',(1.209285753879E-1,-4.475817255222E-2,
1.156925616102E-1));
#4897=CARTESIAN_POINT('',(1.196004504187E-1,-8.518314383943E-3,
1.237558126200E-1));
#4898=CARTESIAN_POINT('',(1.182723254496E-1,2.848454902256E-2,
1.207339774982E-1));
#4899=CARTESIAN_POINT('',(1.169442004804E-1,6.293598807333E-2,
1.068977281448E-1));
#4900=CARTESIAN_POINT('',(1.156160755113E-1,9.175010961266E-2,
8.348640780637E-2));
#4901=CARTESIAN_POINT('',(1.142879505422E-1,1.123459672856E-1,
5.259702049947E-2));
#4902=CARTESIAN_POINT('',(1.129598255730E-1,1.228787427629E-1,
1.699639783911E-2));
#4903=CARTESIAN_POINT('',(1.116317006039E-1,1.224049904089E-1,
-2.012663212246E-2));
#4904=CARTESIAN_POINT('',(1.103035756347E-1,1.109671440421E-1,
-5.544687528763E-2));
#4905=CARTESIAN_POINT('',(1.089754506656E-1,8.958971630398E-2,
-8.580061660838E-2));
#4906=CARTESIAN_POINT('',(1.076473256964E-1,6.018753102807E-2,
-1.084690012477E-1));
#4907=CARTESIAN_POINT('',(1.063192007273E-1,2.539420840110E-2,
-1.214215687226E-1));
#4908=CARTESIAN_POINT('',(1.049910757581E-1,-1.167373415917E-2,
-1.234981261152E-1));
#4909=CARTESIAN_POINT('',(1.036629507890E-1,-4.769603543198E-2,
-1.145126695279E-1));
#4910=CARTESIAN_POINT('',(1.023348258198E-1,-7.944609375334E-2,
-9.527004526162E-2));
#4911=CARTESIAN_POINT('',(1.010067008507E-1,-1.040799812292E-1,
-6.749385828335E-2));
#4912=CARTESIAN_POINT('',(9.967857588154E-2,-1.193911811381E-1,
-3.367208532669E-2));
#4913=CARTESIAN_POINT('',(9.835045091240E-2,-1.240082310895E-1,
3.165778642233E-3));
#4914=CARTESIAN_POINT('',(9.702232594325E-2,-1.175175685440E-1,
3.972007915093E-2));
#4915=CARTESIAN_POINT('',(9.569420097410E-2,-1.005005750876E-1,
7.271655991387E-2));
#4916=CARTESIAN_POINT('',(9.436607600496E-2,-7.448150122330E-2,
9.919964585493E-2));
#4917=CARTESIAN_POINT('',(9.303795103581E-2,-4.179093619589E-2,
1.167971809211E-1));
#4918=CARTESIAN_POINT('',(9.170982606666E-2,-5.357051755971E-3,
1.239329093023E-1));
#4919=CARTESIAN_POINT('',(9.038170109752E-2,3.155668011233E-2,
1.199676607360E-1));
#4920=CARTESIAN_POINT('',(8.905357612837E-2,6.564380716164E-2,
1.052566189988E-1));
#4921=CARTESIAN_POINT('',(8.772545115922E-2,9.385105264069E-2,
8.111744874637E-2));
#4922=CARTESIAN_POINT('',(8.639732619008E-2,1.136518471447E-1,
4.971249039879E-2));
#4923=CARTESIAN_POINT('',(8.506920122093E-2,1.232724830054E-1,
1.385425081010E-2));
#4924=CARTESIAN_POINT('',(8.418378457483E-2,1.223252121472E-1,
-1.087754671762E-2));
#4925=CARTESIAN_POINT('',(8.374107625178E-2,1.200323045579E-1,
-2.289738835915E-2));
#4926=CARTESIAN_POINT('',(1.658460289774E-1,1.151067575180E-1,
2.195778832796E-2));
#4927=CARTESIAN_POINT('',(1.654033206544E-1,1.173055750736E-1,
1.043118303339E-2));
#4928=CARTESIAN_POINT('',(1.645179040083E-1,1.182139741800E-1,
-1.328574071995E-2));
#4929=CARTESIAN_POINT('',(1.631897790392E-1,1.089881223876E-1,
-4.767253083396E-2));
#4930=CARTESIAN_POINT('',(1.618616540700E-1,8.999985666164E-2,
-7.778878077636E-2));
#4931=CARTESIAN_POINT('',(1.605335291009E-1,6.295010029174E-2,
-1.009373954438E-1));
#4932=CARTESIAN_POINT('',(1.592054041317E-1,3.026174447803E-2,
-1.150447664794E-1));
#4933=CARTESIAN_POINT('',(1.578772791626E-1,-5.137225775104E-3,
-1.188472998745E-1));
#4934=CARTESIAN_POINT('',(1.565491541934E-1,-4.007603908193E-2,
-1.120043869261E-1));
#4935=CARTESIAN_POINT('',(1.552210292243E-1,-7.142514063002E-2,
-9.512896947159E-2));
#4936=CARTESIAN_POINT('',(1.538929042552E-1,-9.637651674684E-2,
-6.973262141668E-2));
#4937=CARTESIAN_POINT('',(1.525647792860E-1,-1.126952143696E-1,
-3.809015699172E-2));
#4938=CARTESIAN_POINT('',(1.512366543169E-1,-1.189195309290E-1,
-3.035868734566E-3));
#4939=CARTESIAN_POINT('',(1.499085293477E-1,-1.144919419801E-1,
3.229034676086E-2));
#4940=CARTESIAN_POINT('',(1.485804043786E-1,-9.980903949136E-2,
6.472423694578E-2));
#4941=CARTESIAN_POINT('',(1.472522794094E-1,-7.618600768520E-2,
9.136062274594E-2));
#4942=CARTESIAN_POINT('',(1.459241544403E-1,-4.573881850254E-2,
1.098136220318E-1));
#4943=CARTESIAN_POINT('',(1.445960294712E-1,-1.119469876401E-2,
1.184303583150E-1));
#4944=CARTESIAN_POINT('',(1.432679045020E-1,2.435215403909E-2,
1.164390123501E-1));
#4945=CARTESIAN_POINT('',(1.419397795329E-1,5.771772620838E-2,
1.040179553739E-1));
#4946=CARTESIAN_POINT('',(1.406116545637E-1,8.591338719732E-2,
8.227977161873E-2));
#4947=CARTESIAN_POINT('',(1.392835295946E-1,1.064135879264E-1,
5.317160128821E-2));
#4948=CARTESIAN_POINT('',(1.379554046254E-1,1.173820797398E-1,
1.930073054404E-2));
#4949=CARTESIAN_POINT('',(1.366272796563E-1,1.178363910989E-1,
-1.629894917196E-2));
#4950=CARTESIAN_POINT('',(1.352991546871E-1,1.077358295074E-1,
-5.043869370308E-2));
#4951=CARTESIAN_POINT('',(1.339710297180E-1,8.798512618021E-2,
-8.006052914543E-2));
#4952=CARTESIAN_POINT('',(1.326429047488E-1,6.035339702841E-2,
-1.025111613439E-1));
#4953=CARTESIAN_POINT('',(1.313147797797E-1,2.731567883348E-2,
-1.157796372547E-1));
#4954=CARTESIAN_POINT('',(1.299866548106E-1,-8.168765416821E-3,
-1.186774703456E-1));
#4955=CARTESIAN_POINT('',(1.286585298414E-1,-4.292151434315E-2,
-1.109450958300E-1));
#4956=CARTESIAN_POINT('',(1.273304048723E-1,-7.382968643376E-2,
-9.327512032995E-2));
#4957=CARTESIAN_POINT('',(1.260022799031E-1,-9.812476770864E-2,
-6.725028346345E-2));
#4958=CARTESIAN_POINT('',(1.246741549340E-1,-1.136305935963E-1,
-3.520168828512E-2));
#4959=CARTESIAN_POINT('',(1.233460299648E-1,-1.189582727583E-1,
8.043864093058E-10));
#4960=CARTESIAN_POINT('',(1.220179049957E-1,-1.136305931203E-1,
3.520168982184E-2));
#4961=CARTESIAN_POINT('',(1.206897800265E-1,-9.812476679916E-2,
6.725028479048E-2));
#4962=CARTESIAN_POINT('',(1.193616550574E-1,-7.382968517232E-2,
9.327512132841E-2));
#4963=CARTESIAN_POINT('',(1.180335300882E-1,-4.292151284275E-2,
1.109450964104E-1));
#4964=CARTESIAN_POINT('',(1.167054051191E-1,-8.168763811846E-3,
1.186774704561E-1));
#4965=CARTESIAN_POINT('',(1.153772801500E-1,2.731568039927E-2,
1.157796368853E-1));
#4966=CARTESIAN_POINT('',(1.140491551808E-1,6.035339841476E-2,
1.025111605277E-1));
#4967=CARTESIAN_POINT('',(1.127210302117E-1,8.798512726293E-2,
8.006052795553E-2));
#4968=CARTESIAN_POINT('',(1.113929052425E-1,1.077358301895E-1,
5.043869224608E-2));
#4969=CARTESIAN_POINT('',(1.100647802734E-1,1.178363913193E-1,
1.629894757836E-2));
#4970=CARTESIAN_POINT('',(1.087366553042E-1,1.173820794788E-1,
-1.930073213149E-2));
#4971=CARTESIAN_POINT('',(1.074085303351E-1,1.064135872074E-1,
-5.317160272733E-2));
#4972=CARTESIAN_POINT('',(1.060804053659E-1,8.591338608458E-2,
-8.227977278061E-2));
#4973=CARTESIAN_POINT('',(1.047522803968E-1,5.771772480166E-2,
-1.040179561545E-1));
#4974=CARTESIAN_POINT('',(1.034241554276E-1,2.435215246439E-2,
-1.164390126794E-1));
#4975=CARTESIAN_POINT('',(1.020960304585E-1,-1.119470036564E-2,
-1.184303581636E-1));
#4976=CARTESIAN_POINT('',(1.007679054893E-1,-4.573881998764E-2,
-1.098136214132E-1));
#4977=CARTESIAN_POINT('',(9.943978052020E-2,-7.618600892075E-2,
-9.136062171562E-2));
#4978=CARTESIAN_POINT('',(9.811165555105E-2,-9.980904036668E-2,
-6.472423559598E-2));
#4979=CARTESIAN_POINT('',(9.678353058191E-2,-1.144919424168E-1,
-3.229034521249E-2));
#4980=CARTESIAN_POINT('',(9.545540561276E-2,-1.189195308880E-1,
3.035870342816E-3));
#4981=CARTESIAN_POINT('',(9.412728064361E-2,-1.126952138545E-1,
3.809015851580E-2));
#4982=CARTESIAN_POINT('',(9.279915567447E-2,-9.637651580379E-2,
6.973262272006E-2));
#4983=CARTESIAN_POINT('',(9.147103070532E-2,-7.142513934351E-2,
9.512897043754E-2));
#4984=CARTESIAN_POINT('',(9.014290573617E-2,-4.007603756720E-2,
1.120043874681E-1));
#4985=CARTESIAN_POINT('',(8.881478076703E-2,-5.137224167830E-3,
1.188472999440E-1));
#4986=CARTESIAN_POINT('',(8.748665579788E-2,3.026174603388E-2,
1.150447660701E-1));
#4987=CARTESIAN_POINT('',(8.615853082873E-2,6.295010165680E-2,
1.009373945925E-1));
#4988=CARTESIAN_POINT('',(8.483040585959E-2,8.999985771365E-2,
7.778877955921E-2));
#4989=CARTESIAN_POINT('',(8.350228089044E-2,1.089881230323E-1,
4.767252936002E-2));
#4990=CARTESIAN_POINT('',(8.217415592129E-2,1.182139743597E-1,
1.328573912124E-2));
#4991=CARTESIAN_POINT('',(8.128873927519E-2,1.173055749326E-1,
-1.043118461982E-2));
#4992=CARTESIAN_POINT('',(8.084603095215E-2,1.151067572211E-1,
-2.195778988465E-2));
#4993=CARTESIAN_POINT('',(1.629509836778E-1,1.101812101685E-1,
2.101818992007E-2));
#4994=CARTESIAN_POINT('',(1.625082753548E-1,1.122859378529E-1,
9.984821003478E-3));
#4995=CARTESIAN_POINT('',(1.616228587087E-1,1.131554655419E-1,
-1.271722896268E-2));
#4996=CARTESIAN_POINT('',(1.602947337395E-1,1.043243983028E-1,
-4.563256973212E-2));
#4997=CARTESIAN_POINT('',(1.589666087704E-1,8.614866177961E-2,
-7.446011153712E-2));
#4998=CARTESIAN_POINT('',(1.576384838012E-1,6.025639484532E-2,
-9.661817100102E-2));
#4999=CARTESIAN_POINT('',(1.563103588321E-1,2.896681046615E-2,
-1.101218717959E-1));
#5000=CARTESIAN_POINT('',(1.549822338630E-1,-4.917398118185E-3,
-1.137616905192E-1));
#5001=CARTESIAN_POINT('',(1.536541088938E-1,-3.836114038843E-2,
-1.072115934963E-1));
#5002=CARTESIAN_POINT('',(1.523259839247E-1,-6.836877869517E-2,
-9.105829409553E-2));
#5003=CARTESIAN_POINT('',(1.509978589555E-1,-9.225245742263E-2,
-6.674868427865E-2));
#5004=CARTESIAN_POINT('',(1.496697339864E-1,-1.078728596581E-1,
-3.646023642181E-2));
#5005=CARTESIAN_POINT('',(1.483416090172E-1,-1.138308307258E-1,
-2.905960503967E-3));
#5006=CARTESIAN_POINT('',(1.470134840481E-1,-1.095927032775E-1,
3.090860658041E-2));
#5007=CARTESIAN_POINT('',(1.456853590789E-1,-9.553809866626E-2,
6.195461420065E-2));
#5008=CARTESIAN_POINT('',(1.443572341098E-1,-7.292592290548E-2,
8.745119915585E-2));
#5009=CARTESIAN_POINT('',(1.430291091407E-1,-4.378160312175E-2,
1.051145738907E-1));
#5010=CARTESIAN_POINT('',(1.417009841715E-1,-1.071566503901E-2,
1.133625903570E-1));
#5011=CARTESIAN_POINT('',(1.403728592024E-1,2.331009803500E-2,
1.114564563209E-1));
#5012=CARTESIAN_POINT('',(1.390447342332E-1,5.524791992178E-2,
9.956691031415E-2));
#5013=CARTESIAN_POINT('',(1.377166092641E-1,8.223705693031E-2,
7.875892784069E-2));
#5014=CARTESIAN_POINT('',(1.363884842949E-1,1.018600310609E-1,
5.089632878950E-2));
#5015=CARTESIAN_POINT('',(1.350603593258E-1,1.123591687986E-1,
1.847483062099E-2));
#5016=CARTESIAN_POINT('',(1.337322343566E-1,1.127940396647E-1,
-1.560149884302E-2));
#5017=CARTESIAN_POINT('',(1.324041093875E-1,1.031256924405E-1,
-4.828036538734E-2));
#5018=CARTESIAN_POINT('',(1.310759844184E-1,8.422014387680E-2,
-7.663464924368E-2));
#5019=CARTESIAN_POINT('',(1.297478594492E-1,5.777080742916E-2,
-9.812459369187E-2));
#5020=CARTESIAN_POINT('',(1.284197344801E-1,2.614681027719E-2,
-1.108252966260E-1));
#5021=CARTESIAN_POINT('',(1.270916095109E-1,-7.819214776046E-3,
-1.135991281864E-1));
#5022=CARTESIAN_POINT('',(1.257634845418E-1,-4.108485456947E-2,
-1.061976306551E-1));
#5023=CARTESIAN_POINT('',(1.244353595726E-1,-7.067043128512E-2,
-8.928377323941E-2));
#5024=CARTESIAN_POINT('',(1.231072346035E-1,-9.392589876355E-2,
-6.437256835261E-2));
#5025=CARTESIAN_POINT('',(1.217791096343E-1,-1.087682129578E-1,
-3.369536853316E-2));
#5026=CARTESIAN_POINT('',(1.204509846652E-1,-1.138679147487E-1,
7.699656346567E-10));
#5027=CARTESIAN_POINT('',(1.191228596960E-1,-1.087682125021E-1,
3.369537000413E-2));
#5028=CARTESIAN_POINT('',(1.177947347269E-1,-9.392589789298E-2,
6.437256962284E-2));
#5029=CARTESIAN_POINT('',(1.164666097578E-1,-7.067043007766E-2,
8.928377419514E-2));
#5030=CARTESIAN_POINT('',(1.151384847886E-1,-4.108485313327E-2,
1.061976312107E-1));
#5031=CARTESIAN_POINT('',(1.138103598195E-1,-7.819213239749E-3,
1.135991282921E-1));
#5032=CARTESIAN_POINT('',(1.124822348503E-1,2.614681177598E-2,
1.108252962724E-1));
#5033=CARTESIAN_POINT('',(1.111541098812E-1,5.777080875618E-2,
9.812459291059E-2));
#5034=CARTESIAN_POINT('',(1.098259849120E-1,8.422014491320E-2,
7.663464810470E-2));
#5035=CARTESIAN_POINT('',(1.084978599429E-1,1.031256930934E-1,
4.828036399268E-2));
#5036=CARTESIAN_POINT('',(1.071697349737E-1,1.127940398756E-1,
1.560149731761E-2));
#5037=CARTESIAN_POINT('',(1.058416100046E-1,1.123591685488E-1,
-1.847483214052E-2));
#5038=CARTESIAN_POINT('',(1.045134850354E-1,1.018600303726E-1,
-5.089633016704E-2));
#5039=CARTESIAN_POINT('',(1.031853600663E-1,8.223705586518E-2,
-7.875892895285E-2));
#5040=CARTESIAN_POINT('',(1.018572350972E-1,5.524791857526E-2,
-9.956691106131E-2));
#5041=CARTESIAN_POINT('',(1.005291101280E-1,2.331009652768E-2,
-1.114564566362E-1));
#5042=CARTESIAN_POINT('',(9.920098515886E-2,-1.071566657211E-2,
-1.133625902120E-1));
#5043=CARTESIAN_POINT('',(9.787286018971E-2,-4.378160454330E-2,
-1.051145732986E-1));
#5044=CARTESIAN_POINT('',(9.654473522057E-2,-7.292592408816E-2,
-8.745119816961E-2));
#5045=CARTESIAN_POINT('',(9.521661025142E-2,-9.553809950413E-2,
-6.195461290861E-2));
#5046=CARTESIAN_POINT('',(9.388848528227E-2,-1.095927036955E-1,
-3.090860509830E-2));
#5047=CARTESIAN_POINT('',(9.256036031313E-2,-1.138308306865E-1,
2.905962043398E-3));
#5048=CARTESIAN_POINT('',(9.123223534398E-2,-1.078728591650E-1,
3.646023788066E-2));
#5049=CARTESIAN_POINT('',(8.990411037483E-2,-9.225245651993E-2,
6.674868552626E-2));
#5050=CARTESIAN_POINT('',(8.857598540568E-2,-6.836877746371E-2,
9.105829502014E-2));
#5051=CARTESIAN_POINT('',(8.724786043654E-2,-3.836113893852E-2,
1.072115940151E-1));
#5052=CARTESIAN_POINT('',(8.591973546739E-2,-4.917396579689E-3,
1.137616905857E-1));
#5053=CARTESIAN_POINT('',(8.459161049824E-2,2.896681195542E-2,
1.101218714042E-1));
#5054=CARTESIAN_POINT('',(8.326348552910E-2,6.025639615197E-2,
9.661817018612E-2));
#5055=CARTESIAN_POINT('',(8.193536055995E-2,8.614866278660E-2,
7.446011037206E-2));
#5056=CARTESIAN_POINT('',(8.060723559080E-2,1.043243989199E-1,
4.563256832125E-2));
#5057=CARTESIAN_POINT('',(7.927911062166E-2,1.131554657139E-1,
1.271722743239E-2));
#5058=CARTESIAN_POINT('',(7.839369397556E-2,1.122859377179E-1,
-9.984822522018E-3));
#5059=CARTESIAN_POINT('',(7.795098565251E-2,1.101812098842E-1,
-2.101819141015E-2));
#5060=CARTESIAN_POINT('',(1.600559383782E-1,1.052556628189E-1,
2.007859151218E-2));
#5061=CARTESIAN_POINT('',(1.596132300551E-1,1.072663006322E-1,
9.538458973561E-3));
#5062=CARTESIAN_POINT('',(1.587278134090E-1,1.080969569039E-1,
-1.214871720542E-2));
#5063=CARTESIAN_POINT('',(1.573996884399E-1,9.966067421799E-2,
-4.359260863028E-2));
#5064=CARTESIAN_POINT('',(1.560715634707E-1,8.229746689759E-2,
-7.113144229789E-2));
#5065=CARTESIAN_POINT('',(1.547434385016E-1,5.756268939889E-2,
-9.229894655826E-2));
#5066=CARTESIAN_POINT('',(1.534153135325E-1,2.767187645428E-2,
-1.051989771125E-1));
#5067=CARTESIAN_POINT('',(1.520871885633E-1,-4.697570461267E-3,
-1.086760811638E-1));
#5068=CARTESIAN_POINT('',(1.507590635942E-1,-3.664624169493E-2,
-1.024188000664E-1));
#5069=CARTESIAN_POINT('',(1.494309386250E-1,-6.531241676032E-2,
-8.698761871947E-2));
#5070=CARTESIAN_POINT('',(1.481028136559E-1,-8.812839809842E-2,
-6.376474714062E-2));
#5071=CARTESIAN_POINT('',(1.467746886867E-1,-1.030505049466E-1,
-3.483031585189E-2));
#5072=CARTESIAN_POINT('',(1.454465637176E-1,-1.087421305225E-1,
-2.776052273368E-3));
#5073=CARTESIAN_POINT('',(1.441184387485E-1,-1.046934645749E-1,
2.952686639996E-2));
#5074=CARTESIAN_POINT('',(1.427903137793E-1,-9.126715784116E-2,
5.918499145552E-2));
#5075=CARTESIAN_POINT('',(1.414621888102E-1,-6.966583812577E-2,
8.354177556576E-2));
#5076=CARTESIAN_POINT('',(1.401340638410E-1,-4.182438774096E-2,
1.004155257496E-1));
#5077=CARTESIAN_POINT('',(1.388059388719E-1,-1.023663131401E-2,
1.082948223989E-1));
#5078=CARTESIAN_POINT('',(1.374778139027E-1,2.226804203091E-2,
1.064739002918E-1));
#5079=CARTESIAN_POINT('',(1.361496889336E-1,5.277811363518E-2,
9.511586525436E-2));
#5080=CARTESIAN_POINT('',(1.348215639644E-1,7.856072666329E-2,
7.523808406264E-2));
#5081=CARTESIAN_POINT('',(1.334934389953E-1,9.730647419533E-2,
4.862105629079E-2));
#5082=CARTESIAN_POINT('',(1.321653140262E-1,1.073362578574E-1,
1.764893069795E-2));
#5083=CARTESIAN_POINT('',(1.308371890570E-1,1.077516882304E-1,
-1.490404851407E-2));
#5084=CARTESIAN_POINT('',(1.295090640879E-1,9.851555537362E-2,
-4.612203707160E-2));
#5085=CARTESIAN_POINT('',(1.281809391187E-1,8.045516157340E-2,
-7.320876934193E-2));
#5086=CARTESIAN_POINT('',(1.268528141496E-1,5.518821782990E-2,
-9.373802603985E-2));
#5087=CARTESIAN_POINT('',(1.255246891804E-1,2.497794172090E-2,
-1.058709559972E-1));
#5088=CARTESIAN_POINT('',(1.241965642113E-1,-7.469664135270E-3,
-1.085207860272E-1));
#5089=CARTESIAN_POINT('',(1.228684392421E-1,-3.924819479579E-2,
-1.014501654802E-1));
#5090=CARTESIAN_POINT('',(1.215403142730E-1,-6.751117613648E-2,
-8.529242614887E-2));
#5091=CARTESIAN_POINT('',(1.202121893038E-1,-8.972702981845E-2,
-6.149485324176E-2));
#5092=CARTESIAN_POINT('',(1.188840643347E-1,-1.039058323193E-1,
-3.218904878121E-2));
#5093=CARTESIAN_POINT('',(1.175559393656E-1,-1.087775567391E-1,
7.355450415414E-10));
#5094=CARTESIAN_POINT('',(1.162278143964E-1,-1.039058318840E-1,
3.218905018641E-2));
#5095=CARTESIAN_POINT('',(1.148996894273E-1,-8.972702898680E-2,
6.149485445521E-2));
#5096=CARTESIAN_POINT('',(1.135715644581E-1,-6.751117498300E-2,
8.529242706188E-2));
#5097=CARTESIAN_POINT('',(1.122434394890E-1,-3.924819342380E-2,
1.014501660110E-1));
#5098=CARTESIAN_POINT('',(1.109153145198E-1,-7.469662667653E-3,
1.085207861282E-1));
#5099=CARTESIAN_POINT('',(1.095871895507E-1,2.497794315268E-2,
1.058709556595E-1));
#5100=CARTESIAN_POINT('',(1.082590645815E-1,5.518821909760E-2,
9.373802529349E-2));
#5101=CARTESIAN_POINT('',(1.069309396124E-1,8.045516256346E-2,
7.320876825387E-2));
#5102=CARTESIAN_POINT('',(1.056028146432E-1,9.851555599737E-2,
4.612203573929E-2));
#5103=CARTESIAN_POINT('',(1.042746896741E-1,1.077516884320E-1,
1.490404705686E-2));
#5104=CARTESIAN_POINT('',(1.029465647050E-1,1.073362576187E-1,
-1.764893214955E-2));
#5105=CARTESIAN_POINT('',(1.016184397358E-1,9.730647353778E-2,
-4.862105760674E-2));
#5106=CARTESIAN_POINT('',(1.002903147667E-1,7.856072564579E-2,
-7.523808512508E-2));
#5107=CARTESIAN_POINT('',(9.896218979751E-2,5.277811234885E-2,
-9.511586596812E-2));
#5108=CARTESIAN_POINT('',(9.763406482837E-2,2.226804059097E-2,
-1.064739005929E-1));
#5109=CARTESIAN_POINT('',(9.630593985922E-2,-1.023663277858E-2,
-1.082948222605E-1));
#5110=CARTESIAN_POINT('',(9.497781489007E-2,-4.182438909896E-2,
-1.004155251840E-1));
#5111=CARTESIAN_POINT('',(9.364968992093E-2,-6.966583925557E-2,
-8.354177462361E-2));
#5112=CARTESIAN_POINT('',(9.232156495178E-2,-9.126715864157E-2,
-5.918499022123E-2));
#5113=CARTESIAN_POINT('',(9.099343998264E-2,-1.046934649742E-1,
-2.952686498410E-2));
#5114=CARTESIAN_POINT('',(8.966531501349E-2,-1.087421304850E-1,
2.776053743980E-3));
#5115=CARTESIAN_POINT('',(8.833719004434E-2,-1.030505044755E-1,
3.483031724553E-2));
#5116=CARTESIAN_POINT('',(8.700906507520E-2,-8.812839723607E-2,
6.376474833245E-2));
#5117=CARTESIAN_POINT('',(8.568094010605E-2,-6.531241558391E-2,
8.698761960275E-2));
#5118=CARTESIAN_POINT('',(8.435281513690E-2,-3.664624030983E-2,
1.024188005620E-1));
#5119=CARTESIAN_POINT('',(8.302469016775E-2,-4.697568991548E-3,
1.086760812273E-1));
#5120=CARTESIAN_POINT('',(8.169656519861E-2,2.767187787697E-2,
1.051989767383E-1));
#5121=CARTESIAN_POINT('',(8.036844022946E-2,5.756269064713E-2,
9.229894577979E-2));
#5122=CARTESIAN_POINT('',(7.904031526031E-2,8.229746785956E-2,
7.113144118491E-2));
#5123=CARTESIAN_POINT('',(7.771219029117E-2,9.966067480753E-2,
4.359260728248E-2));
#5124=CARTESIAN_POINT('',(7.638406532202E-2,1.080969570682E-1,
1.214871574353E-2));
#5125=CARTESIAN_POINT('',(7.549864867592E-2,1.072663005032E-1,
-9.538460424216E-3));
#5126=CARTESIAN_POINT('',(7.505594035287E-2,1.052556625474E-1,
-2.007859293565E-2));
#5127=B_SPLINE_SURFACE_WITH_KNOTS('',3,3,((#4859,#4860,#4861,#4862,#4863,#4864,
#4865,#4866,#4867,#4868,#4869,#4870,#4871,#4872,#4873,#4874,#4875,#4876,#4877,
#4878,#4879,#4880,#4881,#4882,#4883,#4884,#4885,#4886,#4887,#4888,#4889,#4890,
#4891,#4892,#4893,#4894,#4895,#4896,#4897,#4898,#4899,#4900,#4901,#4902,#4903,
#4904,#4905,#4906,#4907,#4908,#4909,#4910,#4911,#4912,#4913,#4914,#4915,#4916,
#4917,#4918,#4919,#4920,#4921,#4922,#4923,#4924,#4925),(#4926,#4927,#4928,#4929,
#4930,#4931,#4932,#4933,#4934,#4935,#4936,#4937,#4938,#4939,#4940,#4941,#4942,
#4943,#4944,#4945,#4946,#4947,#4948,#4949,#4950,#4951,#4952,#4953,#4954,#4955,
#4956,#4957,#4958,#4959,#4960,#4961,#4962,#4963,#4964,#4965,#4966,#4967,#4968,
#4969,#4970,#4971,#4972,#4973,#4974,#4975,#4976,#4977,#4978,#4979,#4980,#4981,
#4982,#4983,#4984,#4985,#4986,#4987,#4988,#4989,#4990,#4991,#4992),(#4993,#4994,
#4995,#4996,#4997,#4998,#4999,#5000,#5001,#5002,#5003,#5004,#5005,#5006,#5007,
#5008,#5009,#5010,#5011,#5012,#5013,#5014,#5015,#5016,#5017,#5018,#5019,#5020,
#5021,#5022,#5023,#5024,#5025,#5026,#5027,#5028,#5029,#5030,#5031,#5032,#5033,
#5034,#5035,#5036,#5037,#5038,#5039,#5040,#5041,#5042,#5043,#5044,#5045,#5046,
#5047,#5048,#5049,#5050,#5051,#5052,#5053,#5054,#5055,#5056,#5057,#5058,#5059),(
#5060,#5061,#5062,#5063,#5064,#5065,#5066,#5067,#5068,#5069,#5070,#5071,#5072,
#5073,#5074,#5075,#5076,#5077,#5078,#5079,#5080,#5081,#5082,#5083,#5084,#5085,
#5086,#5087,#5088,#5089,#5090,#5091,#5092,#5093,#5094,#5095,#5096,#5097,#5098,
#5099,#5100,#5101,#5102,#5103,#5104,#5105,#5106,#5107,#5108,#5109,#5110,#5111,
#5112,#5113,#5114,#5115,#5116,#5117,#5118,#5119,#5120,#5121,#5122,#5123,#5124,
#5125,#5126)),.UNSPECIFIED.,.F.,.F.,.F.,(4,4),(4,1,1,1,1,1,1,1,1,1,1,1,1,1,1,1,
1,1,1,1,1,1,1,1,1,1,1,1,1,1,1,1,1,1,1,1,1,1,1,1,1,1,1,1,1,1,1,1,1,1,1,1,1,1,1,1,
1,1,1,1,1,1,1,1,4),(1.867044812228E-1,1.019166563609E0),(-9.999987793093E-3,
5.937511836652E-3,2.187501146640E-2,3.781251109614E-2,5.375001072589E-2,
6.968751035563E-2,8.562500998537E-2,1.015625096151E-1,1.175000092449E-1,
1.334375088746E-1,1.493750085044E-1,1.653125081341E-1,1.812500077638E-1,
1.971875073936E-1,2.131250070233E-1,2.290625066531E-1,2.450000062828E-1,
2.609375059126E-1,2.768750055423E-1,2.928125051721E-1,3.087500048018E-1,
3.246875044315E-1,3.406250040613E-1,3.565625036910E-1,3.725000033208E-1,
3.884375029505E-1,4.043750025803E-1,4.203125022100E-1,4.362500018398E-1,
4.521875014695E-1,4.681250010992E-1,4.840625007290E-1,5.000000003587E-1,
5.159374999885E-1,5.318749996182E-1,5.478124992480E-1,5.637499988777E-1,
5.796874985075E-1,5.956249981372E-1,6.115624977669E-1,6.274999973967E-1,
6.434374970264E-1,6.593749966562E-1,6.753124962859E-1,6.912499959157E-1,
7.071874955454E-1,7.231249951752E-1,7.390624948049E-1,7.549999944346E-1,
7.709374940644E-1,7.868749936941E-1,8.028124933239E-1,8.187499929536E-1,
8.346874925834E-1,8.506249922131E-1,8.665624918429E-1,8.824999914726E-1,
8.984374911023E-1,9.143749907321E-1,9.303124903618E-1,9.462499899916E-1,
9.621874896213E-1,9.781249892511E-1,9.940624888808E-1,1.009999988511E0),
.UNSPECIFIED.);
#5128=ORIENTED_EDGE('',*,*,#3723,.T.);
#5129=ORIENTED_EDGE('',*,*,#3741,.T.);
#5130=ORIENTED_EDGE('',*,*,#3908,.T.);
#5131=ORIENTED_EDGE('',*,*,#4020,.T.);
#5132=ORIENTED_EDGE('',*,*,#4854,.T.);
#5133=ORIENTED_EDGE('',*,*,#3407,.F.);
#5135=ORIENTED_EDGE('',*,*,#5134,.T.);
#5137=ORIENTED_EDGE('',*,*,#5136,.T.);
#5139=ORIENTED_EDGE('',*,*,#5138,.T.);
#5140=EDGE_LOOP('',(#5128,#5129,#5130,#5131,#5132,#5133,#5135,#5137,#5139));
#5141=FACE_OUTER_BOUND('',#5140,.F.);
#5142=ADVANCED_FACE('',(#5141),#5127,.F.);
#5143=CARTESIAN_POINT('',(1.249142993447E0,0.E0,0.E0));
#5144=DIRECTION('',(-1.E0,0.E0,0.E0));
#5145=DIRECTION('',(0.E0,1.E0,0.E0));
#5146=AXIS2_PLACEMENT_3D('',#5143,#5144,#5145);
#5147=CYLINDRICAL_SURFACE('',#5146,1.218503937008E-1);
#5149=ORIENTED_EDGE('',*,*,#5148,.T.);
#5150=ORIENTED_EDGE('',*,*,#3703,.F.);
#5152=ORIENTED_EDGE('',*,*,#5151,.F.);
#5153=ORIENTED_EDGE('',*,*,#5134,.F.);
#5154=EDGE_LOOP('',(#5149,#5150,#5152,#5153));
#5155=FACE_OUTER_BOUND('',#5154,.F.);
#5156=ADVANCED_FACE('',(#5155),#5147,.T.);
#5157=CARTESIAN_POINT('',(1.249142993447E0,0.E0,0.E0));
#5158=DIRECTION('',(-1.E0,0.E0,0.E0));
#5159=DIRECTION('',(0.E0,1.E0,0.E0));
#5160=AXIS2_PLACEMENT_3D('',#5157,#5158,#5159);
#5161=CYLINDRICAL_SURFACE('',#5160,1.218503937008E-1);
#5162=ORIENTED_EDGE('',*,*,#5148,.F.);
#5163=ORIENTED_EDGE('',*,*,#3405,.F.);
#5164=ORIENTED_EDGE('',*,*,#3422,.T.);
#5165=ORIENTED_EDGE('',*,*,#3705,.F.);
#5166=EDGE_LOOP('',(#5162,#5163,#5164,#5165));
#5167=FACE_OUTER_BOUND('',#5166,.F.);
#5168=ADVANCED_FACE('',(#5167),#5161,.T.);
#5169=CARTESIAN_POINT('',(1.249142993447E0,0.E0,0.E0));
#5170=DIRECTION('',(-1.E0,0.E0,0.E0));
#5171=DIRECTION('',(0.E0,1.E0,0.E0));
#5172=AXIS2_PLACEMENT_3D('',#5169,#5170,#5171);
#5173=CYLINDRICAL_SURFACE('',#5172,1.218503937008E-1);
#5175=ORIENTED_EDGE('',*,*,#5174,.F.);
#5176=ORIENTED_EDGE('',*,*,#5136,.F.);
#5177=ORIENTED_EDGE('',*,*,#5151,.T.);
#5178=ORIENTED_EDGE('',*,*,#3701,.F.);
#5179=EDGE_LOOP('',(#5175,#5176,#5177,#5178));
#5180=FACE_OUTER_BOUND('',#5179,.F.);
#5181=ADVANCED_FACE('',(#5180),#5173,.T.);
#5182=CARTESIAN_POINT('',(1.249142993447E0,0.E0,0.E0));
#5183=DIRECTION('',(-1.E0,0.E0,0.E0));
#5184=DIRECTION('',(0.E0,1.E0,0.E0));
#5185=AXIS2_PLACEMENT_3D('',#5182,#5183,#5184);
#5186=CYLINDRICAL_SURFACE('',#5185,1.218503937008E-1);
#5187=ORIENTED_EDGE('',*,*,#5174,.T.);
#5188=ORIENTED_EDGE('',*,*,#3699,.F.);
#5189=ORIENTED_EDGE('',*,*,#3725,.F.);
#5190=ORIENTED_EDGE('',*,*,#5138,.F.);
#5191=EDGE_LOOP('',(#5187,#5188,#5189,#5190));
#5192=FACE_OUTER_BOUND('',#5191,.F.);
#5193=ADVANCED_FACE('',(#5192),#5186,.T.);
#5194=CLOSED_SHELL('',(#2445,#2460,#2474,#2487,#2503,#2518,#2533,#2566,#2579,
#2591,#2613,#2633,#2648,#2668,#2687,#2707,#2721,#2740,#2752,#2767,#2789,#2802,
#2819,#2831,#2845,#2863,#2876,#2887,#2899,#2915,#2930,#2943,#2958,#2971,#2988,
#3007,#3022,#3109,#3260,#3413,#3427,#3715,#3730,#3745,#3897,#3913,#3935,#4024,
#4037,#4052,#4065,#4085,#4100,#4137,#4152,#4179,#4193,#4220,#4233,#4246,#4258,
#4272,#4288,#4301,#4314,#4326,#4340,#4354,#4368,#4380,#4395,#4408,#4421,#4432,
#4581,#4858,#5142,#5156,#5168,#5181,#5193));
#5195=MANIFOLD_SOLID_BREP('',#5194);
#5196=DIMENSIONAL_EXPONENTS(1.E0,0.E0,0.E0,0.E0,0.E0,0.E0,0.E0);
#5198=LENGTH_MEASURE_WITH_UNIT(LENGTH_MEASURE(2.54E1),#5197);
#5199=(CONVERSION_BASED_UNIT('INCH',#5198)LENGTH_UNIT()NAMED_UNIT(#5196));
#5200=DIMENSIONAL_EXPONENTS(0.E0,0.E0,0.E0,0.E0,0.E0,0.E0,0.E0);
#5202=PLANE_ANGLE_MEASURE_WITH_UNIT(PLANE_ANGLE_MEASURE(1.745329251994E-2),
#5201);
#5203=(CONVERSION_BASED_UNIT('DEGREE',#5202)NAMED_UNIT(*)PLANE_ANGLE_UNIT());
#5205=UNCERTAINTY_MEASURE_WITH_UNIT(LENGTH_MEASURE(3.332635295779E-5),#5199,
'closure',
'Maximum model space distance between geometric entities at asserted connectivities');
#5206=(GEOMETRIC_REPRESENTATION_CONTEXT(3)GLOBAL_UNCERTAINTY_ASSIGNED_CONTEXT((
#5205))GLOBAL_UNIT_ASSIGNED_CONTEXT((#5199,#5203,#5204))REPRESENTATION_CONTEXT(
'ID1','3'));
#5208=APPLICATION_CONTEXT(
'CONFIGURATION CONTROLLED 3D DESIGNS OF MECHANICAL PARTS AND ASSEMBLIES');
#5209=APPLICATION_PROTOCOL_DEFINITION('international standard',
'config_control_design',1994,#5208);
#5210=DESIGN_CONTEXT('',#5208,'design');
#5211=MECHANICAL_CONTEXT('',#5208,'mechanical');
#5212=PRODUCT('901-10511-2_SW0001','901-10511-2_SW0001','NOT SPECIFIED',
(#5211));
#5213=PRODUCT_DEFINITION_FORMATION_WITH_SPECIFIED_SOURCE('1','LAST_VERSION',
#5212,.MADE.);
#5217=PRODUCT_CATEGORY('part','');
#5218=PRODUCT_RELATED_PRODUCT_CATEGORY('detail','',(#5212));
#5219=PRODUCT_CATEGORY_RELATIONSHIP('','',#5217,#5218);
#5220=SECURITY_CLASSIFICATION_LEVEL('unclassified');
#5221=SECURITY_CLASSIFICATION('','',#5220);
#5222=CC_DESIGN_SECURITY_CLASSIFICATION(#5221,(#5213));
#5223=APPROVAL_STATUS('approved');
#5224=APPROVAL(#5223,'');
#5225=CC_DESIGN_APPROVAL(#5224,(#5221,#5213,#5214));
#5226=CALENDAR_DATE(118,21,2);
#5227=COORDINATED_UNIVERSAL_TIME_OFFSET(5,30,.AHEAD.);
#5228=LOCAL_TIME(17,24,5.5E1,#5227);
#5229=DATE_AND_TIME(#5226,#5228);
#5230=APPROVAL_DATE_TIME(#5229,#5224);
#5231=DATE_TIME_ROLE('creation_date');
#5232=CC_DESIGN_DATE_AND_TIME_ASSIGNMENT(#5229,#5231,(#5214));
#5233=DATE_TIME_ROLE('classification_date');
#5234=CC_DESIGN_DATE_AND_TIME_ASSIGNMENT(#5229,#5233,(#5221));
#5235=PERSON('UNSPECIFIED','UNSPECIFIED',$,$,$,$);
#5236=ORGANIZATION('UNSPECIFIED','UNSPECIFIED','UNSPECIFIED');
#5237=PERSON_AND_ORGANIZATION(#5235,#5236);
#5238=APPROVAL_ROLE('approver');
#5239=APPROVAL_PERSON_ORGANIZATION(#5237,#5224,#5238);
#5240=PERSON_AND_ORGANIZATION_ROLE('creator');
#5241=CC_DESIGN_PERSON_AND_ORGANIZATION_ASSIGNMENT(#5237,#5240,(#5213,#5214));
#5242=PERSON_AND_ORGANIZATION_ROLE('design_supplier');
#5243=CC_DESIGN_PERSON_AND_ORGANIZATION_ASSIGNMENT(#5237,#5242,(#5213));
#5244=PERSON_AND_ORGANIZATION_ROLE('classification_officer');
#5245=CC_DESIGN_PERSON_AND_ORGANIZATION_ASSIGNMENT(#5237,#5244,(#5221));
#5246=PERSON_AND_ORGANIZATION_ROLE('design_owner');
#5247=CC_DESIGN_PERSON_AND_ORGANIZATION_ASSIGNMENT(#5237,#5246,(#5212));
#5=CIRCLE('',#4,9.153543307087E-2);
#18=CIRCLE('',#17,9.153543307087E-2);
#31=CIRCLE('',#30,9.153543307087E-2);
#36=CIRCLE('',#35,9.153543307087E-2);
#41=CIRCLE('',#40,8.326771653543E-2);
#46=CIRCLE('',#45,8.326771653543E-2);
#55=CIRCLE('',#54,7.933070866142E-2);
#60=CIRCLE('',#59,7.933070866142E-2);
#65=CIRCLE('',#64,2.534862204724E-2);
#78=CIRCLE('',#77,2.534862204724E-2);
#83=CIRCLE('',#82,2.534862204724E-2);
#96=CIRCLE('',#95,2.534862204724E-2);
#101=CIRCLE('',#100,7.933070866142E-2);
#110=CIRCLE('',#109,7.933070866142E-2);
#141=B_SPLINE_CURVE_WITH_KNOTS('',3,(#135,#136,#137,#138,#139,#140),
.UNSPECIFIED.,.F.,.F.,(4,1,1,4),(0.E0,3.333333333333E-1,6.666666666667E-1,1.E0),
.UNSPECIFIED.);
#147=B_SPLINE_CURVE_WITH_KNOTS('',3,(#142,#143,#144,#145,#146),.UNSPECIFIED.,
.F.,.F.,(4,1,4),(0.E0,5.E-1,1.E0),.UNSPECIFIED.);
#156=CIRCLE('',#155,2.525590551181E-2);
#165=CIRCLE('',#164,2.525590551181E-2);
#170=CIRCLE('',#169,2.534862204724E-2);
#175=CIRCLE('',#174,2.534862204724E-2);
#202=B_SPLINE_CURVE_WITH_KNOTS('',3,(#196,#197,#198,#199,#200,#201),
.UNSPECIFIED.,.F.,.F.,(4,1,1,4),(0.E0,3.333333333333E-1,6.666666666667E-1,1.E0),
.UNSPECIFIED.);
#208=B_SPLINE_CURVE_WITH_KNOTS('',3,(#203,#204,#205,#206,#207),.UNSPECIFIED.,
.F.,.F.,(4,1,4),(0.E0,5.E-1,1.E0),.UNSPECIFIED.);
#217=CIRCLE('',#216,2.525590551181E-2);
#226=CIRCLE('',#225,2.525590551181E-2);
#232=B_SPLINE_CURVE_WITH_KNOTS('',3,(#227,#228,#229,#230,#231),.UNSPECIFIED.,
.F.,.F.,(4,1,4),(0.E0,5.E-1,1.E0),.UNSPECIFIED.);
#239=B_SPLINE_CURVE_WITH_KNOTS('',3,(#233,#234,#235,#236,#237,#238),
.UNSPECIFIED.,.F.,.F.,(4,1,1,4),(0.E0,3.333333333333E-1,6.666666666667E-1,1.E0),
.UNSPECIFIED.);
#248=CIRCLE('',#247,2.534862204724E-2);
#253=CIRCLE('',#252,2.528040435994E-2);
#258=CIRCLE('',#257,2.303149606299E-2);
#263=CIRCLE('',#262,1.909448818898E-2);
#268=CIRCLE('',#267,1.909448818898E-2);
#277=CIRCLE('',#276,1.909448818898E-2);
#282=CIRCLE('',#281,1.909448818898E-2);
#292=B_SPLINE_CURVE_WITH_KNOTS('',3,(#287,#288,#289,#290,#291),.UNSPECIFIED.,
.F.,.F.,(4,1,4),(0.E0,5.E-1,1.E0),.UNSPECIFIED.);
#299=B_SPLINE_CURVE_WITH_KNOTS('',3,(#293,#294,#295,#296,#297,#298),
.UNSPECIFIED.,.F.,.F.,(4,1,1,4),(0.E0,3.333333333333E-1,6.666666666667E-1,1.E0),
.UNSPECIFIED.);
#312=CIRCLE('',#311,2.528040435994E-2);
#317=CIRCLE('',#316,2.534862204724E-2);
#322=CIRCLE('',#321,2.303149606299E-2);
#327=CIRCLE('',#326,1.909448818898E-2);
#332=CIRCLE('',#331,1.909448818898E-2);
#341=CIRCLE('',#340,1.909448818898E-2);
#358=CIRCLE('',#357,1.909448818898E-2);
#363=CIRCLE('',#362,1.009842519685E-1);
#368=CIRCLE('',#367,1.009842519685E-1);
#373=CIRCLE('',#372,9.547244094488E-2);
#378=CIRCLE('',#377,9.547244094488E-2);
#391=CIRCLE('',#390,1.049212598425E-1);
#396=CIRCLE('',#395,1.049212598425E-1);
#409=CIRCLE('',#408,1.075E-1);
#431=B_SPLINE_CURVE_WITH_KNOTS('',3,(#410,#411,#412,#413,#414,#415,#416,#417,
#418,#419,#420,#421,#422,#423,#424,#425,#426,#427,#428,#429,#430),.UNSPECIFIED.,
.F.,.F.,(4,1,1,1,1,1,1,1,1,1,1,1,1,1,1,1,1,1,4),(0.E0,5.555555555556E-2,
1.111111111111E-1,1.666666666667E-1,2.222222222222E-1,2.777777777778E-1,
3.333333333333E-1,3.888888888889E-1,4.444444444444E-1,5.E-1,5.555555555556E-1,
6.111111111111E-1,6.666666666667E-1,7.222222222222E-1,7.777777777778E-1,
8.333333333333E-1,8.888888888889E-1,9.444444444444E-1,1.E0),.UNSPECIFIED.);
#436=CIRCLE('',#435,1.049212598425E-1);
#441=CIRCLE('',#440,1.218503937008E-1);
#457=B_SPLINE_CURVE_WITH_KNOTS('',3,(#442,#443,#444,#445,#446,#447,#448,#449,
#450,#451,#452,#453,#454,#455,#456),.UNSPECIFIED.,.F.,.F.,(4,1,1,1,1,1,1,1,1,1,
1,1,4),(0.E0,8.333333333333E-2,1.666666666667E-1,2.5E-1,3.333333333333E-1,
4.166666666667E-1,5.E-1,5.833333333333E-1,6.666666666667E-1,7.5E-1,
8.333333333333E-1,9.166666666667E-1,1.E0),.UNSPECIFIED.);
#462=CIRCLE('',#461,1.075E-1);
#471=CIRCLE('',#470,1.049212598425E-1);
#506=B_SPLINE_CURVE_WITH_KNOTS('',3,(#476,#477,#478,#479,#480,#481,#482,#483,
#484,#485,#486,#487,#488,#489,#490,#491,#492,#493,#494,#495,#496,#497,#498,#499,
#500,#501,#502,#503,#504,#505),.UNSPECIFIED.,.F.,.F.,(4,1,1,1,1,1,1,1,1,1,1,1,1,
1,1,1,1,1,1,1,1,1,1,1,1,1,1,4),(0.E0,3.703703703704E-2,7.407407407407E-2,
1.111111111111E-1,1.481481481481E-1,1.851851851852E-1,2.222222222222E-1,
2.592592592593E-1,2.962962962963E-1,3.333333333333E-1,3.703703703704E-1,
4.074074074074E-1,4.444444444444E-1,4.814814814815E-1,5.185185185185E-1,
5.555555555556E-1,5.925925925926E-1,6.296296296296E-1,6.666666666667E-1,
7.037037037037E-1,7.407407407407E-1,7.777777777778E-1,8.148148148148E-1,
8.518518518519E-1,8.888888888889E-1,9.259259259259E-1,9.629629629630E-1,1.E0),
.UNSPECIFIED.);
#538=B_SPLINE_CURVE_WITH_KNOTS('',3,(#507,#508,#509,#510,#511,#512,#513,#514,
#515,#516,#517,#518,#519,#520,#521,#522,#523,#524,#525,#526,#527,#528,#529,#530,
#531,#532,#533,#534,#535,#536,#537),.UNSPECIFIED.,.F.,.F.,(4,1,1,1,1,1,1,1,1,1,
1,1,1,1,1,1,1,1,1,1,1,1,1,1,1,1,1,1,4),(0.E0,3.571428571429E-2,
7.142857142857E-2,1.071428571429E-1,1.428571428571E-1,1.785714285714E-1,
2.142857142857E-1,2.5E-1,2.857142857143E-1,3.214285714286E-1,3.571428571429E-1,
3.928571428571E-1,4.285714285714E-1,4.642857142857E-1,5.E-1,5.357142857143E-1,
5.714285714286E-1,6.071428571429E-1,6.428571428571E-1,6.785714285714E-1,
7.142857142857E-1,7.5E-1,7.857142857143E-1,8.214285714286E-1,8.571428571429E-1,
8.928571428571E-1,9.285714285714E-1,9.642857142857E-1,1.E0),.UNSPECIFIED.);
#559=B_SPLINE_CURVE_WITH_KNOTS('',3,(#539,#540,#541,#542,#543,#544,#545,#546,
#547,#548,#549,#550,#551,#552,#553,#554,#555,#556,#557,#558),.UNSPECIFIED.,.F.,
.F.,(4,1,1,1,1,1,1,1,1,1,1,1,1,1,1,1,1,4),(0.E0,5.882352941176E-2,
1.176470588235E-1,1.764705882353E-1,2.352941176471E-1,2.941176470588E-1,
3.529411764706E-1,4.117647058824E-1,4.705882352941E-1,5.294117647059E-1,
5.882352941176E-1,6.470588235294E-1,7.058823529412E-1,7.647058823529E-1,
8.235294117647E-1,8.823529411765E-1,9.411764705882E-1,1.E0),.UNSPECIFIED.);
#634=B_SPLINE_CURVE_WITH_KNOTS('',3,(#560,#561,#562,#563,#564,#565,#566,#567,
#568,#569,#570,#571,#572,#573,#574,#575,#576,#577,#578,#579,#580,#581,#582,#583,
#584,#585,#586,#587,#588,#589,#590,#591,#592,#593,#594,#595,#596,#597,#598,#599,
#600,#601,#602,#603,#604,#605,#606,#607,#608,#609,#610,#611,#612,#613,#614,#615,
#616,#617,#618,#619,#620,#621,#622,#623,#624,#625,#626,#627,#628,#629,#630,#631,
#632,#633),.UNSPECIFIED.,.F.,.F.,(4,1,1,1,1,1,1,1,1,1,1,1,1,1,1,1,1,1,1,1,1,1,1,
1,1,1,1,1,1,1,1,1,1,1,1,1,1,1,1,1,1,1,1,1,1,1,1,1,1,1,1,1,1,1,1,1,1,1,1,1,1,1,1,
1,1,1,1,1,1,1,1,4),(0.E0,1.408450704225E-2,2.816901408451E-2,4.225352112676E-2,
5.633802816901E-2,7.042253521127E-2,8.450704225352E-2,9.859154929577E-2,
1.126760563380E-1,1.267605633803E-1,1.408450704225E-1,1.549295774648E-1,
1.690140845070E-1,1.830985915493E-1,1.971830985915E-1,2.112676056338E-1,
2.253521126761E-1,2.394366197183E-1,2.535211267606E-1,2.676056338028E-1,
2.816901408451E-1,2.957746478873E-1,3.098591549296E-1,3.239436619718E-1,
3.380281690141E-1,3.521126760563E-1,3.661971830986E-1,3.802816901408E-1,
3.943661971831E-1,4.084507042254E-1,4.225352112676E-1,4.366197183099E-1,
4.507042253521E-1,4.647887323944E-1,4.788732394366E-1,4.929577464789E-1,
5.070422535211E-1,5.211267605634E-1,5.352112676056E-1,5.492957746479E-1,
5.633802816901E-1,5.774647887324E-1,5.915492957746E-1,6.056338028169E-1,
6.197183098592E-1,6.338028169014E-1,6.478873239437E-1,6.619718309859E-1,
6.760563380282E-1,6.901408450704E-1,7.042253521127E-1,7.183098591549E-1,
7.323943661972E-1,7.464788732394E-1,7.605633802817E-1,7.746478873239E-1,
7.887323943662E-1,8.028169014085E-1,8.169014084507E-1,8.309859154930E-1,
8.450704225352E-1,8.591549295775E-1,8.732394366197E-1,8.873239436620E-1,
9.014084507042E-1,9.154929577465E-1,9.295774647887E-1,9.436619718310E-1,
9.577464788732E-1,9.718309859155E-1,9.859154929577E-1,1.E0),.UNSPECIFIED.);
#722=B_SPLINE_CURVE_WITH_KNOTS('',3,(#639,#640,#641,#642,#643,#644,#645,#646,
#647,#648,#649,#650,#651,#652,#653,#654,#655,#656,#657,#658,#659,#660,#661,#662,
#663,#664,#665,#666,#667,#668,#669,#670,#671,#672,#673,#674,#675,#676,#677,#678,
#679,#680,#681,#682,#683,#684,#685,#686,#687,#688,#689,#690,#691,#692,#693,#694,
#695,#696,#697,#698,#699,#700,#701,#702,#703,#704,#705,#706,#707,#708,#709,#710,
#711,#712,#713,#714,#715,#716,#717,#718,#719,#720,#721),.UNSPECIFIED.,.F.,.F.,
(4,1,1,1,1,1,1,1,1,1,1,1,1,1,1,1,1,1,1,1,1,1,1,1,1,1,1,1,1,1,1,1,1,1,1,1,1,1,1,
1,1,1,1,1,1,1,1,1,1,1,1,1,1,1,1,1,1,1,1,1,1,1,1,1,1,1,1,1,1,1,1,1,1,1,1,1,1,1,1,
1,4),(0.E0,1.25E-2,2.5E-2,3.75E-2,5.E-2,6.25E-2,7.5E-2,8.75E-2,1.E-1,1.125E-1,
1.25E-1,1.375E-1,1.5E-1,1.625E-1,1.75E-1,1.875E-1,2.E-1,2.125E-1,2.25E-1,
2.375E-1,2.5E-1,2.625E-1,2.75E-1,2.875E-1,3.E-1,3.125E-1,3.25E-1,3.375E-1,
3.5E-1,3.625E-1,3.75E-1,3.875E-1,4.E-1,4.125E-1,4.25E-1,4.375E-1,4.5E-1,
4.625E-1,4.75E-1,4.875E-1,5.E-1,5.125E-1,5.25E-1,5.375E-1,5.5E-1,5.625E-1,
5.75E-1,5.875E-1,6.E-1,6.125E-1,6.25E-1,6.375E-1,6.5E-1,6.625E-1,6.75E-1,
6.875E-1,7.E-1,7.125E-1,7.25E-1,7.375E-1,7.5E-1,7.625E-1,7.75E-1,7.875E-1,8.E-1,
8.125E-1,8.25E-1,8.375E-1,8.5E-1,8.625E-1,8.75E-1,8.875E-1,9.E-1,9.125E-1,
9.25E-1,9.375E-1,9.5E-1,9.625E-1,9.75E-1,9.875E-1,1.E0),.UNSPECIFIED.);
#766=B_SPLINE_CURVE_WITH_KNOTS('',3,(#735,#736,#737,#738,#739,#740,#741,#742,
#743,#744,#745,#746,#747,#748,#749,#750,#751,#752,#753,#754,#755,#756,#757,#758,
#759,#760,#761,#762,#763,#764,#765),.UNSPECIFIED.,.F.,.F.,(4,1,1,1,1,1,1,1,1,1,
1,1,1,1,1,1,1,1,1,1,1,1,1,1,1,1,1,1,4),(0.E0,3.571428571429E-2,
7.142857142857E-2,1.071428571429E-1,1.428571428571E-1,1.785714285714E-1,
2.142857142857E-1,2.5E-1,2.857142857143E-1,3.214285714286E-1,3.571428571429E-1,
3.928571428571E-1,4.285714285714E-1,4.642857142857E-1,5.E-1,5.357142857143E-1,
5.714285714286E-1,6.071428571429E-1,6.428571428571E-1,6.785714285714E-1,
7.142857142857E-1,7.5E-1,7.857142857143E-1,8.214285714286E-1,8.571428571429E-1,
8.928571428571E-1,9.285714285714E-1,9.642857142857E-1,1.E0),.UNSPECIFIED.);
#802=B_SPLINE_CURVE_WITH_KNOTS('',3,(#771,#772,#773,#774,#775,#776,#777,#778,
#779,#780,#781,#782,#783,#784,#785,#786,#787,#788,#789,#790,#791,#792,#793,#794,
#795,#796,#797,#798,#799,#800,#801),.UNSPECIFIED.,.F.,.F.,(4,1,1,1,1,1,1,1,1,1,
1,1,1,1,1,1,1,1,1,1,1,1,1,1,1,1,1,1,4),(0.E0,3.571428571429E-2,
7.142857142857E-2,1.071428571429E-1,1.428571428571E-1,1.785714285714E-1,
2.142857142857E-1,2.5E-1,2.857142857143E-1,3.214285714286E-1,3.571428571429E-1,
3.928571428571E-1,4.285714285714E-1,4.642857142857E-1,5.E-1,5.357142857143E-1,
5.714285714286E-1,6.071428571429E-1,6.428571428571E-1,6.785714285714E-1,
7.142857142857E-1,7.5E-1,7.857142857143E-1,8.214285714286E-1,8.571428571429E-1,
8.928571428571E-1,9.285714285714E-1,9.642857142857E-1,1.E0),.UNSPECIFIED.);
#965=B_SPLINE_CURVE_WITH_KNOTS('',3,(#803,#804,#805,#806,#807,#808,#809,#810,
#811,#812,#813,#814,#815,#816,#817,#818,#819,#820,#821,#822,#823,#824,#825,#826,
#827,#828,#829,#830,#831,#832,#833,#834,#835,#836,#837,#838,#839,#840,#841,#842,
#843,#844,#845,#846,#847,#848,#849,#850,#851,#852,#853,#854,#855,#856,#857,#858,
#859,#860,#861,#862,#863,#864,#865,#866,#867,#868,#869,#870,#871,#872,#873,#874,
#875,#876,#877,#878,#879,#880,#881,#882,#883,#884,#885,#886,#887,#888,#889,#890,
#891,#892,#893,#894,#895,#896,#897,#898,#899,#900,#901,#902,#903,#904,#905,#906,
#907,#908,#909,#910,#911,#912,#913,#914,#915,#916,#917,#918,#919,#920,#921,#922,
#923,#924,#925,#926,#927,#928,#929,#930,#931,#932,#933,#934,#935,#936,#937,#938,
#939,#940,#941,#942,#943,#944,#945,#946,#947,#948,#949,#950,#951,#952,#953,#954,
#955,#956,#957,#958,#959,#960,#961,#962,#963,#964),.UNSPECIFIED.,.F.,.F.,(4,1,1,
1,1,1,1,1,1,1,1,1,1,1,1,1,1,1,1,1,1,1,1,1,1,1,1,1,1,1,1,1,1,1,1,1,1,1,1,1,1,1,1,
1,1,1,1,1,1,1,1,1,1,1,1,1,1,1,1,1,1,1,1,1,1,1,1,1,1,1,1,1,1,1,1,1,1,1,1,1,1,1,1,
1,1,1,1,1,1,1,1,1,1,1,1,1,1,1,1,1,1,1,1,1,1,1,1,1,1,1,1,1,1,1,1,1,1,1,1,1,1,1,1,
1,1,1,1,1,1,1,1,1,1,1,1,1,1,1,1,1,1,1,1,1,1,1,1,1,1,1,1,1,1,1,1,1,1,1,1,4),
(0.E0,6.289308176101E-3,1.257861635220E-2,1.886792452830E-2,2.515723270440E-2,
3.144654088050E-2,3.773584905660E-2,4.402515723270E-2,5.031446540881E-2,
5.660377358491E-2,6.289308176101E-2,6.918238993711E-2,7.547169811321E-2,
8.176100628931E-2,8.805031446541E-2,9.433962264151E-2,1.006289308176E-1,
1.069182389937E-1,1.132075471698E-1,1.194968553459E-1,1.257861635220E-1,
1.320754716981E-1,1.383647798742E-1,1.446540880503E-1,1.509433962264E-1,
1.572327044025E-1,1.635220125786E-1,1.698113207547E-1,1.761006289308E-1,
1.823899371069E-1,1.886792452830E-1,1.949685534591E-1,2.012578616352E-1,
2.075471698113E-1,2.138364779874E-1,2.201257861635E-1,2.264150943396E-1,
2.327044025157E-1,2.389937106918E-1,2.452830188679E-1,2.515723270440E-1,
2.578616352201E-1,2.641509433962E-1,2.704402515723E-1,2.767295597484E-1,
2.830188679245E-1,2.893081761006E-1,2.955974842767E-1,3.018867924528E-1,
3.081761006289E-1,3.144654088050E-1,3.207547169811E-1,3.270440251572E-1,
3.333333333333E-1,3.396226415094E-1,3.459119496855E-1,3.522012578616E-1,
3.584905660377E-1,3.647798742138E-1,3.710691823899E-1,3.773584905660E-1,
3.836477987421E-1,3.899371069182E-1,3.962264150943E-1,4.025157232704E-1,
4.088050314465E-1,4.150943396226E-1,4.213836477987E-1,4.276729559748E-1,
4.339622641509E-1,4.402515723270E-1,4.465408805031E-1,4.528301886792E-1,
4.591194968553E-1,4.654088050314E-1,4.716981132075E-1,4.779874213836E-1,
4.842767295597E-1,4.905660377358E-1,4.968553459119E-1,5.031446540881E-1,
5.094339622642E-1,5.157232704403E-1,5.220125786164E-1,5.283018867925E-1,
5.345911949686E-1,5.408805031447E-1,5.471698113208E-1,5.534591194969E-1,
5.597484276730E-1,5.660377358491E-1,5.723270440252E-1,5.786163522013E-1,
5.849056603774E-1,5.911949685535E-1,5.974842767296E-1,6.037735849057E-1,
6.100628930818E-1,6.163522012579E-1,6.226415094340E-1,6.289308176101E-1,
6.352201257862E-1,6.415094339623E-1,6.477987421384E-1,6.540880503145E-1,
6.603773584906E-1,6.666666666667E-1,6.729559748428E-1,6.792452830189E-1,
6.855345911950E-1,6.918238993711E-1,6.981132075472E-1,7.044025157233E-1,
7.106918238994E-1,7.169811320755E-1,7.232704402516E-1,7.295597484277E-1,
7.358490566038E-1,7.421383647799E-1,7.484276729560E-1,7.547169811321E-1,
7.610062893082E-1,7.672955974843E-1,7.735849056604E-1,7.798742138365E-1,
7.861635220126E-1,7.924528301887E-1,7.987421383648E-1,8.050314465409E-1,
8.113207547170E-1,8.176100628931E-1,8.238993710692E-1,8.301886792453E-1,
8.364779874214E-1,8.427672955975E-1,8.490566037736E-1,8.553459119497E-1,
8.616352201258E-1,8.679245283019E-1,8.742138364780E-1,8.805031446541E-1,
8.867924528302E-1,8.930817610063E-1,8.993710691824E-1,9.056603773585E-1,
9.119496855346E-1,9.182389937107E-1,9.245283018868E-1,9.308176100629E-1,
9.371069182390E-1,9.433962264151E-1,9.496855345912E-1,9.559748427673E-1,
9.622641509434E-1,9.685534591195E-1,9.748427672956E-1,9.811320754717E-1,
9.874213836478E-1,9.937106918239E-1,1.E0),.UNSPECIFIED.);
#1001=B_SPLINE_CURVE_WITH_KNOTS('',3,(#970,#971,#972,#973,#974,#975,#976,#977,
#978,#979,#980,#981,#982,#983,#984,#985,#986,#987,#988,#989,#990,#991,#992,#993,
#994,#995,#996,#997,#998,#999,#1000),.UNSPECIFIED.,.F.,.F.,(4,1,1,1,1,1,1,1,1,1,
1,1,1,1,1,1,1,1,1,1,1,1,1,1,1,1,1,1,4),(0.E0,3.571428571429E-2,
7.142857142857E-2,1.071428571429E-1,1.428571428571E-1,1.785714285714E-1,
2.142857142857E-1,2.5E-1,2.857142857143E-1,3.214285714286E-1,3.571428571429E-1,
3.928571428571E-1,4.285714285714E-1,4.642857142857E-1,5.E-1,5.357142857143E-1,
5.714285714286E-1,6.071428571429E-1,6.428571428571E-1,6.785714285714E-1,
7.142857142857E-1,7.5E-1,7.857142857143E-1,8.214285714286E-1,8.571428571429E-1,
8.928571428571E-1,9.285714285714E-1,9.642857142857E-1,1.E0),.UNSPECIFIED.);
#1033=B_SPLINE_CURVE_WITH_KNOTS('',3,(#1002,#1003,#1004,#1005,#1006,#1007,#1008,
#1009,#1010,#1011,#1012,#1013,#1014,#1015,#1016,#1017,#1018,#1019,#1020,#1021,
#1022,#1023,#1024,#1025,#1026,#1027,#1028,#1029,#1030,#1031,#1032),
.UNSPECIFIED.,.F.,.F.,(4,1,1,1,1,1,1,1,1,1,1,1,1,1,1,1,1,1,1,1,1,1,1,1,1,1,1,1,
4),(0.E0,3.571428571429E-2,7.142857142857E-2,1.071428571429E-1,
1.428571428571E-1,1.785714285714E-1,2.142857142857E-1,2.5E-1,2.857142857143E-1,
3.214285714286E-1,3.571428571429E-1,3.928571428571E-1,4.285714285714E-1,
4.642857142857E-1,5.E-1,5.357142857143E-1,5.714285714286E-1,6.071428571429E-1,
6.428571428571E-1,6.785714285714E-1,7.142857142857E-1,7.5E-1,7.857142857143E-1,
8.214285714286E-1,8.571428571429E-1,8.928571428571E-1,9.285714285714E-1,
9.642857142857E-1,1.E0),.UNSPECIFIED.);
#1069=B_SPLINE_CURVE_WITH_KNOTS('',3,(#1038,#1039,#1040,#1041,#1042,#1043,#1044,
#1045,#1046,#1047,#1048,#1049,#1050,#1051,#1052,#1053,#1054,#1055,#1056,#1057,
#1058,#1059,#1060,#1061,#1062,#1063,#1064,#1065,#1066,#1067,#1068),
.UNSPECIFIED.,.F.,.F.,(4,1,1,1,1,1,1,1,1,1,1,1,1,1,1,1,1,1,1,1,1,1,1,1,1,1,1,1,
4),(0.E0,3.571428571429E-2,7.142857142857E-2,1.071428571429E-1,
1.428571428571E-1,1.785714285714E-1,2.142857142857E-1,2.5E-1,2.857142857143E-1,
3.214285714286E-1,3.571428571429E-1,3.928571428571E-1,4.285714285714E-1,
4.642857142857E-1,5.E-1,5.357142857143E-1,5.714285714286E-1,6.071428571429E-1,
6.428571428571E-1,6.785714285714E-1,7.142857142857E-1,7.5E-1,7.857142857143E-1,
8.214285714286E-1,8.571428571429E-1,8.928571428571E-1,9.285714285714E-1,
9.642857142857E-1,1.E0),.UNSPECIFIED.);
#1105=B_SPLINE_CURVE_WITH_KNOTS('',3,(#1074,#1075,#1076,#1077,#1078,#1079,#1080,
#1081,#1082,#1083,#1084,#1085,#1086,#1087,#1088,#1089,#1090,#1091,#1092,#1093,
#1094,#1095,#1096,#1097,#1098,#1099,#1100,#1101,#1102,#1103,#1104),
.UNSPECIFIED.,.F.,.F.,(4,1,1,1,1,1,1,1,1,1,1,1,1,1,1,1,1,1,1,1,1,1,1,1,1,1,1,1,
4),(0.E0,3.571428571429E-2,7.142857142857E-2,1.071428571429E-1,
1.428571428571E-1,1.785714285714E-1,2.142857142857E-1,2.5E-1,2.857142857143E-1,
3.214285714286E-1,3.571428571429E-1,3.928571428571E-1,4.285714285714E-1,
4.642857142857E-1,5.E-1,5.357142857143E-1,5.714285714286E-1,6.071428571429E-1,
6.428571428571E-1,6.785714285714E-1,7.142857142857E-1,7.5E-1,7.857142857143E-1,
8.214285714286E-1,8.571428571429E-1,8.928571428571E-1,9.285714285714E-1,
9.642857142857E-1,1.E0),.UNSPECIFIED.);
#1185=B_SPLINE_CURVE_WITH_KNOTS('',3,(#1106,#1107,#1108,#1109,#1110,#1111,#1112,
#1113,#1114,#1115,#1116,#1117,#1118,#1119,#1120,#1121,#1122,#1123,#1124,#1125,
#1126,#1127,#1128,#1129,#1130,#1131,#1132,#1133,#1134,#1135,#1136,#1137,#1138,
#1139,#1140,#1141,#1142,#1143,#1144,#1145,#1146,#1147,#1148,#1149,#1150,#1151,
#1152,#1153,#1154,#1155,#1156,#1157,#1158,#1159,#1160,#1161,#1162,#1163,#1164,
#1165,#1166,#1167,#1168,#1169,#1170,#1171,#1172,#1173,#1174,#1175,#1176,#1177,
#1178,#1179,#1180,#1181,#1182,#1183,#1184),.UNSPECIFIED.,.F.,.F.,(4,1,1,1,1,1,1,
1,1,1,1,1,1,1,1,1,1,1,1,1,1,1,1,1,1,1,1,1,1,1,1,1,1,1,1,1,1,1,1,1,1,1,1,1,1,1,1,
1,1,1,1,1,1,1,1,1,1,1,1,1,1,1,1,1,1,1,1,1,1,1,1,1,1,1,1,1,4),(0.E0,
1.315789473684E-2,2.631578947368E-2,3.947368421053E-2,5.263157894737E-2,
6.578947368421E-2,7.894736842105E-2,9.210526315789E-2,1.052631578947E-1,
1.184210526316E-1,1.315789473684E-1,1.447368421053E-1,1.578947368421E-1,
1.710526315789E-1,1.842105263158E-1,1.973684210526E-1,2.105263157895E-1,
2.236842105263E-1,2.368421052632E-1,2.5E-1,2.631578947368E-1,2.763157894737E-1,
2.894736842105E-1,3.026315789474E-1,3.157894736842E-1,3.289473684211E-1,
3.421052631579E-1,3.552631578947E-1,3.684210526316E-1,3.815789473684E-1,
3.947368421053E-1,4.078947368421E-1,4.210526315789E-1,4.342105263158E-1,
4.473684210526E-1,4.605263157895E-1,4.736842105263E-1,4.868421052632E-1,5.E-1,
5.131578947368E-1,5.263157894737E-1,5.394736842105E-1,5.526315789474E-1,
5.657894736842E-1,5.789473684211E-1,5.921052631579E-1,6.052631578947E-1,
6.184210526316E-1,6.315789473684E-1,6.447368421053E-1,6.578947368421E-1,
6.710526315789E-1,6.842105263158E-1,6.973684210526E-1,7.105263157895E-1,
7.236842105263E-1,7.368421052632E-1,7.5E-1,7.631578947368E-1,7.763157894737E-1,
7.894736842105E-1,8.026315789474E-1,8.157894736842E-1,8.289473684211E-1,
8.421052631579E-1,8.552631578947E-1,8.684210526316E-1,8.815789473684E-1,
8.947368421053E-1,9.078947368421E-1,9.210526315789E-1,9.342105263158E-1,
9.473684210526E-1,9.605263157895E-1,9.736842105263E-1,9.868421052632E-1,1.E0),
.UNSPECIFIED.);
#1229=B_SPLINE_CURVE_WITH_KNOTS('',3,(#1186,#1187,#1188,#1189,#1190,#1191,#1192,
#1193,#1194,#1195,#1196,#1197,#1198,#1199,#1200,#1201,#1202,#1203,#1204,#1205,
#1206,#1207,#1208,#1209,#1210,#1211,#1212,#1213,#1214,#1215,#1216,#1217,#1218,
#1219,#1220,#1221,#1222,#1223,#1224,#1225,#1226,#1227,#1228),.UNSPECIFIED.,.F.,
.F.,(4,1,1,1,1,1,1,1,1,1,1,1,1,1,1,1,1,1,1,1,1,1,1,1,1,1,1,1,1,1,1,1,1,1,1,1,1,
1,1,1,4),(0.E0,2.5E-2,5.E-2,7.5E-2,1.E-1,1.25E-1,1.5E-1,1.75E-1,2.E-1,2.25E-1,
2.5E-1,2.75E-1,3.E-1,3.25E-1,3.5E-1,3.75E-1,4.E-1,4.25E-1,4.5E-1,4.75E-1,5.E-1,
5.25E-1,5.5E-1,5.75E-1,6.E-1,6.25E-1,6.5E-1,6.75E-1,7.E-1,7.25E-1,7.5E-1,
7.75E-1,8.E-1,8.25E-1,8.5E-1,8.75E-1,9.E-1,9.25E-1,9.5E-1,9.75E-1,1.E0),
.UNSPECIFIED.);
#1234=CIRCLE('',#1233,1.218503937008E-1);
#1262=B_SPLINE_CURVE_WITH_KNOTS('',3,(#1235,#1236,#1237,#1238,#1239,#1240,#1241,
#1242,#1243,#1244,#1245,#1246,#1247,#1248,#1249,#1250,#1251,#1252,#1253,#1254,
#1255,#1256,#1257,#1258,#1259,#1260,#1261),.UNSPECIFIED.,.F.,.F.,(4,1,1,1,1,1,1,
1,1,1,1,1,1,1,1,1,1,1,1,1,1,1,1,1,4),(0.E0,4.166666666667E-2,8.333333333333E-2,
1.25E-1,1.666666666667E-1,2.083333333333E-1,2.5E-1,2.916666666667E-1,
3.333333333333E-1,3.75E-1,4.166666666667E-1,4.583333333333E-1,5.E-1,
5.416666666667E-1,5.833333333333E-1,6.25E-1,6.666666666667E-1,7.083333333333E-1,
7.5E-1,7.916666666667E-1,8.333333333333E-1,8.75E-1,9.166666666667E-1,
9.583333333333E-1,1.E0),.UNSPECIFIED.);
#1294=B_SPLINE_CURVE_WITH_KNOTS('',3,(#1263,#1264,#1265,#1266,#1267,#1268,#1269,
#1270,#1271,#1272,#1273,#1274,#1275,#1276,#1277,#1278,#1279,#1280,#1281,#1282,
#1283,#1284,#1285,#1286,#1287,#1288,#1289,#1290,#1291,#1292,#1293),
.UNSPECIFIED.,.F.,.F.,(4,1,1,1,1,1,1,1,1,1,1,1,1,1,1,1,1,1,1,1,1,1,1,1,1,1,1,1,
4),(0.E0,3.571428571429E-2,7.142857142857E-2,1.071428571429E-1,
1.428571428571E-1,1.785714285714E-1,2.142857142857E-1,2.5E-1,2.857142857143E-1,
3.214285714286E-1,3.571428571429E-1,3.928571428571E-1,4.285714285714E-1,
4.642857142857E-1,5.E-1,5.357142857143E-1,5.714285714286E-1,6.071428571429E-1,
6.428571428571E-1,6.785714285714E-1,7.142857142857E-1,7.5E-1,7.857142857143E-1,
8.214285714286E-1,8.571428571429E-1,8.928571428571E-1,9.285714285714E-1,
9.642857142857E-1,1.E0),.UNSPECIFIED.);
#1312=B_SPLINE_CURVE_WITH_KNOTS('',3,(#1295,#1296,#1297,#1298,#1299,#1300,#1301,
#1302,#1303,#1304,#1305,#1306,#1307,#1308,#1309,#1310,#1311),.UNSPECIFIED.,.F.,
.F.,(4,1,1,1,1,1,1,1,1,1,1,1,1,1,4),(0.E0,7.142857142857E-2,1.428571428571E-1,
2.142857142857E-1,2.857142857143E-1,3.571428571429E-1,4.285714285714E-1,5.E-1,
5.714285714286E-1,6.428571428571E-1,7.142857142857E-1,7.857142857143E-1,
8.571428571429E-1,9.285714285714E-1,1.E0),.UNSPECIFIED.);
#1321=CIRCLE('',#1320,1.049212598425E-1);
#1333=B_SPLINE_CURVE_WITH_KNOTS('',3,(#1326,#1327,#1328,#1329,#1330,#1331,
#1332),.UNSPECIFIED.,.F.,.F.,(4,1,1,1,4),(0.E0,2.5E-1,5.E-1,7.5E-1,1.E0),
.UNSPECIFIED.);
#1349=B_SPLINE_CURVE_WITH_KNOTS('',3,(#1334,#1335,#1336,#1337,#1338,#1339,#1340,
#1341,#1342,#1343,#1344,#1345,#1346,#1347,#1348),.UNSPECIFIED.,.F.,.F.,(4,1,1,1,
1,1,1,1,1,1,1,1,4),(0.E0,8.333333333333E-2,1.666666666667E-1,2.5E-1,
3.333333333333E-1,4.166666666667E-1,5.E-1,5.833333333333E-1,6.666666666667E-1,
7.5E-1,8.333333333333E-1,9.166666666667E-1,1.E0),.UNSPECIFIED.);
#1354=CIRCLE('',#1353,1.075E-1);
#1385=B_SPLINE_CURVE_WITH_KNOTS('',3,(#1355,#1356,#1357,#1358,#1359,#1360,#1361,
#1362,#1363,#1364,#1365,#1366,#1367,#1368,#1369,#1370,#1371,#1372,#1373,#1374,
#1375,#1376,#1377,#1378,#1379,#1380,#1381,#1382,#1383,#1384),.UNSPECIFIED.,.F.,
.F.,(4,1,1,1,1,1,1,1,1,1,1,1,1,1,1,1,1,1,1,1,1,1,1,1,1,1,1,4),(0.E0,
3.703703703704E-2,7.407407407407E-2,1.111111111111E-1,1.481481481481E-1,
1.851851851852E-1,2.222222222222E-1,2.592592592593E-1,2.962962962963E-1,
3.333333333333E-1,3.703703703704E-1,4.074074074074E-1,4.444444444444E-1,
4.814814814815E-1,5.185185185185E-1,5.555555555556E-1,5.925925925926E-1,
6.296296296296E-1,6.666666666667E-1,7.037037037037E-1,7.407407407407E-1,
7.777777777778E-1,8.148148148148E-1,8.518518518519E-1,8.888888888889E-1,
9.259259259259E-1,9.629629629630E-1,1.E0),.UNSPECIFIED.);
#1390=CIRCLE('',#1389,1.049212598425E-1);
#1399=CIRCLE('',#1398,1.049212598425E-1);
#1408=CIRCLE('',#1407,1.049212598425E-1);
#1417=CIRCLE('',#1416,1.235E-1);
#1426=CIRCLE('',#1425,1.235E-1);
#1443=CIRCLE('',#1442,1.235E-1);
#1452=CIRCLE('',#1451,1.235E-1);
#1465=CIRCLE('',#1464,1.235E-1);
#1474=CIRCLE('',#1473,1.235E-1);
#1479=CIRCLE('',#1478,4.921259842520E-3);
#1484=CIRCLE('',#1483,4.921259842520E-3);
#1529=CIRCLE('',#1528,1.235E-1);
#1538=CIRCLE('',#1537,1.235E-1);
#1543=B_SPLINE_CURVE_WITH_KNOTS('',3,(#1539,#1540,#1541,#1542),.UNSPECIFIED.,
.F.,.F.,(4,4),(0.E0,1.E0),.UNSPECIFIED.);
#1548=B_SPLINE_CURVE_WITH_KNOTS('',3,(#1544,#1545,#1546,#1547),.UNSPECIFIED.,
.F.,.F.,(4,4),(0.E0,1.E0),.UNSPECIFIED.);
#1573=B_SPLINE_CURVE_WITH_KNOTS('',3,(#1569,#1570,#1571,#1572),.UNSPECIFIED.,
.F.,.F.,(4,4),(0.E0,1.E0),.UNSPECIFIED.);
#1582=CIRCLE('',#1581,1.235E-1);
#1619=CIRCLE('',#1618,1.235E-1);
#1636=B_SPLINE_CURVE_WITH_KNOTS('',3,(#1632,#1633,#1634,#1635),.UNSPECIFIED.,
.F.,.F.,(4,4),(0.E0,1.E0),.UNSPECIFIED.);
#1641=CIRCLE('',#1640,4.921259842520E-3);
#1650=CIRCLE('',#1649,4.921259842520E-3);
#1659=CIRCLE('',#1658,4.921259842520E-3);
#1664=CIRCLE('',#1663,4.921259842520E-3);
#1735=B_SPLINE_CURVE_WITH_KNOTS('',3,(#1665,#1666,#1667,#1668,#1669,#1670,#1671,
#1672,#1673,#1674,#1675,#1676,#1677,#1678,#1679,#1680,#1681,#1682,#1683,#1684,
#1685,#1686,#1687,#1688,#1689,#1690,#1691,#1692,#1693,#1694,#1695,#1696,#1697,
#1698,#1699,#1700,#1701,#1702,#1703,#1704,#1705,#1706,#1707,#1708,#1709,#1710,
#1711,#1712,#1713,#1714,#1715,#1716,#1717,#1718,#1719,#1720,#1721,#1722,#1723,
#1724,#1725,#1726,#1727,#1728,#1729,#1730,#1731,#1732,#1733,#1734),
.UNSPECIFIED.,.F.,.F.,(4,1,1,1,1,1,1,1,1,1,1,1,1,1,1,1,1,1,1,1,1,1,1,1,1,1,1,1,
1,1,1,1,1,1,1,1,1,1,1,1,1,1,1,1,1,1,1,1,1,1,1,1,1,1,1,1,1,1,1,1,1,1,1,1,1,1,1,
4),(0.E0,1.492537313433E-2,2.985074626866E-2,4.477611940299E-2,
5.970149253731E-2,7.462686567164E-2,8.955223880597E-2,1.044776119403E-1,
1.194029850746E-1,1.343283582090E-1,1.492537313433E-1,1.641791044776E-1,
1.791044776119E-1,1.940298507463E-1,2.089552238806E-1,2.238805970149E-1,
2.388059701493E-1,2.537313432836E-1,2.686567164179E-1,2.835820895522E-1,
2.985074626866E-1,3.134328358209E-1,3.283582089552E-1,3.432835820896E-1,
3.582089552239E-1,3.731343283582E-1,3.880597014925E-1,4.029850746269E-1,
4.179104477612E-1,4.328358208955E-1,4.477611940299E-1,4.626865671642E-1,
4.776119402985E-1,4.925373134328E-1,5.074626865672E-1,5.223880597015E-1,
5.373134328358E-1,5.522388059701E-1,5.671641791045E-1,5.820895522388E-1,
5.970149253731E-1,6.119402985075E-1,6.268656716418E-1,6.417910447761E-1,
6.567164179104E-1,6.716417910448E-1,6.865671641791E-1,7.014925373134E-1,
7.164179104478E-1,7.313432835821E-1,7.462686567164E-1,7.611940298507E-1,
7.761194029851E-1,7.910447761194E-1,8.059701492537E-1,8.208955223881E-1,
8.358208955224E-1,8.507462686567E-1,8.656716417910E-1,8.805970149254E-1,
8.955223880597E-1,9.104477611940E-1,9.253731343284E-1,9.402985074627E-1,
9.552238805970E-1,9.701492537313E-1,9.850746268657E-1,1.E0),.UNSPECIFIED.);
#1902=B_SPLINE_CURVE_WITH_KNOTS('',3,(#1740,#1741,#1742,#1743,#1744,#1745,#1746,
#1747,#1748,#1749,#1750,#1751,#1752,#1753,#1754,#1755,#1756,#1757,#1758,#1759,
#1760,#1761,#1762,#1763,#1764,#1765,#1766,#1767,#1768,#1769,#1770,#1771,#1772,
#1773,#1774,#1775,#1776,#1777,#1778,#1779,#1780,#1781,#1782,#1783,#1784,#1785,
#1786,#1787,#1788,#1789,#1790,#1791,#1792,#1793,#1794,#1795,#1796,#1797,#1798,
#1799,#1800,#1801,#1802,#1803,#1804,#1805,#1806,#1807,#1808,#1809,#1810,#1811,
#1812,#1813,#1814,#1815,#1816,#1817,#1818,#1819,#1820,#1821,#1822,#1823,#1824,
#1825,#1826,#1827,#1828,#1829,#1830,#1831,#1832,#1833,#1834,#1835,#1836,#1837,
#1838,#1839,#1840,#1841,#1842,#1843,#1844,#1845,#1846,#1847,#1848,#1849,#1850,
#1851,#1852,#1853,#1854,#1855,#1856,#1857,#1858,#1859,#1860,#1861,#1862,#1863,
#1864,#1865,#1866,#1867,#1868,#1869,#1870,#1871,#1872,#1873,#1874,#1875,#1876,
#1877,#1878,#1879,#1880,#1881,#1882,#1883,#1884,#1885,#1886,#1887,#1888,#1889,
#1890,#1891,#1892,#1893,#1894,#1895,#1896,#1897,#1898,#1899,#1900,#1901),
.UNSPECIFIED.,.F.,.F.,(4,1,1,1,1,1,1,1,1,1,1,1,1,1,1,1,1,1,1,1,1,1,1,1,1,1,1,1,
1,1,1,1,1,1,1,1,1,1,1,1,1,1,1,1,1,1,1,1,1,1,1,1,1,1,1,1,1,1,1,1,1,1,1,1,1,1,1,1,
1,1,1,1,1,1,1,1,1,1,1,1,1,1,1,1,1,1,1,1,1,1,1,1,1,1,1,1,1,1,1,1,1,1,1,1,1,1,1,1,
1,1,1,1,1,1,1,1,1,1,1,1,1,1,1,1,1,1,1,1,1,1,1,1,1,1,1,1,1,1,1,1,1,1,1,1,1,1,1,1,
1,1,1,1,1,1,1,1,1,1,1,4),(0.E0,6.289308176101E-3,1.257861635220E-2,
1.886792452830E-2,2.515723270440E-2,3.144654088050E-2,3.773584905660E-2,
4.402515723270E-2,5.031446540881E-2,5.660377358491E-2,6.289308176101E-2,
6.918238993711E-2,7.547169811321E-2,8.176100628931E-2,8.805031446541E-2,
9.433962264151E-2,1.006289308176E-1,1.069182389937E-1,1.132075471698E-1,
1.194968553459E-1,1.257861635220E-1,1.320754716981E-1,1.383647798742E-1,
1.446540880503E-1,1.509433962264E-1,1.572327044025E-1,1.635220125786E-1,
1.698113207547E-1,1.761006289308E-1,1.823899371069E-1,1.886792452830E-1,
1.949685534591E-1,2.012578616352E-1,2.075471698113E-1,2.138364779874E-1,
2.201257861635E-1,2.264150943396E-1,2.327044025157E-1,2.389937106918E-1,
2.452830188679E-1,2.515723270440E-1,2.578616352201E-1,2.641509433962E-1,
2.704402515723E-1,2.767295597484E-1,2.830188679245E-1,2.893081761006E-1,
2.955974842767E-1,3.018867924528E-1,3.081761006289E-1,3.144654088050E-1,
3.207547169811E-1,3.270440251572E-1,3.333333333333E-1,3.396226415094E-1,
3.459119496855E-1,3.522012578616E-1,3.584905660377E-1,3.647798742138E-1,
3.710691823899E-1,3.773584905660E-1,3.836477987421E-1,3.899371069182E-1,
3.962264150943E-1,4.025157232704E-1,4.088050314465E-1,4.150943396226E-1,
4.213836477987E-1,4.276729559748E-1,4.339622641509E-1,4.402515723270E-1,
4.465408805031E-1,4.528301886792E-1,4.591194968553E-1,4.654088050314E-1,
4.716981132075E-1,4.779874213836E-1,4.842767295597E-1,4.905660377358E-1,
4.968553459119E-1,5.031446540881E-1,5.094339622642E-1,5.157232704403E-1,
5.220125786164E-1,5.283018867925E-1,5.345911949686E-1,5.408805031447E-1,
5.471698113208E-1,5.534591194969E-1,5.597484276730E-1,5.660377358491E-1,
5.723270440252E-1,5.786163522013E-1,5.849056603774E-1,5.911949685535E-1,
5.974842767296E-1,6.037735849057E-1,6.100628930818E-1,6.163522012579E-1,
6.226415094340E-1,6.289308176101E-1,6.352201257862E-1,6.415094339623E-1,
6.477987421384E-1,6.540880503145E-1,6.603773584906E-1,6.666666666667E-1,
6.729559748428E-1,6.792452830189E-1,6.855345911950E-1,6.918238993711E-1,
6.981132075472E-1,7.044025157233E-1,7.106918238994E-1,7.169811320755E-1,
7.232704402516E-1,7.295597484277E-1,7.358490566038E-1,7.421383647799E-1,
7.484276729560E-1,7.547169811321E-1,7.610062893082E-1,7.672955974843E-1,
7.735849056604E-1,7.798742138365E-1,7.861635220126E-1,7.924528301887E-1,
7.987421383648E-1,8.050314465409E-1,8.113207547170E-1,8.176100628931E-1,
8.238993710692E-1,8.301886792453E-1,8.364779874214E-1,8.427672955975E-1,
8.490566037736E-1,8.553459119497E-1,8.616352201258E-1,8.679245283019E-1,
8.742138364780E-1,8.805031446541E-1,8.867924528302E-1,8.930817610063E-1,
8.993710691824E-1,9.056603773585E-1,9.119496855346E-1,9.182389937107E-1,
9.245283018868E-1,9.308176100629E-1,9.371069182390E-1,9.433962264151E-1,
9.496855345912E-1,9.559748427673E-1,9.622641509434E-1,9.685534591195E-1,
9.748427672956E-1,9.811320754717E-1,9.874213836478E-1,9.937106918239E-1,1.E0),
.UNSPECIFIED.);
#1942=B_SPLINE_CURVE_WITH_KNOTS('',3,(#1911,#1912,#1913,#1914,#1915,#1916,#1917,
#1918,#1919,#1920,#1921,#1922,#1923,#1924,#1925,#1926,#1927,#1928,#1929,#1930,
#1931,#1932,#1933,#1934,#1935,#1936,#1937,#1938,#1939,#1940,#1941),
.UNSPECIFIED.,.F.,.F.,(4,1,1,1,1,1,1,1,1,1,1,1,1,1,1,1,1,1,1,1,1,1,1,1,1,1,1,1,
4),(0.E0,3.571428571429E-2,7.142857142857E-2,1.071428571429E-1,
1.428571428571E-1,1.785714285714E-1,2.142857142857E-1,2.5E-1,2.857142857143E-1,
3.214285714286E-1,3.571428571429E-1,3.928571428571E-1,4.285714285714E-1,
4.642857142857E-1,5.E-1,5.357142857143E-1,5.714285714286E-1,6.071428571429E-1,
6.428571428571E-1,6.785714285714E-1,7.142857142857E-1,7.5E-1,7.857142857143E-1,
8.214285714286E-1,8.571428571429E-1,8.928571428571E-1,9.285714285714E-1,
9.642857142857E-1,1.E0),.UNSPECIFIED.);
#1978=B_SPLINE_CURVE_WITH_KNOTS('',3,(#1947,#1948,#1949,#1950,#1951,#1952,#1953,
#1954,#1955,#1956,#1957,#1958,#1959,#1960,#1961,#1962,#1963,#1964,#1965,#1966,
#1967,#1968,#1969,#1970,#1971,#1972,#1973,#1974,#1975,#1976,#1977),
.UNSPECIFIED.,.F.,.F.,(4,1,1,1,1,1,1,1,1,1,1,1,1,1,1,1,1,1,1,1,1,1,1,1,1,1,1,1,
4),(0.E0,3.571428571429E-2,7.142857142857E-2,1.071428571429E-1,
1.428571428571E-1,1.785714285714E-1,2.142857142857E-1,2.5E-1,2.857142857143E-1,
3.214285714286E-1,3.571428571429E-1,3.928571428571E-1,4.285714285714E-1,
4.642857142857E-1,5.E-1,5.357142857143E-1,5.714285714286E-1,6.071428571429E-1,
6.428571428571E-1,6.785714285714E-1,7.142857142857E-1,7.5E-1,7.857142857143E-1,
8.214285714286E-1,8.571428571429E-1,8.928571428571E-1,9.285714285714E-1,
9.642857142857E-1,1.E0),.UNSPECIFIED.);
#2010=B_SPLINE_CURVE_WITH_KNOTS('',3,(#1979,#1980,#1981,#1982,#1983,#1984,#1985,
#1986,#1987,#1988,#1989,#1990,#1991,#1992,#1993,#1994,#1995,#1996,#1997,#1998,
#1999,#2000,#2001,#2002,#2003,#2004,#2005,#2006,#2007,#2008,#2009),
.UNSPECIFIED.,.F.,.F.,(4,1,1,1,1,1,1,1,1,1,1,1,1,1,1,1,1,1,1,1,1,1,1,1,1,1,1,1,
4),(0.E0,3.571428571429E-2,7.142857142857E-2,1.071428571429E-1,
1.428571428571E-1,1.785714285714E-1,2.142857142857E-1,2.5E-1,2.857142857143E-1,
3.214285714286E-1,3.571428571429E-1,3.928571428571E-1,4.285714285714E-1,
4.642857142857E-1,5.E-1,5.357142857143E-1,5.714285714286E-1,6.071428571429E-1,
6.428571428571E-1,6.785714285714E-1,7.142857142857E-1,7.5E-1,7.857142857143E-1,
8.214285714286E-1,8.571428571429E-1,8.928571428571E-1,9.285714285714E-1,
9.642857142857E-1,1.E0),.UNSPECIFIED.);
#2042=B_SPLINE_CURVE_WITH_KNOTS('',3,(#2011,#2012,#2013,#2014,#2015,#2016,#2017,
#2018,#2019,#2020,#2021,#2022,#2023,#2024,#2025,#2026,#2027,#2028,#2029,#2030,
#2031,#2032,#2033,#2034,#2035,#2036,#2037,#2038,#2039,#2040,#2041),
.UNSPECIFIED.,.F.,.F.,(4,1,1,1,1,1,1,1,1,1,1,1,1,1,1,1,1,1,1,1,1,1,1,1,1,1,1,1,
4),(0.E0,3.571428571429E-2,7.142857142857E-2,1.071428571429E-1,
1.428571428571E-1,1.785714285714E-1,2.142857142857E-1,2.5E-1,2.857142857143E-1,
3.214285714286E-1,3.571428571429E-1,3.928571428571E-1,4.285714285714E-1,
4.642857142857E-1,5.E-1,5.357142857143E-1,5.714285714286E-1,6.071428571429E-1,
6.428571428571E-1,6.785714285714E-1,7.142857142857E-1,7.5E-1,7.857142857143E-1,
8.214285714286E-1,8.571428571429E-1,8.928571428571E-1,9.285714285714E-1,
9.642857142857E-1,1.E0),.UNSPECIFIED.);
#2074=B_SPLINE_CURVE_WITH_KNOTS('',3,(#2043,#2044,#2045,#2046,#2047,#2048,#2049,
#2050,#2051,#2052,#2053,#2054,#2055,#2056,#2057,#2058,#2059,#2060,#2061,#2062,
#2063,#2064,#2065,#2066,#2067,#2068,#2069,#2070,#2071,#2072,#2073),
.UNSPECIFIED.,.F.,.F.,(4,1,1,1,1,1,1,1,1,1,1,1,1,1,1,1,1,1,1,1,1,1,1,1,1,1,1,1,
4),(0.E0,3.571428571429E-2,7.142857142857E-2,1.071428571429E-1,
1.428571428571E-1,1.785714285714E-1,2.142857142857E-1,2.5E-1,2.857142857143E-1,
3.214285714286E-1,3.571428571429E-1,3.928571428571E-1,4.285714285714E-1,
4.642857142857E-1,5.E-1,5.357142857143E-1,5.714285714286E-1,6.071428571429E-1,
6.428571428571E-1,6.785714285714E-1,7.142857142857E-1,7.5E-1,7.857142857143E-1,
8.214285714286E-1,8.571428571429E-1,8.928571428571E-1,9.285714285714E-1,
9.642857142857E-1,1.E0),.UNSPECIFIED.);
#2106=B_SPLINE_CURVE_WITH_KNOTS('',3,(#2075,#2076,#2077,#2078,#2079,#2080,#2081,
#2082,#2083,#2084,#2085,#2086,#2087,#2088,#2089,#2090,#2091,#2092,#2093,#2094,
#2095,#2096,#2097,#2098,#2099,#2100,#2101,#2102,#2103,#2104,#2105),
.UNSPECIFIED.,.F.,.F.,(4,1,1,1,1,1,1,1,1,1,1,1,1,1,1,1,1,1,1,1,1,1,1,1,1,1,1,1,
4),(0.E0,3.571428571429E-2,7.142857142857E-2,1.071428571429E-1,
1.428571428571E-1,1.785714285714E-1,2.142857142857E-1,2.5E-1,2.857142857143E-1,
3.214285714286E-1,3.571428571429E-1,3.928571428571E-1,4.285714285714E-1,
4.642857142857E-1,5.E-1,5.357142857143E-1,5.714285714286E-1,6.071428571429E-1,
6.428571428571E-1,6.785714285714E-1,7.142857142857E-1,7.5E-1,7.857142857143E-1,
8.214285714286E-1,8.571428571429E-1,8.928571428571E-1,9.285714285714E-1,
9.642857142857E-1,1.E0),.UNSPECIFIED.);
#2142=B_SPLINE_CURVE_WITH_KNOTS('',3,(#2111,#2112,#2113,#2114,#2115,#2116,#2117,
#2118,#2119,#2120,#2121,#2122,#2123,#2124,#2125,#2126,#2127,#2128,#2129,#2130,
#2131,#2132,#2133,#2134,#2135,#2136,#2137,#2138,#2139,#2140,#2141),
.UNSPECIFIED.,.F.,.F.,(4,1,1,1,1,1,1,1,1,1,1,1,1,1,1,1,1,1,1,1,1,1,1,1,1,1,1,1,
4),(0.E0,3.571428571429E-2,7.142857142857E-2,1.071428571429E-1,
1.428571428571E-1,1.785714285714E-1,2.142857142857E-1,2.5E-1,2.857142857143E-1,
3.214285714286E-1,3.571428571429E-1,3.928571428571E-1,4.285714285714E-1,
4.642857142857E-1,5.E-1,5.357142857143E-1,5.714285714286E-1,6.071428571429E-1,
6.428571428571E-1,6.785714285714E-1,7.142857142857E-1,7.5E-1,7.857142857143E-1,
8.214285714286E-1,8.571428571429E-1,8.928571428571E-1,9.285714285714E-1,
9.642857142857E-1,1.E0),.UNSPECIFIED.);
#2178=B_SPLINE_CURVE_WITH_KNOTS('',3,(#2147,#2148,#2149,#2150,#2151,#2152,#2153,
#2154,#2155,#2156,#2157,#2158,#2159,#2160,#2161,#2162,#2163,#2164,#2165,#2166,
#2167,#2168,#2169,#2170,#2171,#2172,#2173,#2174,#2175,#2176,#2177),
.UNSPECIFIED.,.F.,.F.,(4,1,1,1,1,1,1,1,1,1,1,1,1,1,1,1,1,1,1,1,1,1,1,1,1,1,1,1,
4),(0.E0,3.571428571429E-2,7.142857142857E-2,1.071428571429E-1,
1.428571428571E-1,1.785714285714E-1,2.142857142857E-1,2.5E-1,2.857142857143E-1,
3.214285714286E-1,3.571428571429E-1,3.928571428571E-1,4.285714285714E-1,
4.642857142857E-1,5.E-1,5.357142857143E-1,5.714285714286E-1,6.071428571429E-1,
6.428571428571E-1,6.785714285714E-1,7.142857142857E-1,7.5E-1,7.857142857143E-1,
8.214285714286E-1,8.571428571429E-1,8.928571428571E-1,9.285714285714E-1,
9.642857142857E-1,1.E0),.UNSPECIFIED.);
#2435=EDGE_CURVE('',#2233,#2234,#5,.T.);
#2437=EDGE_CURVE('',#2233,#2182,#26,.T.);
#2439=EDGE_CURVE('',#2181,#2182,#36,.T.);
#2441=EDGE_CURVE('',#2234,#2181,#22,.T.);
#2452=EDGE_CURVE('',#2234,#2238,#13,.T.);
#2454=EDGE_CURVE('',#2237,#2238,#373,.T.);
#2456=EDGE_CURVE('',#2233,#2237,#9,.T.);
#2466=EDGE_CURVE('',#2234,#2233,#18,.T.);
#2469=EDGE_CURVE('',#2238,#2237,#378,.T.);
#2482=EDGE_CURVE('',#2181,#2182,#31,.T.);
#2497=EDGE_CURVE('',#2281,#2282,#41,.T.);
#2499=EDGE_CURVE('',#2282,#2281,#46,.T.);
#2509=EDGE_CURVE('',#2277,#2278,#60,.T.);
#2511=EDGE_CURVE('',#2278,#2282,#118,.T.);
#2514=EDGE_CURVE('',#2277,#2281,#50,.T.);
#2524=EDGE_CURVE('',#2356,#2357,#55,.T.);
#2526=EDGE_CURVE('',#2278,#2357,#114,.T.);
#2529=EDGE_CURVE('',#2277,#2356,#105,.T.);
#2540=EDGE_CURVE('',#2357,#2356,#101,.T.);
#2544=EDGE_CURVE('',#2353,#2425,#65,.T.);
#2546=EDGE_CURVE('',#2384,#2425,#69,.T.);
#2548=EDGE_CURVE('',#2386,#2384,#258,.T.);
#2550=EDGE_CURVE('',#2429,#2386,#73,.T.);
#2552=EDGE_CURVE('',#2429,#2351,#78,.T.);
#2554=EDGE_CURVE('',#2351,#2417,#83,.T.);
#2556=EDGE_CURVE('',#2417,#2387,#87,.T.);
#2558=EDGE_CURVE('',#2385,#2387,#322,.T.);
#2560=EDGE_CURVE('',#2385,#2421,#91,.T.);
#2562=EDGE_CURVE('',#2421,#2353,#96,.T.);
#2574=EDGE_CURVE('',#2278,#2277,#110,.T.);
#2597=EDGE_CURVE('',#2424,#2425,#122,.T.);
#2600=EDGE_CURVE('',#2353,#2349,#126,.T.);
#2602=EDGE_CURVE('',#2349,#2348,#175,.T.);
#2604=EDGE_CURVE('',#2351,#2348,#183,.T.);
#2607=EDGE_CURVE('',#2428,#2429,#130,.T.);
#2609=EDGE_CURVE('',#2424,#2428,#248,.T.);
#2619=EDGE_CURVE('',#2408,#2409,#151,.T.);
#2621=EDGE_CURVE('',#2375,#2408,#286,.T.);
#2623=EDGE_CURVE('',#2374,#2375,#134,.T.);
#2625=EDGE_CURVE('',#2384,#2374,#141,.T.);
#2629=EDGE_CURVE('',#2409,#2424,#147,.T.);
#2640=EDGE_CURVE('',#2413,#2409,#156,.T.);
#2642=EDGE_CURVE('',#2411,#2413,#160,.T.);
#2644=EDGE_CURVE('',#2411,#2408,#165,.T.);
#2654=EDGE_CURVE('',#2348,#2349,#170,.T.);
#2659=EDGE_CURVE('',#2401,#2405,#226,.T.);
#2661=EDGE_CURVE('',#2413,#2405,#312,.T.);
#2664=EDGE_CURVE('',#2401,#2409,#253,.T.);
#2674=EDGE_CURVE('',#2416,#2417,#179,.T.);
#2681=EDGE_CURVE('',#2420,#2421,#187,.T.);
#2683=EDGE_CURVE('',#2416,#2420,#317,.T.);
#2693=EDGE_CURVE('',#2403,#2405,#221,.T.);
#2695=EDGE_CURVE('',#2403,#2369,#191,.T.);
#2697=EDGE_CURVE('',#2371,#2369,#195,.T.);
#2699=EDGE_CURVE('',#2387,#2371,#202,.T.);
#2703=EDGE_CURVE('',#2405,#2416,#208,.T.);
#2713=EDGE_CURVE('',#2400,#2401,#212,.T.);
#2715=EDGE_CURVE('',#2400,#2403,#217,.T.);
#2728=EDGE_CURVE('',#2428,#2401,#232,.T.);
#2732=EDGE_CURVE('',#2366,#2386,#239,.T.);
#2734=EDGE_CURVE('',#2366,#2367,#243,.T.);
#2736=EDGE_CURVE('',#2400,#2367,#353,.T.);
#2758=EDGE_CURVE('',#2383,#2374,#277,.T.);
#2760=EDGE_CURVE('',#2366,#2383,#327,.T.);
#2774=EDGE_CURVE('',#2375,#2377,#282,.T.);
#2776=EDGE_CURVE('',#2379,#2377,#303,.T.);
#2778=EDGE_CURVE('',#2379,#2381,#263,.T.);
#2780=EDGE_CURVE('',#2381,#2361,#336,.T.);
#2782=EDGE_CURVE('',#2360,#2361,#268,.T.);
#2784=EDGE_CURVE('',#2383,#2360,#272,.T.);
#2796=EDGE_CURVE('',#2377,#2411,#307,.T.);
#2809=EDGE_CURVE('',#2420,#2413,#292,.T.);
#2813=EDGE_CURVE('',#2379,#2385,#299,.T.);
#2839=EDGE_CURVE('',#2381,#2371,#341,.T.);
#2854=EDGE_CURVE('',#2361,#2360,#332,.T.);
#2859=EDGE_CURVE('',#2369,#2367,#358,.T.);
#2870=EDGE_CURVE('',#2360,#2363,#345,.T.);
#2872=EDGE_CURVE('',#2361,#2363,#349,.T.);
#2905=EDGE_CURVE('',#2269,#2270,#363,.T.);
#2907=EDGE_CURVE('',#2270,#2269,#368,.T.);
#2922=EDGE_CURVE('',#2270,#2274,#386,.T.);
#2924=EDGE_CURVE('',#2273,#2274,#396,.T.);
#2926=EDGE_CURVE('',#2269,#2273,#382,.T.);
#2938=EDGE_CURVE('',#2274,#2273,#391,.T.);
#2950=EDGE_CURVE('',#2225,#2273,#404,.T.);
#2952=EDGE_CURVE('',#2225,#2221,#471,.T.);
#2954=EDGE_CURVE('',#2221,#2274,#400,.T.);
#2966=EDGE_CURVE('',#2221,#2225,#436,.T.);
#2977=EDGE_CURVE('',#2221,#2222,#466,.T.);
#2979=EDGE_CURVE('',#2249,#2222,#409,.T.);
#2981=EDGE_CURVE('',#2226,#2249,#431,.T.);
#2983=EDGE_CURVE('',#2225,#2226,#475,.T.);
#2994=EDGE_CURVE('',#2229,#2230,#441,.T.);
#2996=EDGE_CURVE('',#2230,#2252,#457,.T.);
#2998=EDGE_CURVE('',#2222,#2252,#462,.T.);
#3003=EDGE_CURVE('',#2229,#2226,#506,.T.);
#3014=EDGE_CURVE('',#2229,#2190,#538,.T.);
#3016=EDGE_CURVE('',#2189,#2190,#734,.T.);
#3018=EDGE_CURVE('',#2230,#2189,#559,.T.);
#3103=EDGE_CURVE('',#2246,#2249,#634,.T.);
#3105=EDGE_CURVE('',#2246,#2190,#638,.T.);
#3253=EDGE_CURVE('',#2245,#2252,#722,.T.);
#3255=EDGE_CURVE('',#2245,#2246,#726,.T.);
#3403=EDGE_CURVE('',#2189,#2205,#802,.T.);
#3405=EDGE_CURVE('',#2205,#2193,#2010,.T.);
#3407=EDGE_CURVE('',#2193,#2245,#730,.T.);
#3420=EDGE_CURVE('',#2206,#2190,#766,.T.);
#3422=EDGE_CURVE('',#2205,#2206,#770,.T.);
#3697=EDGE_CURVE('',#2202,#2214,#1033,.T.);
#3699=EDGE_CURVE('',#2214,#2198,#2142,.T.);
#3701=EDGE_CURVE('',#2198,#2210,#2106,.T.);
#3703=EDGE_CURVE('',#2210,#2194,#1942,.T.);
#3705=EDGE_CURVE('',#2194,#2206,#2042,.T.);
#3709=EDGE_CURVE('',#2242,#2246,#965,.T.);
#3711=EDGE_CURVE('',#2242,#2202,#969,.T.);
#3721=EDGE_CURVE('',#2201,#2202,#1037,.T.);
#3723=EDGE_CURVE('',#2213,#2201,#1001,.T.);
#3725=EDGE_CURVE('',#2213,#2214,#2146,.T.);
#3737=EDGE_CURVE('',#2218,#2202,#1069,.T.);
#3739=EDGE_CURVE('',#2217,#2218,#1073,.T.);
#3741=EDGE_CURVE('',#2201,#2217,#1105,.T.);
#3887=EDGE_CURVE('',#2218,#2345,#1229,.T.);
#3891=EDGE_CURVE('',#2254,#2242,#1185,.T.);
#3893=EDGE_CURVE('',#2254,#2345,#1349,.T.);
#3904=EDGE_CURVE('',#2345,#2250,#1234,.T.);
#3906=EDGE_CURVE('',#2247,#2250,#1262,.T.);
#3908=EDGE_CURVE('',#2217,#2247,#1294,.T.);
#3919=EDGE_CURVE('',#2344,#2253,#1312,.T.);
#3921=EDGE_CURVE('',#2341,#2344,#1316,.T.);
#3923=EDGE_CURVE('',#2341,#2342,#1321,.T.);
#3925=EDGE_CURVE('',#2342,#2343,#1325,.T.);
#3927=EDGE_CURVE('',#2250,#2343,#1333,.T.);
#3931=EDGE_CURVE('',#2253,#2254,#1354,.T.);
#4015=EDGE_CURVE('',#2343,#2344,#1385,.T.);
#4018=EDGE_CURVE('',#2253,#2241,#1735,.T.);
#4020=EDGE_CURVE('',#2247,#2241,#1906,.T.);
#4032=EDGE_CURVE('',#2342,#2341,#1390,.T.);
#4044=EDGE_CURVE('',#2186,#2342,#1394,.T.);
#4046=EDGE_CURVE('',#2185,#2186,#1399,.T.);
#4048=EDGE_CURVE('',#2185,#2341,#1403,.T.);
#4060=EDGE_CURVE('',#2185,#2186,#1408,.T.);
#4071=EDGE_CURVE('',#2329,#2330,#1412,.T.);
#4073=EDGE_CURVE('',#2332,#2330,#1417,.T.);
#4075=EDGE_CURVE('',#2332,#2334,#1421,.T.);
#4077=EDGE_CURVE('',#2329,#2334,#1426,.T.);
#4091=EDGE_CURVE('',#2325,#2326,#1447,.T.);
#4093=EDGE_CURVE('',#2330,#2326,#1500,.T.);
#4096=EDGE_CURVE('',#2329,#2325,#1430,.T.);
#4106=EDGE_CURVE('',#2296,#2258,#1434,.T.);
#4108=EDGE_CURVE('',#2257,#2258,#1631,.T.);
#4110=EDGE_CURVE('',#2257,#2302,#1438,.T.);
#4112=EDGE_CURVE('',#2302,#2326,#1443,.T.);
#4115=EDGE_CURVE('',#2325,#2300,#1452,.T.);
#4117=EDGE_CURVE('',#2300,#2262,#1456,.T.);
#4119=EDGE_CURVE('',#2261,#2262,#1568,.T.);
#4121=EDGE_CURVE('',#2261,#2298,#1460,.T.);
#4123=EDGE_CURVE('',#2298,#2305,#1465,.T.);
#4125=EDGE_CURVE('',#2305,#2306,#1469,.T.);
#4127=EDGE_CURVE('',#2306,#2296,#1474,.T.);
#4131=EDGE_CURVE('',#2396,#2397,#1479,.T.);
#4133=EDGE_CURVE('',#2397,#2396,#1484,.T.);
#4144=EDGE_CURVE('',#2312,#2296,#1488,.T.);
#4146=EDGE_CURVE('',#2312,#2290,#1492,.T.);
#4148=EDGE_CURVE('',#2258,#2290,#1496,.T.);
#4159=EDGE_CURVE('',#2321,#2306,#1512,.T.);
#4161=EDGE_CURVE('',#2317,#2321,#1543,.T.);
#4163=EDGE_CURVE('',#2336,#2317,#1538,.T.);
#4165=EDGE_CURVE('',#2332,#2336,#1520,.T.);
#4170=EDGE_CURVE('',#2292,#2302,#1602,.T.);
#4172=EDGE_CURVE('',#2314,#2292,#1619,.T.);
#4174=EDGE_CURVE('',#2312,#2314,#1636,.T.);
#4186=EDGE_CURVE('',#2322,#2305,#1504,.T.);
#4188=EDGE_CURVE('',#2321,#2322,#1508,.T.);
#4202=EDGE_CURVE('',#2334,#2338,#1516,.T.);
#4204=EDGE_CURVE('',#2318,#2338,#1529,.T.);
#4206=EDGE_CURVE('',#2322,#2318,#1548,.T.);
#4210=EDGE_CURVE('',#2308,#2298,#1556,.T.);
#4212=EDGE_CURVE('',#2310,#2308,#1573,.T.);
#4214=EDGE_CURVE('',#2294,#2310,#1582,.T.);
#4216=EDGE_CURVE('',#2294,#2300,#1598,.T.);
#4228=EDGE_CURVE('',#2336,#2338,#1533,.T.);
#4239=EDGE_CURVE('',#2317,#2318,#1524,.T.);
#4265=EDGE_CURVE('',#2261,#2285,#1564,.T.);
#4267=EDGE_CURVE('',#2285,#2308,#1552,.T.);
#4278=EDGE_CURVE('',#2285,#2286,#1560,.T.);
#4282=EDGE_CURVE('',#2262,#2266,#1594,.T.);
#4284=EDGE_CURVE('',#2286,#2266,#1590,.T.);
#4296=EDGE_CURVE('',#2286,#2310,#1586,.T.);
#4307=EDGE_CURVE('',#2266,#2294,#1577,.T.);
#4332=EDGE_CURVE('',#2292,#2264,#1606,.T.);
#4336=EDGE_CURVE('',#2257,#2264,#1627,.T.);
#4347=EDGE_CURVE('',#2264,#2289,#1610,.T.);
#4349=EDGE_CURVE('',#2314,#2289,#1614,.T.);
#4360=EDGE_CURVE('',#2289,#2290,#1623,.T.);
#4387=EDGE_CURVE('',#2391,#2396,#1654,.T.);
#4389=EDGE_CURVE('',#2391,#2390,#1641,.T.);
#4391=EDGE_CURVE('',#2390,#2397,#1645,.T.);
#4403=EDGE_CURVE('',#2390,#2391,#1650,.T.);
#4415=EDGE_CURVE('',#2393,#2390,#1659,.T.);
#4417=EDGE_CURVE('',#2393,#2391,#1664,.T.);
#4577=EDGE_CURVE('',#2241,#2242,#1739,.T.);
#4854=EDGE_CURVE('',#2241,#2245,#1902,.T.);
#5134=EDGE_CURVE('',#2193,#2209,#1978,.T.);
#5136=EDGE_CURVE('',#2209,#2197,#2074,.T.);
#5138=EDGE_CURVE('',#2197,#2213,#2178,.T.);
#5148=EDGE_CURVE('',#2193,#2194,#1910,.T.);
#5151=EDGE_CURVE('',#2209,#2210,#1946,.T.);
#5174=EDGE_CURVE('',#2197,#2198,#2110,.T.);
#5197=(LENGTH_UNIT()NAMED_UNIT(*)SI_UNIT(.MILLI.,.METRE.));
#5201=(NAMED_UNIT(*)PLANE_ANGLE_UNIT()SI_UNIT($,.RADIAN.));
#5204=(NAMED_UNIT(*)SI_UNIT($,.STERADIAN.)SOLID_ANGLE_UNIT());
#5207=ADVANCED_BREP_SHAPE_REPRESENTATION('',(#5195),#5206);
#5214=PRODUCT_DEFINITION('design','',#5213,#5210);
#5215=PRODUCT_DEFINITION_SHAPE('','SHAPE FOR 901-10511-2_SW0001.',#5214);
#5216=SHAPE_DEFINITION_REPRESENTATION(#5215,#5207);
ENDSEC;
END-ISO-10303-21;
